id_tx,id_cliente,id_ciudad,categoria,monto,fecha
1,726,2,mercado,56.2,2025-08-10
2,157,2,hogar,72.73,2025-06-21
3,41,1,electronica,89.46,2025-06-15
4,544,3,electronica,64.41,2025-05-27
5,480,1,electronica,220.36,2025-06-24
6,259,1,deportes,22.59,2025-01-06
7,412,5,mercado,68.6,2025-03-05
8,60,1,electronica,209.38,2025-12-04
9,294,1,ropa,13.65,2025-02-27
10,125,3,electronica,616.55,2025-02-20
11,229,4,deportes,34.11,2025-09-28
12,257,5,electronica,1681.6,2025-04-22
13,624,3,mercado,27.01,2025-11-01
14,591,2,ropa,46.44,2025-08-13
15,690,2,hogar,577.76,2025-05-25
16,39,1,electronica,76.67,2025-12-07
17,532,4,ropa,105.17,2025-03-22
18,620,2,electronica,340.79,2025-12-18
19,432,7,ropa,16.97,2025-06-16
20,80,2,ropa,7.94,2025-05-13
21,539,3,mercado,20.4,2025-04-18
22,403,2,ropa,40.34,2025-10-18
23,128,1,electronica,17.61,2025-05-05
24,27,2,juguetes,118.98,2025-07-25
25,722,2,hogar,765.29,2025-01-27
26,741,2,juguetes,52.43,2025-03-20
27,102,2,libros,24.5,2025-04-04
28,313,1,hogar,9.91,2025-01-23
29,248,1,electronica,259.88,2025-12-06
30,215,1,electronica,25.05,2025-04-20
31,689,2,juguetes,13.71,2025-07-06
32,393,3,mercado,56.09,2025-08-05
33,600,2,deportes,28.97,2025-06-22
34,130,2,deportes,71.09,2025-11-15
35,139,4,electronica,524.88,2025-04-13
36,406,3,electronica,88.1,2025-09-21
37,793,1,electronica,918.59,2025-09-18
38,635,4,mercado,17.76,2025-05-12
39,531,2,electronica,143.66,2025-11-03
40,139,2,libros,47.2,2025-04-18
41,750,3,mercado,29.92,2025-07-01
42,250,1,deportes,98.27,2025-07-09
43,64,1,deportes,77.81,2025-02-23
44,337,4,electronica,346.45,2025-04-06
45,187,2,mercado,22.74,2025-02-06
46,147,1,mercado,22.24,2025-07-04
47,6,4,electronica,159.28,2025-05-11
48,409,1,electronica,179.56,2025-11-09
49,613,2,mercado,45.18,2025-11-07
50,377,1,ropa,245.77,2025-11-10
51,258,2,ropa,9.46,2025-06-22
52,395,4,libros,41.97,2025-12-11
53,479,2,mercado,35.23,2025-02-22
54,263,1,electronica,208.53,2025-07-26
55,797,3,electronica,210.15,2025-06-06
56,190,3,electronica,97.12,2025-09-19
57,119,1,mercado,7.68,2025-05-14
58,392,3,mercado,6.88,2025-12-25
59,491,1,electronica,173.98,2025-11-01
60,339,2,electronica,159.21,2025-03-23
61,92,1,hogar,28.68,2025-01-25
62,735,4,mercado,22.29,2025-11-16
63,236,5,mercado,25.32,2025-08-26
64,410,1,ropa,9.2,2025-12-26
65,716,1,deportes,177.1,2025-09-02
66,341,3,hogar,69.95,2025-12-02
67,665,1,juguetes,132.7,2025-12-11
68,610,1,juguetes,49.65,2025-02-24
69,521,3,mercado,52.46,2025-11-16
70,455,1,ropa,47.5,2025-12-26
71,776,1,ropa,10.87,2025-07-21
72,94,1,mercado,77.62,2025-09-03
73,314,7,electronica,48.96,2025-02-27
74,77,1,ropa,31.52,2025-02-12
75,730,1,mercado,91.61,2025-06-27
76,67,2,electronica,307.49,2025-05-13
77,790,3,libros,126.21,2025-03-10
78,459,1,hogar,258.33,2025-09-21
79,256,1,electronica,193.44,2025-06-28
80,73,1,hogar,109.82,2025-12-09
81,675,1,ropa,32.89,2025-01-22
82,526,1,mercado,21.79,2025-10-02
83,484,4,electronica,32.24,2025-07-07
84,108,2,ropa,44.05,2025-07-18
85,154,1,mercado,64.28,2025-11-28
86,677,2,libros,11.64,2025-04-16
87,516,7,hogar,9.21,2025-06-02
88,60,2,hogar,355.86,2025-09-24
89,340,1,mercado,174.1,2025-03-03
90,153,7,ropa,153.8,2025-06-08
91,727,3,mercado,7.68,2025-08-05
92,99,2,ropa,271.39,2025-04-12
93,51,2,mercado,104.29,2025-10-14
94,88,2,ropa,166.4,2025-06-25
95,208,3,hogar,48.94,2025-01-18
96,408,3,mercado,148.68,2025-06-20
97,6,6,electronica,35.73,2025-04-09
98,296,1,electronica,145.27,2025-05-13
99,542,2,ropa,11.33,2025-06-10
100,266,3,hogar,57.99,2025-08-28
101,626,2,electronica,168.63,2025-06-23
102,314,1,hogar,89.53,2025-05-04
103,257,1,electronica,611.31,2025-01-13
104,38,2,electronica,31.01,2025-10-02
105,476,2,electronica,157.71,2025-04-25
106,738,2,deportes,112.51,2025-01-02
107,136,2,electronica,37.72,2025-11-20
108,509,1,hogar,200.06,2025-11-07
109,49,2,electronica,46.87,2025-07-25
110,659,2,mercado,15.47,2025-12-18
111,42,1,hogar,89.66,2025-03-24
112,321,1,mercado,10.78,2025-03-05
113,611,1,ropa,35.69,2025-06-12
114,247,5,ropa,67.4,2025-02-09
115,338,1,ropa,91.82,2025-03-12
116,491,1,electronica,150.18,2025-05-15
117,412,2,electronica,974.91,2025-07-13
118,338,2,electronica,20.05,2025-02-04
119,506,4,libros,77.12,2025-07-23
120,454,2,ropa,118.32,2025-01-02
121,532,2,hogar,99.06,2025-06-03
122,172,2,ropa,112.61,2025-11-02
123,668,1,mercado,196.95,2025-03-21
124,289,2,electronica,393.99,2025-05-12
125,783,7,ropa,29.22,2025-11-07
126,514,1,hogar,56.28,2025-04-20
127,622,1,electronica,161.57,2025-04-27
128,147,2,libros,6.25,2025-12-10
129,716,2,ropa,92.49,2025-01-04
130,788,2,deportes,49.36,2025-02-24
131,127,2,electronica,583.9,2025-09-23
132,516,2,mercado,49.63,2025-07-19
133,769,1,electronica,101.59,2025-12-26
134,188,2,hogar,180.33,2025-05-02
135,506,1,libros,61.62,2025-01-11
136,479,2,mercado,58.51,2025-08-20
137,348,1,mercado,62.83,2025-12-13
138,14,2,ropa,73.09,2025-01-08
139,582,3,ropa,66.03,2025-05-11
140,731,2,mercado,58.28,2025-11-23
141,583,3,libros,48.04,2025-07-07
142,652,2,mercado,11.97,2025-09-28
143,408,2,ropa,192.31,2025-06-07
144,584,5,libros,115.56,2025-07-07
145,605,6,deportes,164.44,2025-10-08
146,47,2,deportes,40.89,2025-12-11
147,697,3,ropa,8.7,2025-02-16
148,631,1,electronica,45.03,2025-04-02
149,643,2,electronica,903.11,2025-12-03
150,165,2,electronica,726.15,2025-10-08
151,350,6,mercado,79.37,2025-05-11
152,93,1,electronica,280.08,2025-11-16
153,298,4,libros,39.07,2025-02-21
154,518,1,ropa,64.0,2025-05-15
155,332,3,electronica,139.16,2025-04-11
156,84,4,libros,74.5,2025-10-22
157,654,1,electronica,693.63,2025-08-28
158,726,4,ropa,157.47,2025-01-15
159,253,1,libros,95.96,2025-01-15
160,619,1,hogar,124.67,2025-06-25
161,165,2,deportes,46.22,2025-11-06
162,414,1,mercado,60.68,2025-04-08
163,7,2,electronica,37.35,2025-04-11
164,604,2,hogar,49.72,2025-02-01
165,117,2,electronica,87.43,2025-03-28
166,603,2,hogar,59.54,2025-05-24
167,546,2,deportes,64.79,2025-11-21
168,384,1,mercado,98.98,2025-11-23
169,584,2,mercado,20.48,2025-01-14
170,69,1,electronica,56.15,2025-06-25
171,620,7,hogar,97.63,2025-08-24
172,664,4,juguetes,10.03,2025-09-23
173,240,5,mercado,6.68,2025-04-28
174,121,2,mercado,42.44,2025-08-24
175,207,1,ropa,93.49,2025-10-11
176,54,3,hogar,73.33,2025-02-12
177,135,3,electronica,93.51,2025-07-09
178,588,2,hogar,255.62,2025-12-06
179,348,2,electronica,446.69,2025-04-18
180,755,2,libros,32.75,2025-03-13
181,348,6,electronica,443.63,2025-11-12
182,246,1,electronica,503.42,2025-11-12
183,263,1,electronica,526.47,2025-08-09
184,348,1,deportes,73.65,2025-03-08
185,106,4,ropa,25.14,2025-06-16
186,644,6,mercado,40.44,2025-09-24
187,423,3,libros,150.03,2025-11-11
188,479,6,mercado,7.74,2025-12-04
189,103,5,electronica,183.31,2025-07-18
190,783,1,deportes,96.45,2025-04-01
191,345,2,libros,27.45,2025-11-06
192,659,2,mercado,22.3,2025-11-09
193,587,4,mercado,11.33,2025-05-11
194,195,2,mercado,5.09,2025-05-20
195,539,2,ropa,21.83,2025-11-22
196,398,1,ropa,60.94,2025-06-26
197,88,4,mercado,51.99,2025-12-08
198,440,2,hogar,24.0,2025-12-07
199,243,2,juguetes,45.64,2025-08-08
200,396,5,hogar,198.67,2025-03-17
201,17,2,juguetes,38.36,2025-11-27
202,13,2,deportes,484.93,2025-03-28
203,199,3,ropa,94.89,2025-12-08
204,515,2,electronica,49.08,2025-02-02
205,9,7,hogar,147.12,2025-02-08
206,584,1,ropa,50.54,2025-06-16
207,714,2,electronica,472.82,2025-01-05
208,496,1,electronica,107.07,2025-09-13
209,110,2,hogar,8.58,2025-10-26
210,474,4,mercado,8.42,2025-03-08
211,394,2,electronica,181.69,2025-10-25
212,255,2,mercado,34.51,2025-07-10
213,365,1,electronica,32.25,2025-05-28
214,636,1,electronica,1091.83,2025-10-08
215,306,3,electronica,1235.12,2025-06-20
216,358,2,electronica,56.84,2025-08-09
217,606,1,ropa,5.67,2025-07-14
218,495,1,ropa,45.81,2025-06-07
219,670,1,mercado,82.24,2025-01-12
220,353,3,hogar,19.24,2025-06-02
221,329,4,deportes,195.57,2025-08-24
222,621,4,ropa,82.46,2025-06-16
223,296,4,mercado,123.8,2025-02-03
224,57,2,mercado,54.4,2025-02-11
225,70,6,electronica,224.55,2025-08-18
226,1,2,electronica,171.16,2025-03-18
227,437,4,electronica,393.96,2025-01-03
228,549,3,mercado,9.26,2025-05-08
229,451,3,hogar,137.72,2025-10-16
230,367,5,hogar,159.19,2025-09-03
231,573,1,hogar,328.69,2025-09-16
232,68,1,libros,11.64,2025-07-15
233,504,6,mercado,23.74,2025-11-16
234,480,1,mercado,7.02,2025-05-25
235,36,3,ropa,62.48,2025-07-19
236,507,2,mercado,75.4,2025-10-28
237,504,2,mercado,30.97,2025-08-04
238,236,2,deportes,36.38,2025-04-26
239,271,2,mercado,69.64,2025-03-08
240,414,2,ropa,94.29,2025-07-07
241,780,5,electronica,54.62,2025-08-12
242,310,3,deportes,87.0,2025-02-16
243,131,2,hogar,130.8,2025-04-25
244,692,2,ropa,155.82,2025-03-04
245,745,1,mercado,61.11,2025-11-03
246,535,3,mercado,39.11,2025-09-07
247,418,2,hogar,97.21,2025-07-24
248,697,2,electronica,115.84,2025-08-17
249,36,1,juguetes,19.87,2025-11-22
250,615,5,ropa,27.61,2025-01-07
251,250,5,ropa,27.43,2025-04-16
252,429,3,ropa,39.78,2025-10-23
253,800,3,mercado,52.47,2025-07-08
254,780,7,libros,44.35,2025-07-17
255,654,4,deportes,40.51,2025-02-13
256,495,2,libros,28.94,2025-08-23
257,128,5,hogar,163.41,2025-06-25
258,96,1,mercado,29.32,2025-03-16
259,191,2,mercado,19.73,2025-10-14
260,280,7,libros,70.8,2025-05-22
261,259,2,electronica,245.38,2025-10-23
262,276,2,deportes,81.57,2025-01-20
263,109,2,mercado,5.21,2025-08-22
264,157,6,deportes,87.04,2025-12-23
265,647,2,mercado,52.34,2025-03-11
266,775,2,mercado,16.65,2025-01-11
267,29,5,electronica,607.81,2025-10-16
268,609,2,hogar,63.04,2025-09-12
269,159,1,electronica,522.9,2025-06-01
270,281,4,electronica,319.14,2025-05-02
271,188,1,ropa,69.67,2025-02-26
272,95,3,electronica,187.53,2025-10-06
273,640,2,juguetes,54.91,2025-07-22
274,140,3,electronica,173.64,2025-11-01
275,456,6,libros,186.1,2025-01-03
276,270,2,hogar,5.12,2025-09-21
277,315,1,electronica,428.02,2025-06-13
278,489,1,electronica,40.49,2025-12-25
279,529,1,ropa,110.44,2025-01-24
280,656,4,mercado,14.18,2025-07-15
281,78,1,juguetes,10.42,2025-11-06
282,527,3,mercado,18.91,2025-01-20
283,263,1,deportes,76.1,2025-02-02
284,177,2,electronica,25.6,2025-11-13
285,240,2,deportes,123.91,2025-12-25
286,538,1,mercado,28.49,2025-12-17
287,16,2,hogar,125.72,2025-01-05
288,262,3,ropa,99.18,2025-08-19
289,348,5,electronica,121.13,2025-06-08
290,639,2,ropa,87.3,2025-03-17
291,763,2,ropa,11.33,2025-01-21
292,636,1,electronica,65.67,2025-01-08
293,373,2,mercado,25.99,2025-01-16
294,395,2,libros,38.73,2025-03-03
295,691,2,deportes,41.3,2025-02-26
296,225,1,hogar,291.0,2025-07-02
297,186,3,electronica,125.38,2025-10-15
298,385,1,ropa,29.79,2025-07-01
299,406,4,electronica,79.07,2025-11-05
300,246,7,electronica,213.67,2025-04-20
301,107,5,electronica,295.63,2025-11-06
302,391,4,ropa,49.37,2025-07-22
303,798,2,mercado,24.25,2025-09-01
304,593,3,electronica,816.36,2025-06-08
305,659,1,deportes,92.26,2025-01-08
306,212,6,electronica,113.07,2025-01-04
307,647,1,mercado,19.39,2025-10-25
308,523,7,hogar,60.12,2025-08-19
309,526,3,libros,19.12,2025-12-11
310,536,2,mercado,55.45,2025-11-10
311,526,1,electronica,286.95,2025-03-05
312,239,2,ropa,59.97,2025-03-17
313,52,1,electronica,347.6,2025-12-13
314,193,2,hogar,313.83,2025-12-17
315,407,1,electronica,272.57,2025-07-11
316,614,1,electronica,224.69,2025-08-06
317,728,4,juguetes,20.26,2025-08-22
318,747,1,ropa,26.49,2025-05-20
319,33,1,electronica,207.14,2025-03-17
320,693,2,hogar,47.65,2025-12-24
321,602,2,hogar,89.7,2025-04-15
322,587,2,hogar,45.34,2025-10-13
323,164,1,libros,9.83,2025-03-24
324,639,2,electronica,156.89,2025-10-16
325,30,2,mercado,21.28,2025-11-05
326,1,6,ropa,242.39,2025-03-02
327,794,3,libros,30.89,2025-09-19
328,611,1,electronica,172.06,2025-09-14
329,107,2,juguetes,23.51,2025-11-27
330,771,5,electronica,468.07,2025-06-19
331,62,2,ropa,12.62,2025-02-18
332,157,1,ropa,36.5,2025-12-07
333,233,6,ropa,33.81,2025-09-07
334,593,2,hogar,27.99,2025-02-20
335,519,7,mercado,71.78,2025-07-27
336,125,1,hogar,104.03,2025-05-08
337,557,5,juguetes,61.98,2025-07-02
338,15,2,libros,28.2,2025-02-23
339,409,1,libros,50.3,2025-05-19
340,661,1,ropa,67.25,2025-04-05
341,488,1,mercado,50.66,2025-04-07
342,728,2,deportes,171.78,2025-06-24
343,292,4,electronica,42.16,2025-03-13
344,308,2,hogar,126.77,2025-08-24
345,31,5,juguetes,8.32,2025-11-13
346,164,1,libros,67.07,2025-01-08
347,129,7,mercado,134.12,2025-10-24
348,454,1,ropa,237.59,2025-02-23
349,360,2,hogar,56.93,2025-09-17
350,705,2,electronica,323.69,2025-11-03
351,74,2,juguetes,41.06,2025-09-10
352,394,3,libros,83.41,2025-01-04
353,439,1,mercado,75.27,2025-07-03
354,70,2,electronica,115.21,2025-06-13
355,653,4,hogar,18.16,2025-05-14
356,642,2,hogar,141.27,2025-11-18
357,654,3,mercado,54.88,2025-03-03
358,681,3,electronica,202.36,2025-11-27
359,176,5,libros,20.68,2025-05-06
360,136,3,libros,48.14,2025-02-09
361,122,2,mercado,62.41,2025-10-05
362,320,1,libros,105.99,2025-03-14
363,466,1,libros,89.93,2025-06-10
364,737,2,hogar,52.74,2025-10-17
365,20,2,deportes,159.19,2025-02-13
366,29,1,mercado,78.26,2025-08-10
367,53,1,deportes,201.74,2025-03-03
368,575,1,mercado,98.34,2025-07-12
369,115,1,hogar,14.59,2025-07-01
370,585,7,deportes,211.8,2025-09-24
371,522,3,deportes,94.72,2025-07-18
372,267,7,mercado,68.46,2025-08-04
373,91,4,deportes,321.34,2025-02-03
374,344,2,mercado,122.28,2025-12-28
375,658,4,mercado,45.92,2025-12-24
376,263,2,electronica,250.27,2025-04-14
377,568,2,libros,99.78,2025-10-01
378,275,1,libros,46.05,2025-03-14
379,780,1,hogar,456.22,2025-08-25
380,584,2,ropa,8.29,2025-01-01
381,301,2,mercado,90.39,2025-02-04
382,35,2,mercado,15.26,2025-04-09
383,711,2,juguetes,86.54,2025-11-04
384,782,3,ropa,13.02,2025-11-05
385,555,1,libros,13.98,2025-02-02
386,798,1,ropa,40.53,2025-10-09
387,447,3,mercado,165.9,2025-11-24
388,626,5,hogar,56.49,2025-05-06
389,647,3,libros,36.27,2025-01-09
390,776,3,mercado,161.28,2025-05-23
391,352,1,ropa,84.29,2025-08-06
392,310,7,electronica,130.11,2025-06-03
393,746,2,ropa,60.76,2025-09-28
394,576,3,hogar,114.26,2025-04-15
395,106,2,electronica,321.71,2025-02-07
396,114,3,libros,39.32,2025-06-18
397,240,2,mercado,16.91,2025-09-09
398,255,1,electronica,216.12,2025-06-14
399,780,3,hogar,24.04,2025-07-01
400,10,1,ropa,341.3,2025-12-07
401,401,3,electronica,180.0,2025-02-15
402,573,2,mercado,55.64,2025-09-13
403,177,2,electronica,8.83,2025-10-09
404,498,2,mercado,65.18,2025-08-27
405,123,2,juguetes,86.2,2025-02-13
406,578,7,deportes,65.31,2025-07-27
407,75,4,ropa,92.28,2025-06-26
408,141,2,deportes,101.47,2025-02-06
409,355,1,electronica,350.02,2025-11-04
410,738,1,libros,92.63,2025-08-24
411,244,3,deportes,22.16,2025-03-04
412,393,2,mercado,10.22,2025-05-24
413,260,6,hogar,77.32,2025-10-14
414,506,3,electronica,42.03,2025-12-23
415,439,3,hogar,91.31,2025-04-19
416,127,2,ropa,44.42,2025-04-06
417,32,1,electronica,105.89,2025-12-12
418,169,3,electronica,301.81,2025-06-23
419,299,2,deportes,100.26,2025-09-19
420,339,1,electronica,229.93,2025-07-15
421,538,7,mercado,26.57,2025-07-27
422,518,2,mercado,42.81,2025-06-25
423,185,2,electronica,726.61,2025-12-10
424,147,1,ropa,60.31,2025-08-28
425,619,1,ropa,78.42,2025-10-17
426,94,2,deportes,43.81,2025-05-07
427,214,2,ropa,79.56,2025-04-12
428,580,2,mercado,379.06,2025-05-19
429,470,6,electronica,197.74,2025-11-19
430,227,4,ropa,22.57,2025-08-05
431,46,2,mercado,60.41,2025-05-01
432,729,3,hogar,13.49,2025-07-12
433,365,3,juguetes,27.96,2025-03-21
434,740,2,mercado,141.59,2025-09-08
435,230,2,deportes,263.66,2025-05-19
436,686,5,juguetes,279.58,2025-09-03
437,166,1,electronica,1064.06,2025-08-14
438,481,2,ropa,89.74,2025-01-08
439,596,2,ropa,73.03,2025-06-28
440,695,2,electronica,314.48,2025-07-16
441,782,3,electronica,208.36,2025-01-20
442,158,1,ropa,64.36,2025-01-02
443,321,5,electronica,201.0,2025-08-17
444,529,2,deportes,48.47,2025-04-15
445,265,1,ropa,155.17,2025-07-21
446,88,5,hogar,25.16,2025-12-24
447,618,4,ropa,59.41,2025-08-13
448,536,1,ropa,75.02,2025-10-01
449,706,1,electronica,117.46,2025-03-05
450,441,2,juguetes,34.73,2025-10-19
451,136,3,hogar,303.14,2025-12-06
452,293,1,mercado,12.92,2025-01-06
453,115,2,ropa,169.47,2025-10-01
454,295,2,libros,44.26,2025-09-20
455,61,1,ropa,48.12,2025-06-19
456,144,3,electronica,48.93,2025-03-20
457,697,2,hogar,298.0,2025-06-22
458,211,1,mercado,11.81,2025-05-23
459,450,1,electronica,54.51,2025-08-15
460,453,1,mercado,50.3,2025-04-21
461,23,1,hogar,25.5,2025-06-13
462,594,2,libros,47.0,2025-12-02
463,126,1,ropa,104.34,2025-03-09
464,330,2,electronica,145.79,2025-03-22
465,281,1,mercado,60.8,2025-02-05
466,94,2,mercado,24.6,2025-02-06
467,307,1,hogar,116.55,2025-07-25
468,162,3,electronica,70.15,2025-07-27
469,630,1,electronica,574.56,2025-12-08
470,759,7,mercado,185.98,2025-07-19
471,329,1,deportes,27.7,2025-03-07
472,692,3,electronica,253.0,2025-04-23
473,320,3,electronica,94.79,2025-05-24
474,472,2,deportes,41.12,2025-10-16
475,574,1,ropa,37.2,2025-08-02
476,496,3,electronica,45.22,2025-08-03
477,347,2,deportes,94.59,2025-04-11
478,518,2,electronica,172.14,2025-02-02
479,211,6,mercado,50.92,2025-04-26
480,167,1,ropa,175.66,2025-02-24
481,753,3,hogar,23.26,2025-12-07
482,445,2,mercado,61.79,2025-04-22
483,749,1,mercado,10.24,2025-10-23
484,669,2,mercado,31.31,2025-11-24
485,363,3,electronica,286.36,2025-03-19
486,402,3,juguetes,57.2,2025-08-10
487,390,1,electronica,49.09,2025-07-11
488,537,2,hogar,209.05,2025-09-16
489,670,2,libros,41.6,2025-06-21
490,469,1,deportes,93.77,2025-07-03
491,97,2,libros,69.13,2025-03-11
492,34,5,hogar,148.32,2025-02-25
493,387,3,electronica,184.49,2025-02-26
494,512,2,deportes,50.77,2025-02-19
495,562,2,hogar,62.08,2025-12-12
496,616,6,mercado,44.51,2025-10-06
497,185,2,hogar,46.83,2025-05-14
498,750,4,hogar,146.14,2025-06-02
499,333,7,ropa,125.69,2025-09-17
500,10,2,electronica,31.47,2025-02-24
501,270,6,mercado,88.96,2025-03-19
502,286,5,electronica,43.9,2025-11-27
503,211,2,ropa,271.48,2025-05-28
504,645,1,mercado,32.7,2025-08-19
505,125,2,ropa,44.09,2025-01-15
506,631,1,ropa,128.59,2025-04-17
507,315,2,electronica,131.01,2025-09-24
508,94,2,ropa,52.36,2025-10-08
509,216,6,electronica,115.81,2025-03-21
510,695,4,libros,9.4,2025-07-19
511,633,2,electronica,206.12,2025-07-21
512,610,2,electronica,79.56,2025-07-13
513,67,6,electronica,129.92,2025-10-23
514,654,1,mercado,31.68,2025-12-27
515,507,2,libros,68.64,2025-02-24
516,538,7,mercado,107.72,2025-08-28
517,709,2,electronica,445.54,2025-06-17
518,723,2,ropa,156.38,2025-05-11
519,403,1,ropa,74.16,2025-05-07
520,293,2,ropa,51.75,2025-04-13
521,361,6,libros,143.63,2025-01-25
522,334,3,mercado,26.15,2025-10-23
523,289,2,electronica,116.86,2025-10-02
524,540,3,ropa,19.87,2025-08-03
525,297,3,ropa,29.9,2025-03-16
526,225,1,juguetes,39.34,2025-04-27
527,694,1,juguetes,51.52,2025-08-15
528,795,1,ropa,7.2,2025-12-14
529,204,1,mercado,139.56,2025-06-05
530,312,6,ropa,177.67,2025-11-05
531,796,2,libros,53.62,2025-01-28
532,256,3,electronica,157.96,2025-05-11
533,91,2,hogar,146.2,2025-11-26
534,751,2,mercado,7.31,2025-12-07
535,89,3,electronica,673.65,2025-09-13
536,422,2,ropa,98.42,2025-01-19
537,555,1,hogar,76.6,2025-05-07
538,111,2,ropa,166.45,2025-01-07
539,222,1,electronica,1543.14,2025-02-05
540,291,1,mercado,51.91,2025-03-20
541,748,1,electronica,111.06,2025-05-03
542,790,2,electronica,156.69,2025-09-20
543,126,3,electronica,474.07,2025-11-04
544,122,2,electronica,238.13,2025-08-17
545,327,6,hogar,71.32,2025-05-15
546,472,2,mercado,34.09,2025-10-12
547,280,3,juguetes,129.57,2025-11-04
548,502,7,electronica,177.27,2025-02-22
549,790,3,ropa,66.68,2025-06-28
550,508,7,libros,98.77,2025-07-04
551,367,1,ropa,5.44,2025-06-26
552,189,1,libros,141.47,2025-09-16
553,135,2,mercado,152.94,2025-06-19
554,389,3,mercado,112.42,2025-08-06
555,717,5,ropa,40.91,2025-03-28
556,208,2,electronica,243.04,2025-02-13
557,88,2,electronica,158.29,2025-11-21
558,555,2,electronica,127.3,2025-05-10
559,156,2,ropa,94.8,2025-07-12
560,703,2,electronica,160.68,2025-07-20
561,407,3,hogar,127.34,2025-08-25
562,128,2,deportes,44.38,2025-06-04
563,1,2,mercado,34.56,2025-01-20
564,479,3,mercado,71.75,2025-07-25
565,97,1,ropa,174.27,2025-09-25
566,10,5,electronica,285.62,2025-01-06
567,687,2,electronica,336.5,2025-02-20
568,117,2,ropa,134.54,2025-11-10
569,305,2,hogar,118.76,2025-09-12
570,244,1,electronica,162.89,2025-05-11
571,534,1,hogar,188.02,2025-11-15
572,724,1,electronica,84.89,2025-04-28
573,152,2,deportes,73.68,2025-02-02
574,679,3,libros,71.91,2025-07-25
575,659,3,mercado,26.03,2025-07-23
576,609,4,electronica,11.26,2025-05-02
577,652,2,ropa,42.85,2025-01-27
578,588,1,electronica,92.78,2025-09-17
579,675,1,ropa,8.44,2025-01-22
580,577,1,ropa,87.46,2025-06-15
581,325,6,deportes,86.99,2025-06-05
582,131,7,juguetes,18.04,2025-05-12
583,415,2,electronica,104.2,2025-09-12
584,336,2,hogar,6.01,2025-08-16
585,145,4,deportes,20.06,2025-06-22
586,365,2,juguetes,23.4,2025-04-19
587,726,2,electronica,83.56,2025-02-21
588,768,1,deportes,221.39,2025-04-28
589,300,4,hogar,88.94,2025-09-06
590,187,2,electronica,45.14,2025-09-11
591,458,2,hogar,73.88,2025-06-17
592,238,3,hogar,7.22,2025-06-19
593,493,3,deportes,202.82,2025-11-23
594,353,1,libros,21.68,2025-03-03
595,171,4,deportes,13.2,2025-11-16
596,528,2,electronica,55.41,2025-09-20
597,632,2,mercado,30.58,2025-01-17
598,17,1,electronica,216.04,2025-04-20
599,719,2,mercado,72.05,2025-11-25
600,356,2,juguetes,69.99,2025-04-09
601,21,2,mercado,17.3,2025-02-19
602,333,1,electronica,755.26,2025-02-26
603,164,6,mercado,88.73,2025-08-19
604,365,1,libros,89.84,2025-02-26
605,544,2,mercado,5.27,2025-08-27
606,35,2,electronica,117.46,2025-09-04
607,300,1,mercado,106.45,2025-06-26
608,658,1,mercado,44.62,2025-12-05
609,206,1,hogar,79.16,2025-03-21
610,267,1,mercado,13.05,2025-10-26
611,549,3,hogar,163.99,2025-07-05
612,7,2,electronica,207.04,2025-09-07
613,694,6,ropa,12.08,2025-02-25
614,561,1,electronica,44.63,2025-09-06
615,502,1,electronica,970.12,2025-02-24
616,5,2,deportes,12.25,2025-11-16
617,461,1,ropa,48.15,2025-03-02
618,134,1,hogar,37.31,2025-12-28
619,517,3,ropa,127.75,2025-04-15
620,417,2,hogar,92.16,2025-02-13
621,554,1,mercado,34.25,2025-09-01
622,149,1,ropa,55.22,2025-01-23
623,651,1,hogar,381.72,2025-08-16
624,443,2,juguetes,28.58,2025-04-02
625,575,1,electronica,990.29,2025-06-21
626,143,1,hogar,44.85,2025-03-08
627,693,1,libros,18.19,2025-04-11
628,542,2,electronica,358.44,2025-08-07
629,118,2,hogar,46.31,2025-11-16
630,699,2,electronica,100.5,2025-01-15
631,442,1,electronica,227.72,2025-01-12
632,42,3,mercado,82.4,2025-12-27
633,477,2,ropa,39.43,2025-10-25
634,302,1,ropa,21.67,2025-01-24
635,601,7,libros,10.19,2025-09-07
636,405,3,electronica,98.56,2025-06-14
637,646,1,ropa,55.62,2025-05-08
638,714,1,juguetes,208.35,2025-02-03
639,300,2,ropa,146.69,2025-09-22
640,718,2,mercado,21.73,2025-12-24
641,453,3,electronica,2026.56,2025-09-23
642,370,2,libros,29.94,2025-09-24
643,333,2,hogar,253.36,2025-11-08
644,562,4,hogar,36.5,2025-04-03
645,215,1,electronica,164.53,2025-08-08
646,799,1,hogar,137.38,2025-12-12
647,547,1,mercado,101.6,2025-08-22
648,131,3,libros,13.69,2025-02-27
649,488,4,ropa,276.16,2025-02-21
650,75,3,deportes,32.03,2025-09-09
651,483,1,ropa,54.94,2025-08-13
652,21,6,electronica,607.68,2025-09-21
653,152,2,electronica,31.72,2025-12-28
654,416,4,libros,21.0,2025-09-24
655,386,2,mercado,54.99,2025-04-11
656,532,2,mercado,81.6,2025-09-08
657,31,2,deportes,158.85,2025-09-16
658,40,5,mercado,197.15,2025-09-14
659,7,1,hogar,208.82,2025-09-14
660,179,2,mercado,18.3,2025-12-15
661,106,1,electronica,30.99,2025-02-23
662,381,2,hogar,48.09,2025-07-19
663,388,1,deportes,511.77,2025-09-18
664,280,1,mercado,38.36,2025-07-16
665,755,7,electronica,13.5,2025-04-11
666,125,2,ropa,272.26,2025-06-09
667,306,4,ropa,106.29,2025-09-05
668,285,1,mercado,26.94,2025-09-16
669,503,3,mercado,25.15,2025-02-16
670,7,2,libros,15.82,2025-02-18
671,423,2,deportes,16.65,2025-02-24
672,520,3,mercado,77.74,2025-09-12
673,793,4,electronica,39.89,2025-07-13
674,40,2,mercado,35.16,2025-12-19
675,46,1,ropa,109.57,2025-06-28
676,694,1,electronica,725.96,2025-04-28
677,213,2,libros,16.74,2025-10-14
678,219,2,mercado,14.37,2025-09-21
679,788,2,deportes,127.12,2025-01-05
680,799,5,ropa,57.76,2025-06-21
681,427,3,mercado,210.23,2025-07-15
682,193,1,mercado,53.4,2025-10-15
683,567,4,deportes,450.82,2025-06-11
684,365,5,ropa,5.36,2025-05-28
685,512,2,hogar,104.71,2025-06-11
686,108,2,electronica,46.73,2025-02-02
687,486,1,electronica,1561.45,2025-11-19
688,546,3,ropa,5.7,2025-10-28
689,719,2,mercado,21.01,2025-02-06
690,230,2,hogar,282.19,2025-06-06
691,685,1,electronica,101.83,2025-01-12
692,258,1,ropa,102.62,2025-12-09
693,578,2,juguetes,26.43,2025-04-09
694,739,2,mercado,74.8,2025-10-24
695,546,2,libros,49.7,2025-04-10
696,738,2,electronica,136.47,2025-12-07
697,34,1,ropa,32.03,2025-01-01
698,120,1,electronica,652.76,2025-06-05
699,87,2,electronica,349.66,2025-01-28
700,680,2,juguetes,179.96,2025-03-11
701,150,4,hogar,12.46,2025-03-22
702,541,6,juguetes,64.44,2025-12-11
703,425,2,ropa,17.97,2025-10-26
704,623,2,deportes,157.84,2025-12-15
705,218,2,libros,123.57,2025-03-10
706,94,1,ropa,40.91,2025-08-28
707,126,4,hogar,9.98,2025-01-10
708,357,4,mercado,79.45,2025-04-24
709,261,2,juguetes,39.97,2025-07-09
710,702,1,electronica,37.13,2025-09-14
711,458,2,ropa,46.35,2025-11-23
712,420,4,electronica,675.66,2025-11-22
713,632,3,ropa,31.42,2025-10-03
714,632,3,deportes,222.05,2025-09-22
715,712,1,ropa,55.21,2025-05-05
716,611,2,hogar,114.78,2025-08-22
717,698,2,electronica,22.17,2025-07-24
718,644,2,ropa,50.28,2025-06-07
719,308,1,ropa,342.14,2025-09-19
720,553,1,electronica,89.39,2025-12-09
721,786,1,electronica,144.43,2025-08-07
722,730,3,mercado,23.69,2025-01-06
723,601,2,hogar,308.67,2025-04-15
724,793,1,hogar,33.48,2025-02-13
725,347,2,hogar,100.77,2025-10-25
726,456,1,electronica,771.77,2025-05-17
727,544,2,mercado,36.12,2025-02-18
728,496,3,mercado,7.73,2025-10-04
729,516,6,mercado,21.52,2025-09-02
730,711,1,electronica,153.54,2025-07-09
731,653,2,juguetes,59.05,2025-01-09
732,651,1,ropa,66.98,2025-06-26
733,28,3,ropa,117.97,2025-11-20
734,272,3,juguetes,118.37,2025-07-13
735,395,2,electronica,115.28,2025-11-05
736,11,1,ropa,37.7,2025-05-08
737,754,1,electronica,12.86,2025-07-21
738,412,1,mercado,24.86,2025-05-20
739,598,1,mercado,17.7,2025-12-24
740,355,5,electronica,27.79,2025-11-23
741,303,2,hogar,146.75,2025-04-21
742,88,6,electronica,480.87,2025-04-19
743,623,2,libros,67.7,2025-04-02
744,205,2,electronica,899.12,2025-01-02
745,110,1,juguetes,46.15,2025-02-10
746,613,1,mercado,308.55,2025-11-16
747,395,4,mercado,235.69,2025-09-09
748,169,1,electronica,87.35,2025-02-20
749,655,2,juguetes,40.3,2025-02-18
750,133,4,ropa,43.5,2025-06-18
751,456,2,hogar,50.57,2025-09-06
752,595,4,ropa,102.35,2025-01-13
753,421,1,libros,53.33,2025-03-22
754,374,4,juguetes,26.56,2025-11-01
755,590,3,electronica,275.4,2025-09-11
756,354,3,ropa,194.84,2025-02-19
757,780,2,electronica,225.85,2025-07-06
758,180,1,hogar,62.59,2025-07-15
759,499,3,hogar,31.06,2025-01-16
760,75,2,juguetes,121.73,2025-11-14
761,456,1,libros,7.38,2025-05-10
762,317,1,electronica,219.52,2025-10-13
763,734,1,electronica,333.03,2025-03-20
764,505,4,electronica,14.09,2025-11-07
765,119,1,ropa,37.22,2025-02-23
766,642,3,electronica,242.82,2025-11-13
767,770,1,mercado,30.82,2025-12-09
768,522,2,libros,32.28,2025-09-10
769,102,3,ropa,67.23,2025-01-26
770,718,2,hogar,7.81,2025-03-26
771,176,1,electronica,150.26,2025-10-25
772,796,2,juguetes,68.24,2025-10-01
773,160,2,hogar,274.18,2025-04-22
774,185,5,ropa,27.46,2025-04-07
775,584,3,electronica,47.26,2025-02-24
776,145,1,hogar,36.59,2025-07-13
777,403,1,deportes,42.03,2025-03-23
778,333,1,ropa,76.23,2025-02-06
779,298,3,mercado,69.5,2025-07-01
780,750,2,electronica,190.28,2025-04-09
781,68,1,hogar,24.05,2025-09-21
782,295,1,electronica,895.12,2025-09-22
783,209,4,mercado,43.93,2025-08-27
784,715,1,deportes,35.36,2025-09-28
785,332,3,ropa,54.17,2025-08-08
786,795,2,mercado,59.86,2025-03-04
787,671,2,hogar,175.56,2025-02-23
788,106,3,mercado,12.95,2025-06-13
789,158,2,electronica,24.63,2025-06-01
790,395,5,ropa,204.01,2025-12-12
791,496,1,electronica,53.77,2025-02-27
792,124,2,hogar,72.08,2025-06-07
793,584,1,electronica,60.35,2025-05-16
794,111,2,hogar,32.82,2025-09-21
795,678,1,ropa,179.13,2025-06-06
796,581,1,ropa,77.24,2025-01-16
797,58,5,mercado,266.39,2025-10-20
798,104,2,hogar,59.97,2025-01-02
799,474,1,electronica,82.92,2025-12-11
800,622,4,ropa,16.21,2025-01-20
801,615,2,electronica,560.24,2025-03-25
802,468,3,hogar,149.61,2025-03-09
803,694,1,libros,44.08,2025-12-16
804,474,4,mercado,12.09,2025-02-03
805,651,1,libros,7.4,2025-01-27
806,537,4,electronica,156.3,2025-06-01
807,306,2,electronica,315.01,2025-01-11
808,620,1,mercado,91.01,2025-08-12
809,43,2,mercado,226.3,2025-04-15
810,156,2,mercado,12.42,2025-01-16
811,700,2,electronica,99.2,2025-03-07
812,430,3,ropa,193.79,2025-03-15
813,779,1,hogar,117.62,2025-02-25
814,359,4,libros,24.56,2025-05-18
815,549,2,electronica,162.03,2025-02-15
816,38,2,ropa,15.83,2025-12-18
817,155,1,ropa,52.49,2025-01-11
818,382,2,electronica,517.19,2025-08-19
819,428,2,electronica,586.4,2025-09-03
820,202,3,hogar,144.34,2025-03-09
821,326,3,mercado,12.85,2025-09-06
822,453,2,hogar,85.01,2025-02-26
823,225,3,electronica,869.6,2025-12-26
824,244,7,libros,62.48,2025-11-05
825,754,2,ropa,91.38,2025-04-24
826,704,4,hogar,181.9,2025-05-03
827,685,6,deportes,103.88,2025-10-18
828,168,1,electronica,121.18,2025-09-03
829,165,2,deportes,117.69,2025-08-03
830,774,3,mercado,13.01,2025-03-12
831,296,7,hogar,225.83,2025-03-26
832,233,7,hogar,138.94,2025-01-11
833,135,2,hogar,6.11,2025-05-04
834,286,5,ropa,153.59,2025-03-16
835,70,1,mercado,24.74,2025-02-26
836,731,4,electronica,91.53,2025-04-04
837,161,2,electronica,21.3,2025-12-07
838,617,7,ropa,52.02,2025-01-05
839,446,4,hogar,56.09,2025-05-27
840,667,1,hogar,208.68,2025-07-18
841,137,3,electronica,669.44,2025-06-16
842,767,2,ropa,139.79,2025-08-06
843,520,2,libros,93.47,2025-08-23
844,372,2,electronica,82.47,2025-02-14
845,687,2,hogar,128.17,2025-07-10
846,551,1,mercado,14.16,2025-11-21
847,531,4,ropa,108.49,2025-03-18
848,128,3,electronica,61.33,2025-06-13
849,190,5,deportes,97.23,2025-10-01
850,63,2,deportes,20.3,2025-06-03
851,147,5,hogar,150.85,2025-08-26
852,620,2,ropa,19.21,2025-03-23
853,96,3,electronica,571.51,2025-02-03
854,94,1,electronica,181.19,2025-11-11
855,682,5,electronica,40.67,2025-12-05
856,766,3,ropa,12.1,2025-02-15
857,66,7,mercado,89.43,2025-03-25
858,587,3,mercado,18.72,2025-11-12
859,691,2,electronica,61.85,2025-03-19
860,515,6,juguetes,41.09,2025-12-21
861,259,3,mercado,45.14,2025-11-20
862,456,5,hogar,10.51,2025-06-16
863,393,2,deportes,51.0,2025-11-14
864,360,1,hogar,334.11,2025-03-28
865,421,2,juguetes,59.21,2025-05-28
866,416,6,mercado,91.03,2025-04-26
867,4,2,hogar,25.21,2025-06-17
868,220,3,electronica,118.26,2025-07-21
869,286,2,mercado,155.06,2025-03-15
870,131,2,electronica,391.66,2025-07-27
871,625,1,hogar,238.93,2025-11-06
872,543,2,ropa,14.79,2025-10-26
873,730,7,hogar,271.41,2025-07-16
874,780,3,juguetes,12.97,2025-10-25
875,121,2,juguetes,36.08,2025-08-06
876,511,2,libros,46.61,2025-06-09
877,795,1,mercado,16.71,2025-03-02
878,310,2,electronica,614.14,2025-08-26
879,351,2,electronica,154.59,2025-06-25
880,342,2,electronica,98.7,2025-05-14
881,363,2,juguetes,16.41,2025-09-01
882,453,1,deportes,63.29,2025-08-11
883,471,1,electronica,72.12,2025-09-08
884,667,2,mercado,94.62,2025-12-23
885,267,1,electronica,232.46,2025-08-12
886,513,1,deportes,60.83,2025-09-27
887,338,1,libros,129.76,2025-02-10
888,628,1,electronica,250.99,2025-11-13
889,373,2,libros,14.68,2025-04-21
890,763,2,electronica,257.74,2025-03-05
891,668,2,ropa,39.33,2025-11-01
892,380,3,hogar,232.81,2025-12-26
893,789,3,mercado,129.37,2025-07-23
894,584,2,libros,28.18,2025-05-06
895,380,1,hogar,23.01,2025-05-17
896,121,2,deportes,115.59,2025-08-23
897,171,3,deportes,52.56,2025-11-12
898,81,2,deportes,74.3,2025-11-15
899,775,3,deportes,132.52,2025-03-03
900,756,1,libros,33.43,2025-05-09
901,738,1,ropa,22.41,2025-05-16
902,114,2,libros,23.61,2025-02-04
903,758,1,juguetes,54.32,2025-05-28
904,109,2,ropa,47.69,2025-04-06
905,471,5,ropa,150.49,2025-11-05
906,413,2,libros,84.82,2025-10-26
907,16,1,electronica,174.77,2025-04-19
908,113,7,electronica,883.0,2025-08-17
909,11,4,mercado,32.46,2025-06-25
910,766,2,electronica,634.26,2025-01-24
911,757,2,libros,19.21,2025-03-22
912,200,1,electronica,15.0,2025-08-04
913,363,3,electronica,411.98,2025-03-19
914,707,1,mercado,55.02,2025-09-23
915,193,2,ropa,138.92,2025-10-10
916,186,1,mercado,17.94,2025-11-08
917,401,1,hogar,91.05,2025-03-15
918,558,3,ropa,60.85,2025-11-21
919,258,2,hogar,82.11,2025-09-20
920,624,1,electronica,502.61,2025-01-11
921,501,1,hogar,538.98,2025-09-06
922,388,4,mercado,100.5,2025-04-13
923,273,7,juguetes,5.65,2025-06-03
924,72,1,libros,46.65,2025-05-03
925,236,1,electronica,59.72,2025-12-27
926,434,3,hogar,85.54,2025-10-18
927,138,2,libros,54.4,2025-10-14
928,350,2,electronica,123.2,2025-12-23
929,376,2,electronica,41.68,2025-11-28
930,107,1,deportes,352.65,2025-02-15
931,773,4,deportes,173.39,2025-12-28
932,714,3,electronica,16.67,2025-05-01
933,558,1,libros,17.06,2025-08-02
934,328,1,mercado,100.18,2025-03-19
935,126,1,electronica,292.07,2025-01-26
936,669,3,juguetes,26.34,2025-06-16
937,1,4,ropa,78.45,2025-01-26
938,466,4,electronica,82.08,2025-06-04
939,382,1,ropa,176.55,2025-06-08
940,619,1,libros,61.19,2025-10-13
941,693,1,electronica,52.8,2025-01-04
942,140,1,deportes,268.74,2025-09-23
943,480,3,deportes,403.6,2025-02-20
944,170,2,hogar,30.98,2025-12-06
945,364,2,ropa,20.75,2025-08-27
946,576,5,mercado,67.38,2025-07-09
947,424,2,juguetes,23.9,2025-05-09
948,399,2,mercado,34.18,2025-07-24
949,185,1,hogar,9.6,2025-11-11
950,99,2,electronica,146.57,2025-12-04
951,442,7,mercado,25.66,2025-09-14
952,705,2,hogar,42.08,2025-06-23
953,659,2,mercado,47.67,2025-03-20
954,799,2,deportes,91.31,2025-04-11
955,478,3,hogar,16.05,2025-11-08
956,209,4,mercado,18.97,2025-11-09
957,457,3,hogar,112.63,2025-09-25
958,407,3,hogar,15.57,2025-10-28
959,59,4,mercado,23.51,2025-05-16
960,3,2,ropa,18.99,2025-04-09
961,379,2,hogar,43.45,2025-01-21
962,674,2,mercado,94.79,2025-04-26
963,398,1,ropa,141.17,2025-10-08
964,447,2,deportes,203.78,2025-08-16
965,56,1,electronica,450.46,2025-11-02
966,239,1,ropa,10.91,2025-12-20
967,677,3,electronica,309.18,2025-09-01
968,133,2,ropa,187.71,2025-07-04
969,52,1,deportes,165.54,2025-07-19
970,478,2,hogar,345.11,2025-09-23
971,359,5,libros,46.39,2025-07-13
972,702,2,libros,79.92,2025-02-27
973,619,1,hogar,165.19,2025-12-26
974,331,2,electronica,45.67,2025-01-08
975,525,2,hogar,50.9,2025-05-22
976,132,2,ropa,67.3,2025-05-23
977,110,2,mercado,47.12,2025-09-12
978,164,2,mercado,57.71,2025-01-08
979,234,2,hogar,109.49,2025-12-15
980,242,2,electronica,222.39,2025-09-26
981,293,1,mercado,38.42,2025-07-09
982,589,3,deportes,60.86,2025-11-11
983,542,2,mercado,114.06,2025-12-04
984,682,3,mercado,261.67,2025-07-23
985,285,1,hogar,246.93,2025-07-28
986,506,2,mercado,19.5,2025-03-11
987,387,4,electronica,101.02,2025-01-28
988,715,1,ropa,32.33,2025-09-24
989,37,2,ropa,35.81,2025-02-14
990,432,1,ropa,159.7,2025-09-28
991,246,2,ropa,61.94,2025-04-25
992,643,2,mercado,113.39,2025-07-13
993,463,4,deportes,119.82,2025-10-19
994,361,4,ropa,27.17,2025-09-02
995,220,2,electronica,439.22,2025-08-20
996,472,1,electronica,23.72,2025-02-22
997,535,3,ropa,12.25,2025-02-24
998,470,6,hogar,53.63,2025-07-25
999,77,1,libros,61.94,2025-11-12
1000,354,2,electronica,364.42,2025-01-19
1001,778,1,electronica,624.65,2025-12-08
1002,28,2,electronica,230.81,2025-05-20
1003,136,1,electronica,305.03,2025-10-21
1004,93,5,mercado,174.82,2025-04-19
1005,28,1,ropa,25.01,2025-03-15
1006,788,1,ropa,33.85,2025-09-28
1007,159,2,juguetes,14.69,2025-09-26
1008,154,1,mercado,75.81,2025-10-17
1009,471,5,ropa,9.42,2025-03-15
1010,749,4,ropa,32.47,2025-09-28
1011,675,1,ropa,66.53,2025-07-16
1012,586,3,hogar,165.15,2025-05-22
1013,5,1,ropa,253.16,2025-06-10
1014,679,1,deportes,40.92,2025-05-15
1015,401,4,ropa,58.86,2025-11-15
1016,259,6,mercado,137.62,2025-04-09
1017,158,1,mercado,49.81,2025-09-24
1018,542,3,mercado,38.87,2025-10-26
1019,74,6,ropa,169.47,2025-06-17
1020,762,2,electronica,126.28,2025-03-08
1021,346,2,mercado,19.94,2025-01-19
1022,200,1,electronica,62.41,2025-09-07
1023,268,7,electronica,188.23,2025-10-16
1024,548,2,deportes,45.42,2025-05-21
1025,508,2,juguetes,111.54,2025-06-08
1026,372,1,mercado,67.06,2025-10-10
1027,238,3,mercado,10.66,2025-04-11
1028,223,1,hogar,63.37,2025-06-27
1029,183,6,libros,71.01,2025-12-15
1030,326,3,electronica,275.74,2025-04-11
1031,649,3,hogar,10.02,2025-12-24
1032,138,4,mercado,90.05,2025-03-11
1033,71,1,electronica,512.99,2025-12-08
1034,743,6,mercado,151.93,2025-12-08
1035,424,5,deportes,318.3,2025-11-16
1036,423,5,mercado,11.63,2025-10-17
1037,284,3,electronica,60.47,2025-09-13
1038,480,1,electronica,673.02,2025-06-19
1039,66,2,ropa,84.02,2025-02-19
1040,90,2,electronica,27.48,2025-11-24
1041,522,3,ropa,26.45,2025-07-03
1042,265,4,ropa,365.44,2025-05-07
1043,349,3,ropa,53.7,2025-09-10
1044,53,3,ropa,26.97,2025-11-06
1045,471,1,electronica,28.57,2025-11-07
1046,279,2,hogar,14.22,2025-10-02
1047,720,1,mercado,58.85,2025-06-18
1048,667,1,mercado,82.51,2025-02-04
1049,154,1,electronica,569.59,2025-08-15
1050,589,2,ropa,356.82,2025-06-07
1051,13,1,ropa,13.55,2025-08-03
1052,260,3,electronica,447.48,2025-08-21
1053,200,2,ropa,37.52,2025-06-21
1054,84,2,electronica,51.14,2025-10-23
1055,524,2,electronica,1014.18,2025-10-28
1056,573,5,ropa,8.61,2025-11-11
1057,389,1,mercado,115.96,2025-10-18
1058,799,2,ropa,87.76,2025-01-06
1059,704,2,mercado,93.43,2025-06-13
1060,798,3,electronica,532.24,2025-06-03
1061,119,1,deportes,139.41,2025-02-28
1062,695,7,electronica,307.04,2025-06-23
1063,392,2,libros,89.04,2025-01-12
1064,199,3,electronica,157.69,2025-11-05
1065,290,6,hogar,93.1,2025-04-07
1066,109,3,mercado,50.85,2025-07-10
1067,7,1,electronica,30.6,2025-07-22
1068,488,1,mercado,20.7,2025-08-11
1069,469,2,deportes,25.56,2025-07-08
1070,576,2,ropa,40.11,2025-02-17
1071,120,3,ropa,164.49,2025-02-16
1072,799,1,electronica,374.71,2025-02-28
1073,572,2,electronica,609.98,2025-10-01
1074,420,2,mercado,151.09,2025-10-05
1075,480,1,electronica,81.13,2025-07-06
1076,697,2,electronica,69.79,2025-04-12
1077,448,5,mercado,168.59,2025-11-26
1078,686,2,ropa,237.84,2025-05-11
1079,116,4,mercado,64.08,2025-12-04
1080,793,2,hogar,236.92,2025-02-01
1081,735,6,electronica,78.48,2025-02-11
1082,583,3,ropa,128.11,2025-11-04
1083,399,1,hogar,252.96,2025-11-01
1084,228,4,hogar,150.14,2025-01-04
1085,653,2,electronica,204.9,2025-01-04
1086,356,2,ropa,33.72,2025-10-16
1087,336,1,electronica,207.49,2025-02-01
1088,543,2,electronica,361.16,2025-08-06
1089,611,7,mercado,17.97,2025-01-09
1090,259,2,deportes,192.68,2025-09-12
1091,234,2,ropa,101.03,2025-03-08
1092,737,2,mercado,26.33,2025-01-11
1093,476,1,hogar,22.47,2025-08-21
1094,796,2,hogar,261.16,2025-06-19
1095,481,1,electronica,209.65,2025-06-11
1096,2,1,hogar,34.57,2025-02-28
1097,346,3,ropa,27.42,2025-11-22
1098,450,7,electronica,421.98,2025-06-23
1099,67,1,juguetes,101.61,2025-03-03
1100,24,4,mercado,61.56,2025-12-09
1101,618,2,ropa,288.27,2025-04-20
1102,525,3,electronica,58.15,2025-02-23
1103,538,6,mercado,42.11,2025-03-15
1104,423,7,libros,7.66,2025-12-24
1105,753,1,ropa,44.86,2025-05-17
1106,660,2,ropa,170.88,2025-05-24
1107,635,4,electronica,28.25,2025-11-12
1108,735,2,electronica,16.1,2025-09-09
1109,520,4,mercado,23.66,2025-10-28
1110,514,1,libros,25.01,2025-05-15
1111,296,2,electronica,764.26,2025-07-28
1112,467,7,juguetes,32.85,2025-12-13
1113,445,1,ropa,503.99,2025-08-10
1114,513,2,mercado,93.32,2025-03-15
1115,558,2,ropa,7.21,2025-03-02
1116,596,1,ropa,27.49,2025-01-22
1117,194,1,electronica,184.03,2025-07-28
1118,592,2,mercado,39.84,2025-12-10
1119,236,2,mercado,46.52,2025-10-27
1120,97,3,hogar,6.07,2025-01-17
1121,445,3,ropa,235.21,2025-12-18
1122,214,2,juguetes,60.57,2025-11-17
1123,31,3,hogar,15.65,2025-01-14
1124,351,1,ropa,9.86,2025-08-26
1125,222,6,ropa,136.96,2025-06-10
1126,327,1,mercado,36.37,2025-01-01
1127,95,4,mercado,8.08,2025-10-05
1128,221,4,hogar,45.9,2025-03-10
1129,531,1,ropa,241.96,2025-11-17
1130,485,2,libros,110.38,2025-04-19
1131,477,2,hogar,188.6,2025-09-09
1132,448,2,electronica,81.92,2025-09-17
1133,751,2,mercado,56.29,2025-01-07
1134,396,6,mercado,46.74,2025-05-27
1135,69,4,electronica,29.9,2025-09-08
1136,553,2,juguetes,69.95,2025-09-01
1137,119,3,mercado,72.63,2025-07-02
1138,125,3,ropa,85.63,2025-09-01
1139,329,3,ropa,102.79,2025-12-28
1140,562,1,hogar,75.79,2025-03-14
1141,160,1,ropa,13.49,2025-02-20
1142,794,2,libros,12.18,2025-05-08
1143,705,2,mercado,7.29,2025-10-08
1144,447,5,electronica,228.98,2025-06-14
1145,243,2,libros,37.24,2025-09-03
1146,613,2,electronica,566.43,2025-03-07
1147,218,1,ropa,9.98,2025-09-01
1148,115,1,deportes,260.88,2025-03-21
1149,45,5,deportes,93.53,2025-03-01
1150,756,1,mercado,61.35,2025-01-28
1151,27,2,hogar,71.6,2025-02-19
1152,603,2,ropa,25.23,2025-08-24
1153,342,4,mercado,35.58,2025-12-13
1154,291,1,ropa,18.51,2025-04-20
1155,32,2,libros,62.11,2025-11-05
1156,497,3,electronica,150.33,2025-08-25
1157,438,2,electronica,670.72,2025-11-17
1158,66,2,mercado,24.47,2025-06-01
1159,159,2,deportes,133.38,2025-04-04
1160,630,3,hogar,91.94,2025-05-11
1161,135,6,hogar,30.69,2025-12-02
1162,590,1,juguetes,5.04,2025-12-09
1163,383,3,hogar,81.02,2025-05-06
1164,93,7,electronica,354.25,2025-07-19
1165,460,2,hogar,66.91,2025-03-02
1166,754,2,juguetes,28.73,2025-01-14
1167,327,1,hogar,11.69,2025-03-07
1168,131,1,libros,76.47,2025-05-19
1169,750,4,electronica,176.01,2025-12-14
1170,589,2,electronica,343.79,2025-05-18
1171,304,3,ropa,12.02,2025-08-24
1172,66,2,ropa,96.87,2025-02-15
1173,796,1,hogar,74.32,2025-09-11
1174,447,4,deportes,166.05,2025-05-20
1175,792,3,deportes,38.08,2025-06-25
1176,724,2,mercado,30.19,2025-01-14
1177,591,5,ropa,27.96,2025-08-23
1178,552,3,hogar,248.09,2025-03-20
1179,724,2,mercado,40.75,2025-12-04
1180,440,1,ropa,162.98,2025-05-10
1181,537,1,ropa,106.87,2025-05-17
1182,795,5,hogar,49.18,2025-06-22
1183,615,2,mercado,31.38,2025-12-05
1184,358,1,mercado,98.39,2025-08-06
1185,226,1,ropa,23.05,2025-11-27
1186,520,5,hogar,27.38,2025-04-12
1187,757,3,hogar,71.74,2025-02-08
1188,250,2,electronica,22.6,2025-12-11
1189,375,3,ropa,39.25,2025-10-17
1190,162,3,mercado,103.58,2025-07-20
1191,319,1,ropa,150.88,2025-07-13
1192,403,1,juguetes,136.52,2025-09-09
1193,783,1,ropa,57.02,2025-04-01
1194,200,1,deportes,164.0,2025-03-04
1195,401,6,hogar,53.74,2025-07-21
1196,313,2,electronica,218.32,2025-11-18
1197,243,2,hogar,259.81,2025-10-27
1198,786,1,mercado,43.8,2025-12-18
1199,415,1,ropa,30.52,2025-05-19
1200,137,2,deportes,215.03,2025-11-16
1201,411,2,electronica,25.59,2025-06-07
1202,425,2,deportes,18.27,2025-06-10
1203,328,4,libros,70.01,2025-02-12
1204,573,2,electronica,180.67,2025-07-07
1205,722,2,libros,141.72,2025-01-19
1206,428,2,libros,65.38,2025-08-15
1207,471,1,hogar,233.26,2025-09-04
1208,394,4,libros,18.07,2025-10-17
1209,35,4,mercado,45.63,2025-09-10
1210,245,1,libros,70.6,2025-11-16
1211,176,2,ropa,111.85,2025-08-26
1212,239,2,hogar,98.06,2025-09-01
1213,736,1,electronica,337.9,2025-06-12
1214,508,6,ropa,48.56,2025-08-02
1215,278,5,ropa,49.33,2025-05-15
1216,139,1,electronica,1362.53,2025-11-28
1217,723,2,electronica,209.77,2025-11-11
1218,538,3,ropa,122.89,2025-04-10
1219,14,1,ropa,294.84,2025-06-06
1220,384,4,hogar,15.52,2025-11-26
1221,370,2,hogar,505.63,2025-05-24
1222,378,1,electronica,721.37,2025-01-03
1223,750,5,ropa,45.96,2025-02-23
1224,184,2,electronica,180.22,2025-07-01
1225,300,2,mercado,89.1,2025-11-14
1226,666,3,electronica,294.35,2025-03-11
1227,171,1,ropa,133.3,2025-09-15
1228,65,2,juguetes,14.51,2025-12-19
1229,634,3,ropa,132.97,2025-12-15
1230,571,1,libros,31.63,2025-09-21
1231,219,3,mercado,6.83,2025-09-12
1232,128,2,hogar,137.13,2025-12-06
1233,588,1,ropa,92.7,2025-09-28
1234,504,2,ropa,294.86,2025-06-28
1235,43,2,ropa,17.21,2025-05-11
1236,124,1,ropa,34.29,2025-05-06
1237,200,1,ropa,87.14,2025-04-20
1238,763,2,electronica,54.52,2025-01-11
1239,578,2,ropa,128.5,2025-12-03
1240,172,1,mercado,54.34,2025-08-27
1241,698,1,mercado,36.64,2025-01-26
1242,231,2,electronica,81.14,2025-06-25
1243,202,2,hogar,215.96,2025-11-18
1244,89,1,hogar,53.04,2025-12-01
1245,340,6,ropa,17.71,2025-09-06
1246,443,2,mercado,55.3,2025-02-15
1247,421,3,mercado,83.39,2025-03-28
1248,676,1,electronica,612.18,2025-02-01
1249,652,1,electronica,314.51,2025-09-17
1250,179,2,electronica,10.0,2025-02-08
1251,163,2,ropa,34.47,2025-09-24
1252,184,2,mercado,19.66,2025-07-02
1253,30,3,hogar,330.03,2025-01-10
1254,74,2,juguetes,44.17,2025-09-27
1255,675,1,ropa,50.88,2025-04-26
1256,112,3,libros,16.09,2025-04-09
1257,450,4,electronica,553.68,2025-12-11
1258,659,1,mercado,210.52,2025-10-28
1259,687,1,ropa,151.46,2025-03-07
1260,686,2,libros,18.73,2025-08-12
1261,248,3,hogar,16.38,2025-05-10
1262,435,1,electronica,344.95,2025-11-04
1263,420,1,electronica,11.26,2025-04-10
1264,243,2,ropa,20.08,2025-08-04
1265,193,1,deportes,11.95,2025-02-19
1266,221,5,hogar,96.72,2025-03-14
1267,457,5,electronica,218.25,2025-10-03
1268,454,1,ropa,148.12,2025-12-17
1269,480,1,deportes,81.47,2025-10-21
1270,141,3,hogar,92.01,2025-06-10
1271,10,2,libros,36.17,2025-04-15
1272,449,1,deportes,315.23,2025-06-20
1273,283,1,electronica,132.19,2025-01-27
1274,627,2,mercado,24.86,2025-09-12
1275,710,2,mercado,64.22,2025-02-24
1276,760,5,ropa,159.44,2025-02-21
1277,783,1,deportes,63.45,2025-05-04
1278,51,3,electronica,167.91,2025-04-01
1279,315,3,electronica,48.84,2025-12-13
1280,281,2,libros,11.95,2025-10-26
1281,591,2,electronica,35.92,2025-11-08
1282,777,3,hogar,81.58,2025-03-09
1283,701,2,electronica,110.33,2025-04-15
1284,233,4,libros,35.52,2025-05-03
1285,200,1,electronica,276.14,2025-10-26
1286,577,2,mercado,98.33,2025-08-13
1287,610,4,electronica,282.34,2025-01-09
1288,311,2,hogar,115.64,2025-01-15
1289,248,3,libros,91.4,2025-06-17
1290,375,2,ropa,192.44,2025-06-17
1291,402,1,electronica,718.66,2025-08-05
1292,574,4,hogar,96.54,2025-04-25
1293,217,3,ropa,9.49,2025-03-21
1294,51,2,hogar,44.08,2025-12-19
1295,682,4,libros,10.51,2025-03-19
1296,764,1,libros,63.77,2025-06-02
1297,164,1,mercado,45.74,2025-09-28
1298,427,3,hogar,45.97,2025-04-10
1299,108,3,hogar,94.03,2025-05-02
1300,687,2,libros,6.52,2025-01-03
1301,679,2,ropa,36.7,2025-09-12
1302,143,3,ropa,57.19,2025-03-26
1303,101,2,mercado,177.56,2025-08-09
1304,385,1,juguetes,187.95,2025-11-21
1305,608,2,ropa,119.78,2025-07-17
1306,61,5,ropa,35.79,2025-07-04
1307,27,1,mercado,31.03,2025-03-10
1308,37,1,mercado,57.43,2025-07-24
1309,469,2,electronica,629.78,2025-05-12
1310,737,1,electronica,235.43,2025-07-19
1311,242,1,electronica,773.29,2025-02-20
1312,435,3,juguetes,128.82,2025-02-10
1313,163,2,ropa,234.58,2025-02-23
1314,343,1,ropa,48.51,2025-07-26
1315,111,1,mercado,32.15,2025-05-08
1316,381,3,electronica,435.77,2025-11-08
1317,629,1,mercado,92.17,2025-12-15
1318,601,4,electronica,295.26,2025-12-26
1319,626,3,electronica,792.07,2025-03-07
1320,322,4,electronica,452.46,2025-11-23
1321,150,2,ropa,35.22,2025-02-03
1322,743,3,mercado,77.93,2025-12-15
1323,473,2,deportes,147.65,2025-02-08
1324,136,1,libros,12.98,2025-11-16
1325,619,4,deportes,238.05,2025-12-01
1326,148,1,juguetes,68.53,2025-08-13
1327,166,1,hogar,224.34,2025-05-07
1328,26,1,hogar,9.38,2025-11-01
1329,568,4,mercado,149.74,2025-10-24
1330,622,3,mercado,14.96,2025-01-02
1331,765,1,electronica,190.15,2025-03-26
1332,191,1,electronica,8.1,2025-01-17
1333,754,6,juguetes,50.73,2025-04-01
1334,569,7,libros,111.88,2025-03-12
1335,724,2,electronica,1020.02,2025-10-25
1336,325,3,deportes,43.61,2025-09-23
1337,288,5,deportes,198.18,2025-10-11
1338,561,1,ropa,168.38,2025-03-13
1339,97,1,ropa,6.42,2025-03-08
1340,215,3,mercado,46.12,2025-08-13
1341,198,1,juguetes,67.32,2025-11-16
1342,728,3,electronica,119.95,2025-04-17
1343,328,2,ropa,163.45,2025-03-02
1344,487,2,mercado,82.08,2025-04-01
1345,11,1,electronica,547.08,2025-03-20
1346,220,2,deportes,9.96,2025-04-14
1347,251,6,electronica,205.77,2025-04-15
1348,644,2,mercado,5.87,2025-11-27
1349,112,6,ropa,57.91,2025-02-15
1350,172,1,mercado,34.98,2025-03-01
1351,106,3,deportes,124.29,2025-09-03
1352,799,3,electronica,595.09,2025-03-19
1353,315,3,electronica,355.59,2025-05-03
1354,733,2,ropa,94.9,2025-03-06
1355,320,2,mercado,139.21,2025-09-04
1356,469,2,electronica,11.44,2025-01-04
1357,724,1,electronica,1010.42,2025-12-19
1358,472,2,deportes,7.89,2025-12-23
1359,655,3,mercado,34.94,2025-10-16
1360,28,3,electronica,904.03,2025-07-09
1361,668,1,ropa,26.52,2025-06-15
1362,299,1,juguetes,28.02,2025-04-19
1363,273,3,ropa,131.98,2025-05-15
1364,156,2,libros,8.34,2025-08-06
1365,200,1,mercado,100.37,2025-02-26
1366,558,6,libros,88.67,2025-03-01
1367,566,3,mercado,73.45,2025-05-02
1368,28,6,electronica,675.32,2025-04-10
1369,563,3,mercado,49.18,2025-12-04
1370,403,4,electronica,170.4,2025-07-22
1371,21,1,ropa,116.07,2025-06-17
1372,584,2,ropa,17.17,2025-05-04
1373,464,2,deportes,28.57,2025-11-19
1374,405,2,electronica,95.14,2025-05-19
1375,425,2,libros,6.96,2025-11-13
1376,12,4,mercado,23.17,2025-11-11
1377,207,2,deportes,59.85,2025-06-12
1378,309,3,deportes,116.98,2025-10-17
1379,10,4,electronica,153.27,2025-11-20
1380,400,1,electronica,43.81,2025-09-03
1381,60,3,ropa,76.17,2025-12-13
1382,731,1,electronica,112.85,2025-07-07
1383,7,3,mercado,97.61,2025-11-13
1384,572,1,ropa,35.16,2025-03-27
1385,650,4,deportes,234.1,2025-06-04
1386,503,1,hogar,537.63,2025-05-20
1387,564,4,ropa,23.78,2025-02-03
1388,592,3,electronica,481.39,2025-09-24
1389,67,3,electronica,1627.9,2025-11-16
1390,265,2,hogar,87.42,2025-04-23
1391,752,1,juguetes,108.36,2025-06-03
1392,704,1,hogar,298.65,2025-08-24
1393,688,2,ropa,57.72,2025-03-08
1394,206,2,electronica,322.22,2025-06-26
1395,197,3,hogar,190.32,2025-12-15
1396,62,3,electronica,62.74,2025-07-08
1397,100,1,deportes,31.88,2025-06-17
1398,615,2,ropa,12.28,2025-11-19
1399,556,2,electronica,416.7,2025-05-15
1400,327,1,ropa,67.73,2025-11-11
1401,406,2,ropa,27.37,2025-12-26
1402,39,2,ropa,13.96,2025-02-18
1403,579,4,ropa,38.06,2025-12-01
1404,30,7,hogar,112.57,2025-04-27
1405,96,5,mercado,75.18,2025-11-12
1406,599,3,mercado,13.07,2025-08-22
1407,224,2,deportes,103.02,2025-10-04
1408,697,1,ropa,122.31,2025-12-12
1409,605,2,mercado,9.43,2025-08-07
1410,283,4,ropa,74.81,2025-02-05
1411,783,1,electronica,654.58,2025-03-12
1412,52,5,mercado,8.97,2025-06-28
1413,174,2,mercado,127.54,2025-10-01
1414,281,5,ropa,27.25,2025-11-11
1415,468,5,mercado,7.11,2025-08-02
1416,48,2,ropa,25.66,2025-12-01
1417,173,2,electronica,71.38,2025-03-09
1418,673,2,ropa,45.71,2025-08-27
1419,549,3,hogar,27.56,2025-08-16
1420,534,6,mercado,56.24,2025-04-24
1421,594,2,juguetes,15.64,2025-09-18
1422,216,3,mercado,18.78,2025-10-24
1423,316,3,hogar,12.7,2025-01-28
1424,536,2,ropa,42.72,2025-04-06
1425,440,3,mercado,10.53,2025-09-18
1426,493,1,ropa,64.16,2025-11-03
1427,17,2,hogar,98.87,2025-02-08
1428,122,2,juguetes,7.32,2025-05-11
1429,250,4,mercado,82.02,2025-03-05
1430,102,2,ropa,100.04,2025-12-26
1431,594,2,ropa,129.5,2025-02-03
1432,496,1,ropa,147.87,2025-12-10
1433,99,2,mercado,163.79,2025-02-16
1434,513,2,electronica,787.06,2025-05-04
1435,403,2,ropa,206.01,2025-09-23
1436,273,4,electronica,9.43,2025-05-10
1437,390,6,deportes,174.86,2025-01-01
1438,774,2,electronica,10.7,2025-06-24
1439,490,6,ropa,62.64,2025-07-03
1440,131,2,electronica,587.01,2025-11-12
1441,526,2,ropa,130.86,2025-08-06
1442,500,3,electronica,77.14,2025-07-26
1443,519,2,electronica,368.74,2025-06-16
1444,225,5,juguetes,133.92,2025-12-21
1445,93,7,ropa,45.49,2025-12-11
1446,128,2,electronica,119.36,2025-02-27
1447,542,1,mercado,87.66,2025-01-15
1448,229,2,hogar,242.69,2025-01-20
1449,522,2,ropa,426.61,2025-10-04
1450,327,1,mercado,101.9,2025-08-28
1451,374,3,hogar,435.18,2025-01-25
1452,279,2,libros,10.94,2025-10-10
1453,695,2,electronica,832.2,2025-04-19
1454,785,4,deportes,265.16,2025-01-01
1455,535,1,mercado,22.33,2025-04-10
1456,632,2,deportes,122.77,2025-07-26
1457,48,4,mercado,267.56,2025-02-26
1458,506,4,ropa,112.22,2025-12-16
1459,474,1,libros,6.13,2025-05-13
1460,618,3,mercado,33.61,2025-04-21
1461,411,2,electronica,226.42,2025-07-21
1462,197,2,hogar,22.35,2025-09-17
1463,340,2,electronica,292.95,2025-11-23
1464,25,2,mercado,9.61,2025-09-01
1465,740,1,mercado,43.41,2025-09-09
1466,110,3,deportes,23.53,2025-10-13
1467,583,7,libros,168.66,2025-09-08
1468,30,2,mercado,56.06,2025-02-16
1469,598,2,mercado,54.51,2025-04-13
1470,631,2,electronica,604.03,2025-06-25
1471,323,2,mercado,27.68,2025-05-19
1472,80,4,electronica,322.18,2025-10-28
1473,421,2,electronica,77.59,2025-05-03
1474,210,3,ropa,115.86,2025-05-11
1475,482,3,libros,105.4,2025-03-24
1476,631,2,mercado,33.74,2025-08-18
1477,718,6,hogar,189.84,2025-11-02
1478,306,2,electronica,181.41,2025-01-13
1479,368,3,electronica,98.27,2025-07-16
1480,270,1,mercado,65.81,2025-04-20
1481,490,1,libros,37.08,2025-01-21
1482,35,1,mercado,5.54,2025-04-02
1483,743,7,ropa,32.76,2025-01-03
1484,332,4,hogar,105.47,2025-02-22
1485,392,2,ropa,25.32,2025-04-18
1486,610,6,deportes,84.71,2025-10-11
1487,530,2,mercado,62.06,2025-04-22
1488,299,2,electronica,12.03,2025-05-25
1489,556,2,electronica,181.05,2025-04-07
1490,118,2,hogar,26.31,2025-02-12
1491,80,5,electronica,62.26,2025-10-14
1492,475,2,deportes,153.39,2025-04-26
1493,592,7,hogar,79.82,2025-01-24
1494,437,6,libros,18.95,2025-12-02
1495,719,3,electronica,365.37,2025-10-20
1496,377,1,electronica,599.46,2025-06-11
1497,428,2,electronica,197.65,2025-06-11
1498,165,2,ropa,10.86,2025-10-12
1499,387,2,mercado,134.9,2025-03-15
1500,339,1,mercado,51.38,2025-07-03
1501,727,1,mercado,33.62,2025-07-09
1502,708,1,electronica,114.09,2025-12-18
1503,159,2,electronica,352.52,2025-12-02
1504,251,3,ropa,20.58,2025-04-09
1505,773,2,ropa,139.75,2025-12-02
1506,188,1,deportes,214.84,2025-02-28
1507,16,1,mercado,127.19,2025-01-21
1508,663,2,mercado,65.3,2025-11-22
1509,562,1,ropa,38.63,2025-04-07
1510,224,5,electronica,960.33,2025-05-04
1511,311,7,ropa,248.49,2025-02-02
1512,231,1,electronica,121.94,2025-01-24
1513,145,4,electronica,78.36,2025-09-14
1514,445,2,hogar,95.99,2025-05-16
1515,263,3,hogar,112.32,2025-02-26
1516,129,4,mercado,10.96,2025-02-09
1517,685,2,deportes,189.07,2025-01-26
1518,492,1,ropa,30.01,2025-04-26
1519,157,1,deportes,44.52,2025-10-02
1520,187,3,ropa,23.41,2025-12-12
1521,581,4,ropa,55.24,2025-04-06
1522,165,1,hogar,75.59,2025-02-21
1523,220,1,electronica,342.69,2025-01-15
1524,371,4,electronica,997.65,2025-11-09
1525,718,1,juguetes,19.57,2025-09-07
1526,679,2,electronica,439.47,2025-08-24
1527,502,2,libros,75.58,2025-12-03
1528,167,1,ropa,10.64,2025-12-28
1529,243,1,mercado,114.11,2025-10-16
1530,304,4,electronica,694.07,2025-06-08
1531,78,1,ropa,87.13,2025-01-23
1532,566,2,electronica,47.77,2025-04-28
1533,148,1,mercado,66.14,2025-02-16
1534,32,7,ropa,37.31,2025-08-13
1535,411,1,hogar,52.56,2025-08-07
1536,454,2,mercado,29.5,2025-07-13
1537,533,2,hogar,168.2,2025-05-05
1538,478,1,electronica,93.05,2025-07-13
1539,462,2,ropa,59.85,2025-07-13
1540,668,2,electronica,663.27,2025-06-14
1541,725,2,ropa,36.77,2025-11-15
1542,668,1,juguetes,77.08,2025-01-28
1543,637,3,hogar,179.9,2025-10-25
1544,447,4,juguetes,14.74,2025-12-22
1545,742,6,ropa,5.94,2025-08-13
1546,318,4,deportes,224.83,2025-11-25
1547,433,6,ropa,71.63,2025-05-09
1548,756,2,libros,17.25,2025-10-10
1549,245,1,electronica,75.53,2025-01-19
1550,108,2,ropa,68.34,2025-02-26
1551,268,3,libros,22.39,2025-07-16
1552,570,5,hogar,93.12,2025-10-10
1553,718,1,hogar,216.35,2025-03-15
1554,150,1,deportes,119.6,2025-01-15
1555,98,3,mercado,20.03,2025-11-08
1556,397,2,ropa,166.14,2025-02-18
1557,664,2,ropa,90.19,2025-05-07
1558,395,6,electronica,86.33,2025-08-21
1559,740,4,hogar,168.66,2025-11-21
1560,792,2,ropa,133.27,2025-03-14
1561,552,2,hogar,147.01,2025-06-15
1562,28,6,ropa,37.47,2025-04-05
1563,189,1,deportes,44.8,2025-08-07
1564,530,2,electronica,112.04,2025-09-10
1565,714,3,ropa,130.27,2025-09-08
1566,678,2,hogar,100.55,2025-07-18
1567,229,2,hogar,29.29,2025-12-01
1568,680,4,ropa,111.17,2025-04-23
1569,217,5,mercado,61.08,2025-10-05
1570,429,4,ropa,145.72,2025-01-12
1571,150,2,hogar,15.04,2025-06-04
1572,538,1,deportes,47.42,2025-01-05
1573,392,1,juguetes,59.44,2025-05-04
1574,429,3,hogar,20.57,2025-05-20
1575,217,2,hogar,23.76,2025-04-07
1576,384,2,mercado,33.24,2025-06-18
1577,163,4,deportes,80.33,2025-01-19
1578,537,2,electronica,313.06,2025-09-28
1579,60,3,juguetes,73.76,2025-01-28
1580,708,6,mercado,5.94,2025-09-15
1581,703,1,electronica,5.23,2025-09-25
1582,14,2,hogar,38.31,2025-08-18
1583,519,1,deportes,47.43,2025-09-01
1584,205,2,hogar,93.85,2025-12-18
1585,301,2,electronica,367.37,2025-07-23
1586,144,1,electronica,516.21,2025-08-22
1587,301,2,hogar,219.85,2025-10-05
1588,560,3,libros,6.15,2025-08-12
1589,38,6,electronica,88.07,2025-04-08
1590,467,5,mercado,27.19,2025-02-04
1591,449,2,electronica,333.8,2025-01-27
1592,744,2,electronica,68.98,2025-12-14
1593,671,1,ropa,57.63,2025-04-16
1594,770,1,ropa,67.48,2025-03-24
1595,453,2,hogar,186.58,2025-10-13
1596,473,4,electronica,154.58,2025-04-20
1597,396,3,electronica,142.47,2025-01-28
1598,773,1,electronica,82.21,2025-11-25
1599,410,4,electronica,952.45,2025-03-06
1600,639,3,libros,11.68,2025-03-11
1601,499,1,hogar,481.14,2025-11-04
1602,602,2,ropa,86.35,2025-12-22
1603,338,3,electronica,328.44,2025-01-21
1604,411,2,electronica,777.54,2025-11-11
1605,403,4,ropa,127.17,2025-09-13
1606,74,1,juguetes,35.24,2025-12-12
1607,673,2,electronica,157.77,2025-10-23
1608,138,2,ropa,22.89,2025-01-04
1609,595,3,mercado,128.1,2025-04-15
1610,173,6,electronica,324.45,2025-05-07
1611,295,2,ropa,164.93,2025-12-19
1612,398,1,hogar,245.76,2025-03-23
1613,307,3,mercado,83.72,2025-08-18
1614,759,4,juguetes,73.19,2025-11-14
1615,726,2,libros,9.62,2025-02-08
1616,506,2,ropa,215.5,2025-05-12
1617,211,2,deportes,71.15,2025-06-19
1618,361,2,hogar,68.99,2025-02-06
1619,507,1,mercado,140.39,2025-03-10
1620,566,2,deportes,67.28,2025-05-15
1621,345,3,electronica,169.27,2025-07-23
1622,187,2,ropa,48.43,2025-03-04
1623,276,3,mercado,39.37,2025-01-02
1624,295,6,mercado,71.8,2025-08-06
1625,217,2,mercado,170.3,2025-07-02
1626,696,2,electronica,90.91,2025-01-04
1627,702,2,juguetes,47.12,2025-10-07
1628,786,1,mercado,14.98,2025-07-07
1629,738,1,ropa,43.26,2025-02-19
1630,13,2,deportes,95.11,2025-11-05
1631,769,6,libros,113.82,2025-05-17
1632,446,1,deportes,133.39,2025-04-05
1633,642,2,mercado,10.42,2025-10-28
1634,660,5,hogar,38.79,2025-11-14
1635,162,1,hogar,71.03,2025-05-24
1636,464,3,deportes,15.58,2025-08-25
1637,1,1,ropa,48.96,2025-08-04
1638,726,2,hogar,33.34,2025-01-20
1639,236,2,mercado,17.66,2025-03-14
1640,442,2,ropa,39.89,2025-02-05
1641,484,2,electronica,30.53,2025-02-22
1642,408,1,mercado,24.28,2025-12-24
1643,67,1,electronica,700.36,2025-06-28
1644,366,2,ropa,90.46,2025-10-14
1645,150,1,hogar,12.58,2025-09-16
1646,757,6,mercado,98.94,2025-12-24
1647,670,2,electronica,168.25,2025-04-12
1648,318,2,electronica,400.85,2025-11-21
1649,81,1,juguetes,40.32,2025-06-12
1650,221,2,libros,187.36,2025-02-09
1651,291,3,electronica,416.41,2025-11-11
1652,668,4,deportes,90.44,2025-10-05
1653,440,2,electronica,478.85,2025-07-28
1654,129,1,hogar,29.18,2025-10-09
1655,652,3,ropa,40.62,2025-04-19
1656,777,2,ropa,147.42,2025-08-16
1657,424,3,ropa,20.73,2025-05-11
1658,435,4,ropa,64.63,2025-01-13
1659,675,2,electronica,48.34,2025-01-10
1660,559,5,hogar,10.28,2025-11-01
1661,112,1,hogar,143.07,2025-07-17
1662,255,3,ropa,38.7,2025-07-19
1663,760,2,deportes,41.17,2025-02-26
1664,187,4,hogar,29.18,2025-10-26
1665,200,4,mercado,31.16,2025-08-07
1666,693,4,juguetes,142.72,2025-07-18
1667,555,5,juguetes,43.98,2025-12-03
1668,117,1,libros,37.57,2025-05-13
1669,384,2,mercado,8.64,2025-12-06
1670,702,1,electronica,276.87,2025-02-23
1671,109,2,mercado,116.22,2025-09-19
1672,158,2,ropa,63.03,2025-05-06
1673,784,2,mercado,31.24,2025-01-23
1674,162,6,electronica,156.77,2025-01-23
1675,689,1,electronica,21.07,2025-01-04
1676,601,3,mercado,24.47,2025-09-06
1677,542,3,ropa,23.23,2025-06-16
1678,59,2,electronica,93.28,2025-08-06
1679,586,1,mercado,55.23,2025-12-07
1680,184,1,hogar,134.91,2025-06-01
1681,367,4,electronica,30.63,2025-01-06
1682,420,3,mercado,87.04,2025-05-24
1683,112,6,mercado,30.81,2025-04-02
1684,357,2,mercado,48.61,2025-07-17
1685,451,4,electronica,94.04,2025-04-08
1686,94,1,mercado,89.86,2025-05-07
1687,221,3,ropa,105.47,2025-12-22
1688,544,2,mercado,145.85,2025-03-12
1689,495,3,hogar,125.03,2025-07-06
1690,335,2,ropa,17.04,2025-09-05
1691,668,6,libros,44.69,2025-10-19
1692,247,4,mercado,71.8,2025-10-14
1693,683,2,ropa,141.47,2025-09-21
1694,257,7,ropa,63.69,2025-06-10
1695,287,5,electronica,101.91,2025-09-04
1696,253,2,mercado,78.34,2025-01-13
1697,260,4,electronica,168.39,2025-08-09
1698,283,3,electronica,129.15,2025-04-27
1699,207,2,libros,18.22,2025-05-09
1700,56,1,hogar,33.78,2025-12-09
1701,60,5,hogar,62.39,2025-04-26
1702,616,4,mercado,46.59,2025-05-28
1703,593,4,ropa,189.35,2025-05-18
1704,516,2,ropa,43.19,2025-01-24
1705,192,2,hogar,83.58,2025-09-11
1706,654,2,mercado,20.67,2025-02-23
1707,251,2,mercado,37.89,2025-03-27
1708,718,3,electronica,322.93,2025-06-10
1709,690,1,electronica,660.04,2025-01-07
1710,265,1,ropa,47.19,2025-12-13
1711,684,2,mercado,8.49,2025-07-28
1712,131,2,electronica,91.55,2025-05-28
1713,452,2,hogar,98.3,2025-05-16
1714,340,2,mercado,183.07,2025-06-25
1715,130,2,deportes,79.16,2025-12-12
1716,668,2,ropa,62.67,2025-04-02
1717,709,3,ropa,51.93,2025-11-28
1718,134,3,electronica,2092.49,2025-10-28
1719,421,1,electronica,496.45,2025-07-07
1720,92,3,libros,6.19,2025-05-05
1721,482,6,hogar,38.71,2025-01-07
1722,51,2,electronica,44.45,2025-11-11
1723,589,2,ropa,57.68,2025-05-10
1724,565,1,hogar,14.3,2025-12-17
1725,571,7,juguetes,49.49,2025-08-06
1726,469,1,deportes,128.51,2025-02-10
1727,70,7,libros,21.32,2025-06-08
1728,293,2,hogar,99.46,2025-09-18
1729,116,2,mercado,125.47,2025-08-14
1730,336,2,juguetes,25.44,2025-03-23
1731,225,2,libros,19.4,2025-08-04
1732,204,1,electronica,236.73,2025-12-11
1733,129,1,ropa,19.49,2025-05-06
1734,194,2,ropa,94.12,2025-09-21
1735,684,3,libros,18.25,2025-02-01
1736,623,5,electronica,531.11,2025-12-16
1737,371,1,hogar,156.51,2025-10-14
1738,265,1,electronica,280.06,2025-06-07
1739,109,1,electronica,378.23,2025-02-13
1740,6,1,mercado,107.12,2025-11-26
1741,600,5,deportes,110.64,2025-11-22
1742,95,1,deportes,18.56,2025-01-24
1743,731,2,deportes,16.78,2025-02-11
1744,789,2,hogar,96.73,2025-06-10
1745,198,2,electronica,102.46,2025-10-03
1746,575,1,mercado,158.91,2025-02-20
1747,23,1,deportes,93.54,2025-12-16
1748,320,1,hogar,251.75,2025-08-02
1749,288,3,electronica,42.56,2025-04-12
1750,546,6,electronica,403.44,2025-11-25
1751,190,4,hogar,68.13,2025-05-25
1752,774,2,deportes,11.54,2025-05-04
1753,703,2,deportes,11.61,2025-03-11
1754,182,1,ropa,82.62,2025-01-09
1755,3,3,deportes,243.72,2025-02-07
1756,729,7,hogar,52.0,2025-08-24
1757,763,7,juguetes,15.49,2025-08-13
1758,183,2,libros,31.96,2025-04-20
1759,427,6,hogar,245.12,2025-05-02
1760,286,6,mercado,23.64,2025-02-05
1761,645,2,hogar,295.35,2025-12-26
1762,4,2,ropa,73.44,2025-02-12
1763,618,2,ropa,178.96,2025-06-25
1764,270,1,hogar,22.06,2025-09-11
1765,58,3,hogar,102.49,2025-06-03
1766,590,1,ropa,81.39,2025-11-03
1767,231,2,electronica,742.79,2025-03-10
1768,167,2,electronica,219.28,2025-01-19
1769,221,2,electronica,103.19,2025-06-17
1770,87,1,electronica,489.99,2025-07-22
1771,375,2,mercado,35.3,2025-06-07
1772,731,1,hogar,342.63,2025-11-27
1773,278,1,hogar,89.92,2025-10-12
1774,190,2,deportes,153.81,2025-02-16
1775,493,2,hogar,126.0,2025-11-01
1776,422,3,deportes,47.0,2025-06-25
1777,317,2,electronica,664.65,2025-03-12
1778,492,2,electronica,62.17,2025-03-22
1779,715,2,ropa,141.62,2025-10-14
1780,744,2,electronica,30.57,2025-01-17
1781,773,1,electronica,201.74,2025-07-23
1782,162,2,mercado,109.95,2025-07-19
1783,406,2,juguetes,40.59,2025-12-17
1784,239,3,ropa,97.06,2025-01-26
1785,327,2,mercado,68.15,2025-11-17
1786,151,1,mercado,82.18,2025-10-19
1787,112,1,libros,38.43,2025-02-07
1788,593,3,electronica,12.29,2025-06-25
1789,90,6,libros,51.71,2025-05-02
1790,602,1,juguetes,205.81,2025-03-18
1791,679,1,ropa,32.71,2025-09-17
1792,421,1,ropa,160.42,2025-04-04
1793,320,1,deportes,263.56,2025-05-05
1794,463,2,hogar,23.67,2025-04-06
1795,143,4,deportes,116.92,2025-09-03
1796,441,4,ropa,29.9,2025-06-12
1797,268,1,deportes,7.71,2025-06-11
1798,639,3,hogar,168.03,2025-01-10
1799,349,2,deportes,15.59,2025-05-13
1800,65,1,mercado,84.42,2025-09-20
1801,609,7,electronica,417.46,2025-09-25
1802,455,2,electronica,428.2,2025-12-19
1803,435,1,mercado,80.81,2025-05-22
1804,336,4,mercado,37.78,2025-09-12
1805,516,2,electronica,511.77,2025-02-08
1806,266,2,libros,12.89,2025-11-19
1807,364,5,hogar,10.17,2025-05-19
1808,366,6,ropa,65.02,2025-06-28
1809,362,4,mercado,43.57,2025-06-16
1810,374,4,electronica,289.84,2025-10-19
1811,727,1,mercado,76.28,2025-07-04
1812,767,1,libros,22.54,2025-09-25
1813,167,2,libros,18.19,2025-02-16
1814,659,2,mercado,9.26,2025-01-16
1815,203,2,ropa,110.15,2025-03-24
1816,650,4,electronica,204.72,2025-07-17
1817,493,4,mercado,54.61,2025-01-21
1818,392,2,ropa,64.72,2025-02-06
1819,678,2,deportes,103.14,2025-12-05
1820,383,4,ropa,138.13,2025-11-17
1821,463,2,mercado,20.54,2025-11-14
1822,348,4,mercado,9.59,2025-06-23
1823,569,2,mercado,37.02,2025-09-22
1824,473,1,electronica,61.76,2025-05-28
1825,546,4,electronica,395.53,2025-07-15
1826,235,2,mercado,43.27,2025-08-20
1827,670,4,electronica,192.14,2025-02-28
1828,35,5,electronica,120.33,2025-05-08
1829,201,1,juguetes,17.16,2025-10-08
1830,129,3,electronica,316.66,2025-12-04
1831,383,1,mercado,171.46,2025-08-13
1832,456,3,hogar,225.01,2025-02-04
1833,378,2,libros,21.58,2025-02-22
1834,19,2,mercado,66.5,2025-05-04
1835,444,7,ropa,14.47,2025-07-26
1836,299,2,mercado,14.16,2025-11-04
1837,100,2,mercado,152.53,2025-03-28
1838,640,2,electronica,214.49,2025-01-02
1839,649,3,hogar,52.79,2025-06-08
1840,650,4,electronica,467.6,2025-04-21
1841,626,4,electronica,102.72,2025-08-27
1842,292,1,electronica,79.8,2025-03-27
1843,383,1,ropa,6.47,2025-09-14
1844,75,4,electronica,123.75,2025-04-04
1845,265,4,ropa,149.17,2025-02-13
1846,458,2,electronica,64.7,2025-05-10
1847,81,1,ropa,13.81,2025-03-21
1848,179,2,ropa,140.55,2025-04-02
1849,650,2,ropa,144.16,2025-12-18
1850,582,1,ropa,19.58,2025-12-17
1851,194,1,juguetes,14.98,2025-07-17
1852,206,2,hogar,108.35,2025-12-13
1853,52,1,ropa,417.15,2025-10-15
1854,559,3,deportes,19.76,2025-06-13
1855,752,1,electronica,534.28,2025-09-25
1856,177,3,ropa,231.36,2025-02-26
1857,73,4,hogar,163.25,2025-09-12
1858,550,5,electronica,97.71,2025-12-06
1859,542,2,juguetes,94.07,2025-05-09
1860,109,2,mercado,173.26,2025-06-11
1861,103,4,electronica,77.11,2025-03-09
1862,229,2,mercado,38.68,2025-09-28
1863,743,2,electronica,168.13,2025-07-08
1864,368,1,mercado,63.89,2025-06-03
1865,418,5,mercado,78.47,2025-03-01
1866,765,2,hogar,23.9,2025-05-10
1867,698,4,ropa,103.02,2025-04-16
1868,791,2,electronica,1299.99,2025-07-04
1869,138,3,electronica,179.56,2025-07-18
1870,88,2,electronica,312.82,2025-04-02
1871,40,2,electronica,97.54,2025-01-28
1872,99,1,electronica,1335.92,2025-05-07
1873,437,1,ropa,15.0,2025-06-17
1874,393,7,ropa,27.98,2025-01-03
1875,148,1,deportes,122.09,2025-03-04
1876,391,3,mercado,26.69,2025-10-06
1877,400,2,hogar,638.11,2025-06-05
1878,502,1,libros,48.08,2025-06-18
1879,395,1,mercado,125.62,2025-11-01
1880,715,1,libros,48.05,2025-06-21
1881,439,1,electronica,82.9,2025-08-27
1882,176,1,mercado,66.5,2025-06-12
1883,338,2,mercado,78.91,2025-05-18
1884,231,3,mercado,11.54,2025-08-27
1885,489,3,mercado,10.02,2025-07-07
1886,568,3,mercado,44.14,2025-12-22
1887,748,1,electronica,166.7,2025-06-27
1888,159,1,mercado,51.81,2025-06-27
1889,498,3,mercado,337.77,2025-12-23
1890,778,6,mercado,89.38,2025-10-03
1891,590,1,ropa,84.42,2025-08-23
1892,32,2,electronica,234.19,2025-01-25
1893,722,1,ropa,104.64,2025-11-03
1894,409,5,ropa,195.82,2025-10-27
1895,48,1,electronica,767.14,2025-08-08
1896,581,3,electronica,743.41,2025-08-12
1897,360,5,ropa,45.48,2025-02-14
1898,129,3,mercado,9.25,2025-05-22
1899,29,2,juguetes,32.44,2025-03-07
1900,431,1,hogar,33.57,2025-10-28
1901,289,4,juguetes,161.15,2025-10-15
1902,203,1,ropa,68.12,2025-09-01
1903,610,2,hogar,53.52,2025-05-17
1904,263,3,electronica,904.71,2025-04-15
1905,358,1,juguetes,263.83,2025-09-18
1906,450,1,mercado,30.51,2025-09-04
1907,616,1,juguetes,15.28,2025-06-17
1908,548,1,deportes,37.49,2025-01-24
1909,98,1,juguetes,103.41,2025-02-05
1910,590,2,juguetes,28.52,2025-07-18
1911,338,4,mercado,28.59,2025-04-24
1912,152,2,electronica,88.96,2025-06-24
1913,751,2,electronica,585.18,2025-05-17
1914,714,2,electronica,51.82,2025-07-08
1915,283,2,deportes,10.51,2025-05-03
1916,782,3,electronica,549.38,2025-08-11
1917,681,2,mercado,73.11,2025-05-08
1918,95,4,ropa,181.95,2025-06-25
1919,160,2,ropa,75.26,2025-11-13
1920,364,2,electronica,426.86,2025-08-07
1921,744,2,electronica,222.67,2025-04-14
1922,480,4,ropa,41.41,2025-02-26
1923,194,5,electronica,263.83,2025-08-22
1924,255,2,juguetes,102.7,2025-04-17
1925,466,1,ropa,47.06,2025-11-02
1926,406,1,mercado,106.64,2025-04-21
1927,231,2,electronica,58.42,2025-07-16
1928,639,1,hogar,111.79,2025-01-07
1929,224,3,libros,34.42,2025-01-21
1930,465,5,deportes,110.83,2025-12-18
1931,468,1,electronica,28.3,2025-06-28
1932,58,4,mercado,16.54,2025-10-28
1933,737,3,electronica,577.05,2025-11-22
1934,771,1,electronica,278.47,2025-10-11
1935,412,2,mercado,70.98,2025-10-11
1936,113,2,electronica,6.64,2025-12-25
1937,756,5,deportes,74.31,2025-12-15
1938,517,2,mercado,20.93,2025-07-28
1939,420,3,deportes,31.99,2025-02-21
1940,562,1,libros,52.3,2025-01-25
1941,431,5,electronica,461.2,2025-08-05
1942,5,4,ropa,92.39,2025-02-23
1943,719,2,deportes,14.04,2025-10-14
1944,219,1,mercado,7.18,2025-12-03
1945,650,1,electronica,1123.25,2025-12-02
1946,525,2,mercado,49.84,2025-12-28
1947,56,2,ropa,132.85,2025-09-25
1948,36,1,electronica,75.09,2025-07-20
1949,631,2,electronica,141.78,2025-06-15
1950,486,2,mercado,183.56,2025-07-09
1951,112,3,hogar,76.95,2025-09-11
1952,164,2,libros,51.66,2025-06-14
1953,363,2,ropa,18.68,2025-09-06
1954,484,1,mercado,63.59,2025-06-10
1955,188,1,mercado,102.22,2025-04-01
1956,36,2,ropa,92.27,2025-04-18
1957,654,3,libros,26.66,2025-05-04
1958,464,7,juguetes,85.8,2025-08-06
1959,129,2,mercado,59.8,2025-05-06
1960,710,6,libros,6.35,2025-06-04
1961,98,2,electronica,1005.63,2025-12-07
1962,551,2,electronica,60.04,2025-10-21
1963,304,2,libros,36.31,2025-06-02
1964,518,1,libros,73.17,2025-03-14
1965,31,1,libros,34.25,2025-01-04
1966,580,3,ropa,49.42,2025-08-28
1967,208,1,hogar,16.08,2025-11-04
1968,304,1,hogar,160.05,2025-09-18
1969,476,2,electronica,150.89,2025-09-23
1970,756,2,ropa,14.7,2025-09-22
1971,542,2,ropa,30.36,2025-10-23
1972,503,2,mercado,139.84,2025-03-07
1973,511,1,mercado,97.98,2025-01-11
1974,488,4,electronica,8.2,2025-05-07
1975,65,2,hogar,27.88,2025-12-11
1976,439,2,electronica,64.39,2025-05-21
1977,381,1,electronica,121.43,2025-03-05
1978,383,1,juguetes,77.12,2025-01-03
1979,292,4,electronica,249.89,2025-09-01
1980,323,2,hogar,8.46,2025-04-22
1981,485,2,mercado,28.65,2025-05-09
1982,283,5,mercado,140.03,2025-11-25
1983,308,6,electronica,462.88,2025-09-26
1984,405,3,hogar,178.65,2025-03-23
1985,635,2,ropa,168.18,2025-01-03
1986,778,2,hogar,48.45,2025-01-24
1987,90,2,juguetes,34.72,2025-10-06
1988,97,1,libros,15.17,2025-07-11
1989,558,5,mercado,45.38,2025-03-28
1990,78,2,mercado,49.38,2025-02-24
1991,91,3,ropa,29.25,2025-08-12
1992,217,1,libros,57.28,2025-01-21
1993,507,4,libros,17.83,2025-09-10
1994,318,1,ropa,214.55,2025-07-06
1995,644,1,electronica,30.78,2025-01-06
1996,89,2,mercado,205.86,2025-03-06
1997,558,5,mercado,191.83,2025-01-24
1998,124,7,deportes,144.06,2025-03-15
1999,548,3,juguetes,40.32,2025-08-10
2000,654,2,electronica,31.51,2025-03-16
2001,290,2,electronica,43.05,2025-02-02
2002,602,5,deportes,141.72,2025-12-16
2003,424,3,ropa,436.2,2025-01-14
2004,11,1,hogar,24.6,2025-06-02
2005,722,2,juguetes,9.57,2025-09-19
2006,573,6,mercado,49.43,2025-12-09
2007,73,1,electronica,5.01,2025-03-02
2008,729,1,electronica,202.58,2025-03-09
2009,237,2,ropa,132.81,2025-07-21
2010,112,1,electronica,91.59,2025-09-03
2011,211,1,electronica,170.53,2025-10-09
2012,731,2,ropa,63.17,2025-07-02
2013,337,3,ropa,125.55,2025-11-17
2014,56,2,electronica,372.48,2025-09-18
2015,84,1,mercado,38.38,2025-09-21
2016,626,2,mercado,52.03,2025-01-17
2017,335,2,hogar,37.08,2025-07-15
2018,35,4,deportes,202.49,2025-12-05
2019,424,2,mercado,64.73,2025-09-17
2020,586,1,hogar,21.0,2025-01-16
2021,562,6,electronica,478.18,2025-02-13
2022,364,3,ropa,173.5,2025-01-27
2023,511,2,mercado,75.01,2025-07-19
2024,672,1,ropa,46.09,2025-12-11
2025,368,1,ropa,47.35,2025-03-21
2026,202,1,deportes,72.19,2025-11-15
2027,160,2,hogar,72.43,2025-03-28
2028,41,2,electronica,461.28,2025-11-21
2029,525,1,deportes,46.98,2025-06-22
2030,428,5,electronica,143.66,2025-01-14
2031,94,2,ropa,6.94,2025-12-28
2032,122,1,electronica,320.49,2025-11-12
2033,57,2,electronica,716.01,2025-03-11
2034,536,4,ropa,22.48,2025-03-01
2035,624,3,electronica,1155.08,2025-11-06
2036,183,2,libros,60.55,2025-01-16
2037,464,2,hogar,147.53,2025-02-14
2038,585,2,deportes,171.05,2025-09-28
2039,789,1,hogar,58.84,2025-10-13
2040,544,2,libros,22.15,2025-11-28
2041,682,2,libros,47.54,2025-08-14
2042,634,1,hogar,42.81,2025-06-06
2043,204,1,electronica,43.29,2025-05-05
2044,523,5,mercado,172.01,2025-03-09
2045,680,2,mercado,287.92,2025-12-18
2046,615,5,electronica,14.84,2025-01-13
2047,59,3,electronica,1080.97,2025-05-04
2048,528,2,deportes,69.56,2025-02-15
2049,10,2,electronica,143.8,2025-04-22
2050,197,4,ropa,135.23,2025-08-24
2051,530,2,electronica,1077.81,2025-04-26
2052,232,2,electronica,133.01,2025-06-18
2053,77,2,libros,11.47,2025-01-27
2054,677,4,electronica,73.86,2025-11-05
2055,550,3,mercado,32.3,2025-06-15
2056,444,2,ropa,36.45,2025-04-20
2057,647,4,electronica,61.36,2025-04-22
2058,540,2,ropa,78.61,2025-07-17
2059,327,2,ropa,267.15,2025-01-27
2060,267,3,ropa,137.49,2025-09-03
2061,688,3,deportes,94.86,2025-10-18
2062,516,2,libros,14.6,2025-04-26
2063,596,1,hogar,45.93,2025-10-09
2064,272,2,hogar,392.9,2025-01-23
2065,489,2,mercado,12.85,2025-05-24
2066,330,4,mercado,154.77,2025-05-09
2067,168,1,libros,44.33,2025-12-06
2068,45,1,ropa,35.77,2025-04-19
2069,51,2,ropa,21.73,2025-04-23
2070,404,2,libros,23.81,2025-10-19
2071,335,2,mercado,6.84,2025-02-04
2072,27,5,electronica,454.2,2025-12-04
2073,483,6,ropa,165.27,2025-04-22
2074,515,2,hogar,58.21,2025-04-13
2075,128,2,electronica,225.67,2025-05-06
2076,251,2,libros,20.21,2025-03-09
2077,603,1,electronica,213.32,2025-05-20
2078,527,1,ropa,14.97,2025-05-28
2079,601,5,ropa,12.97,2025-10-22
2080,501,2,ropa,51.46,2025-07-05
2081,235,2,ropa,28.08,2025-08-11
2082,638,2,mercado,198.68,2025-12-06
2083,793,2,ropa,120.66,2025-02-20
2084,222,5,ropa,15.55,2025-10-17
2085,371,1,mercado,119.33,2025-06-28
2086,572,1,mercado,47.39,2025-03-10
2087,394,1,electronica,120.0,2025-08-13
2088,607,2,mercado,6.38,2025-03-26
2089,144,1,mercado,42.68,2025-12-04
2090,734,3,hogar,55.53,2025-10-13
2091,499,2,mercado,138.27,2025-07-02
2092,591,2,libros,54.26,2025-09-22
2093,78,6,juguetes,32.92,2025-04-22
2094,186,4,electronica,355.81,2025-11-06
2095,99,1,ropa,292.13,2025-04-01
2096,398,1,libros,20.0,2025-03-27
2097,767,2,mercado,149.42,2025-05-26
2098,788,1,deportes,33.12,2025-03-21
2099,52,3,hogar,63.83,2025-02-11
2100,528,3,electronica,72.52,2025-12-04
2101,110,1,hogar,273.33,2025-09-11
2102,147,3,libros,13.69,2025-02-13
2103,626,2,electronica,1137.89,2025-03-08
2104,160,2,hogar,26.83,2025-07-05
2105,72,1,electronica,23.96,2025-04-07
2106,746,1,hogar,33.01,2025-06-13
2107,540,1,deportes,67.07,2025-05-05
2108,513,4,hogar,34.67,2025-02-16
2109,667,2,electronica,621.16,2025-01-05
2110,90,4,hogar,179.86,2025-01-24
2111,51,2,electronica,468.78,2025-04-02
2112,42,1,mercado,61.4,2025-02-24
2113,51,4,libros,179.79,2025-11-15
2114,500,2,mercado,66.07,2025-03-14
2115,71,2,ropa,210.91,2025-04-14
2116,294,1,ropa,315.89,2025-03-27
2117,274,7,electronica,125.91,2025-01-20
2118,749,2,mercado,152.43,2025-05-14
2119,404,6,hogar,195.58,2025-03-25
2120,663,1,mercado,121.66,2025-02-21
2121,436,6,hogar,120.68,2025-06-28
2122,672,4,ropa,160.57,2025-02-21
2123,692,1,mercado,86.67,2025-07-10
2124,240,1,hogar,250.14,2025-06-17
2125,337,2,mercado,71.09,2025-11-02
2126,776,2,mercado,7.43,2025-06-25
2127,91,2,hogar,13.19,2025-08-17
2128,756,1,electronica,111.97,2025-02-12
2129,28,1,ropa,60.59,2025-11-16
2130,485,1,electronica,240.99,2025-08-15
2131,364,6,ropa,35.43,2025-07-27
2132,784,7,electronica,471.2,2025-10-13
2133,76,4,electronica,57.83,2025-04-23
2134,433,2,ropa,37.75,2025-01-26
2135,656,1,deportes,87.11,2025-09-11
2136,723,4,hogar,156.84,2025-06-10
2137,736,2,ropa,212.7,2025-08-02
2138,200,1,ropa,8.13,2025-07-22
2139,142,3,mercado,121.47,2025-01-26
2140,419,3,deportes,13.88,2025-12-14
2141,246,4,ropa,80.9,2025-08-09
2142,431,5,electronica,94.87,2025-02-06
2143,594,1,libros,62.0,2025-08-11
2144,286,2,mercado,488.15,2025-09-16
2145,638,2,hogar,17.02,2025-04-22
2146,540,3,electronica,398.36,2025-08-16
2147,366,1,ropa,44.23,2025-11-26
2148,562,1,libros,18.6,2025-06-27
2149,768,3,mercado,110.23,2025-04-27
2150,344,1,juguetes,88.86,2025-07-13
2151,559,1,ropa,55.24,2025-07-13
2152,150,2,electronica,123.38,2025-02-27
2153,349,1,hogar,17.22,2025-05-10
2154,286,6,deportes,192.62,2025-07-26
2155,517,1,deportes,322.61,2025-03-02
2156,646,6,electronica,486.86,2025-01-20
2157,594,1,libros,9.39,2025-02-22
2158,410,2,ropa,80.61,2025-01-21
2159,602,3,hogar,7.55,2025-09-14
2160,600,1,electronica,174.24,2025-12-03
2161,17,2,ropa,42.05,2025-04-21
2162,665,1,deportes,34.44,2025-07-11
2163,722,5,mercado,68.15,2025-03-01
2164,466,1,mercado,53.64,2025-04-05
2165,153,4,ropa,48.15,2025-07-11
2166,31,2,deportes,46.54,2025-12-07
2167,258,2,juguetes,163.61,2025-01-19
2168,594,6,ropa,196.05,2025-07-24
2169,27,2,juguetes,41.24,2025-06-04
2170,86,1,mercado,18.54,2025-12-10
2171,152,2,ropa,20.98,2025-02-09
2172,583,1,ropa,124.82,2025-09-10
2173,6,2,hogar,106.0,2025-09-20
2174,580,1,juguetes,107.74,2025-07-22
2175,27,2,ropa,45.89,2025-02-06
2176,261,4,ropa,172.3,2025-10-15
2177,625,1,electronica,163.43,2025-11-18
2178,159,2,electronica,834.04,2025-11-11
2179,594,3,electronica,106.59,2025-08-25
2180,502,2,hogar,31.11,2025-05-02
2181,106,2,electronica,749.46,2025-05-16
2182,322,2,ropa,45.27,2025-10-28
2183,44,2,ropa,101.94,2025-04-01
2184,209,1,ropa,29.56,2025-08-23
2185,117,2,hogar,12.34,2025-01-20
2186,134,1,electronica,157.42,2025-01-04
2187,159,1,ropa,19.01,2025-01-15
2188,434,2,mercado,99.54,2025-08-10
2189,421,3,ropa,100.58,2025-11-08
2190,651,1,mercado,91.48,2025-05-16
2191,295,1,mercado,70.55,2025-10-11
2192,391,5,mercado,68.15,2025-12-06
2193,511,2,mercado,16.97,2025-03-18
2194,111,2,deportes,35.44,2025-10-18
2195,620,4,mercado,62.53,2025-07-17
2196,490,2,libros,35.18,2025-03-26
2197,647,2,libros,52.85,2025-08-02
2198,469,1,juguetes,15.28,2025-07-10
2199,240,1,electronica,769.74,2025-11-08
2200,470,5,electronica,1155.97,2025-02-11
2201,450,1,hogar,311.45,2025-01-03
2202,49,2,electronica,60.24,2025-06-22
2203,156,2,mercado,11.33,2025-12-24
2204,709,1,ropa,19.5,2025-06-27
2205,276,2,electronica,635.23,2025-01-26
2206,418,5,mercado,23.76,2025-06-04
2207,432,3,libros,56.54,2025-01-08
2208,15,3,mercado,8.55,2025-02-15
2209,292,3,mercado,12.51,2025-07-24
2210,518,1,mercado,82.2,2025-06-22
2211,685,2,electronica,544.25,2025-11-07
2212,527,5,mercado,33.01,2025-10-10
2213,147,2,hogar,331.72,2025-04-09
2214,307,2,electronica,369.72,2025-12-16
2215,696,1,deportes,60.91,2025-03-07
2216,707,2,hogar,128.67,2025-03-01
2217,276,1,libros,7.3,2025-07-04
2218,631,4,mercado,8.14,2025-02-26
2219,400,1,mercado,13.13,2025-06-20
2220,644,4,ropa,111.93,2025-05-13
2221,449,2,juguetes,44.66,2025-05-21
2222,367,3,hogar,53.52,2025-10-08
2223,546,2,electronica,65.47,2025-12-09
2224,732,2,hogar,123.36,2025-05-26
2225,54,2,ropa,153.11,2025-01-13
2226,522,1,electronica,9.19,2025-01-18
2227,741,1,libros,15.17,2025-06-01
2228,237,1,ropa,200.64,2025-03-03
2229,430,3,electronica,161.32,2025-08-05
2230,272,3,juguetes,18.68,2025-01-16
2231,210,5,mercado,120.54,2025-03-27
2232,290,3,ropa,155.66,2025-03-01
2233,119,1,libros,14.6,2025-05-10
2234,70,3,juguetes,63.23,2025-12-08
2235,629,6,electronica,323.42,2025-08-03
2236,673,3,mercado,29.69,2025-01-10
2237,41,2,electronica,74.9,2025-11-19
2238,226,1,ropa,28.75,2025-05-12
2239,154,4,ropa,8.85,2025-08-11
2240,343,1,mercado,42.69,2025-01-23
2241,578,4,electronica,175.22,2025-06-07
2242,610,2,mercado,8.59,2025-02-26
2243,692,2,electronica,78.97,2025-12-25
2244,410,7,electronica,433.87,2025-10-01
2245,393,1,electronica,108.59,2025-10-27
2246,351,1,ropa,15.78,2025-09-28
2247,391,1,electronica,201.24,2025-06-12
2248,776,1,mercado,40.28,2025-07-04
2249,507,3,electronica,331.41,2025-11-08
2250,126,1,electronica,526.41,2025-11-05
2251,714,2,ropa,23.0,2025-05-26
2252,479,1,libros,12.1,2025-08-22
2253,522,2,hogar,27.51,2025-02-07
2254,303,4,deportes,80.63,2025-02-18
2255,160,4,mercado,46.53,2025-09-16
2256,487,2,electronica,436.76,2025-02-02
2257,537,2,hogar,235.74,2025-05-08
2258,429,6,electronica,7.37,2025-12-13
2259,46,1,electronica,564.05,2025-06-19
2260,277,1,mercado,25.13,2025-06-10
2261,273,2,electronica,73.35,2025-12-15
2262,558,1,hogar,270.54,2025-02-22
2263,382,3,libros,85.44,2025-11-16
2264,646,1,libros,83.19,2025-09-27
2265,794,2,ropa,25.38,2025-03-06
2266,475,6,libros,20.1,2025-11-18
2267,504,2,libros,31.07,2025-06-02
2268,733,1,mercado,122.87,2025-03-20
2269,504,4,electronica,8.07,2025-08-26
2270,226,5,libros,63.04,2025-02-07
2271,456,3,juguetes,59.83,2025-12-23
2272,444,2,hogar,217.1,2025-03-24
2273,157,1,electronica,604.49,2025-09-22
2274,383,1,electronica,76.1,2025-03-21
2275,760,2,hogar,234.52,2025-01-27
2276,497,1,electronica,19.02,2025-11-09
2277,511,2,electronica,441.54,2025-04-09
2278,660,2,mercado,63.49,2025-01-05
2279,242,2,electronica,646.38,2025-12-17
2280,753,2,electronica,160.23,2025-08-06
2281,695,5,libros,17.47,2025-07-18
2282,597,6,juguetes,36.65,2025-11-20
2283,435,2,hogar,25.93,2025-02-13
2284,136,1,mercado,69.2,2025-04-06
2285,352,3,hogar,88.61,2025-09-19
2286,275,1,mercado,83.75,2025-02-23
2287,787,1,ropa,69.84,2025-10-07
2288,118,2,mercado,45.91,2025-10-02
2289,584,1,electronica,342.33,2025-04-03
2290,602,3,mercado,110.06,2025-03-13
2291,417,1,libros,21.89,2025-11-13
2292,160,1,mercado,67.26,2025-03-04
2293,759,1,mercado,11.01,2025-09-27
2294,429,1,electronica,53.61,2025-05-20
2295,520,1,mercado,41.04,2025-09-18
2296,277,1,ropa,51.78,2025-10-27
2297,315,1,mercado,146.94,2025-05-13
2298,690,3,electronica,71.58,2025-10-28
2299,668,1,hogar,200.92,2025-01-25
2300,252,2,juguetes,287.42,2025-04-15
2301,4,3,ropa,22.37,2025-03-04
2302,331,2,libros,25.54,2025-11-10
2303,83,2,electronica,319.75,2025-11-23
2304,571,1,mercado,109.7,2025-11-17
2305,368,7,ropa,21.25,2025-09-25
2306,422,6,mercado,20.21,2025-06-06
2307,738,2,mercado,29.2,2025-10-08
2308,569,4,electronica,559.12,2025-09-15
2309,661,2,electronica,495.32,2025-04-12
2310,290,1,electronica,368.15,2025-01-17
2311,614,1,electronica,229.13,2025-09-13
2312,268,4,mercado,32.83,2025-08-28
2313,508,2,ropa,23.12,2025-02-16
2314,647,2,electronica,1096.8,2025-07-09
2315,349,7,hogar,277.55,2025-03-25
2316,31,1,electronica,585.23,2025-02-01
2317,501,6,libros,33.7,2025-05-14
2318,743,4,mercado,43.44,2025-05-18
2319,453,2,electronica,63.55,2025-12-13
2320,167,2,deportes,153.09,2025-05-07
2321,180,3,hogar,172.67,2025-04-04
2322,600,4,ropa,88.09,2025-05-03
2323,316,2,hogar,103.58,2025-12-23
2324,268,2,mercado,24.95,2025-12-17
2325,352,7,electronica,632.62,2025-06-21
2326,343,4,hogar,72.25,2025-10-07
2327,108,1,ropa,58.52,2025-01-06
2328,779,7,electronica,228.37,2025-02-02
2329,630,2,ropa,129.9,2025-01-09
2330,240,2,hogar,12.5,2025-07-22
2331,421,1,electronica,55.34,2025-04-19
2332,476,2,electronica,655.97,2025-06-11
2333,774,2,deportes,23.42,2025-07-06
2334,388,1,hogar,172.3,2025-03-13
2335,731,4,electronica,174.16,2025-07-12
2336,234,5,mercado,59.6,2025-06-08
2337,284,1,ropa,126.2,2025-04-05
2338,576,3,hogar,9.89,2025-04-26
2339,49,1,electronica,58.13,2025-08-09
2340,529,1,mercado,32.3,2025-07-18
2341,460,2,hogar,453.54,2025-12-08
2342,431,5,electronica,13.41,2025-07-05
2343,792,4,ropa,89.68,2025-05-08
2344,6,2,ropa,7.26,2025-02-21
2345,124,2,hogar,126.94,2025-12-02
2346,73,4,ropa,93.81,2025-09-14
2347,496,2,electronica,8.38,2025-05-17
2348,152,2,electronica,562.19,2025-02-06
2349,731,1,ropa,92.65,2025-06-22
2350,94,2,mercado,190.65,2025-03-03
2351,105,2,mercado,214.89,2025-06-06
2352,556,4,electronica,93.71,2025-06-22
2353,664,1,ropa,22.57,2025-04-17
2354,345,2,hogar,73.52,2025-09-05
2355,89,1,electronica,353.88,2025-10-26
2356,732,4,hogar,69.23,2025-10-18
2357,268,3,mercado,43.42,2025-06-14
2358,577,4,deportes,28.42,2025-11-09
2359,434,6,hogar,31.95,2025-02-26
2360,466,1,electronica,526.54,2025-09-15
2361,25,3,hogar,48.15,2025-07-28
2362,329,7,electronica,52.89,2025-12-01
2363,320,2,ropa,41.5,2025-06-10
2364,43,4,electronica,133.38,2025-04-17
2365,41,2,mercado,105.13,2025-02-07
2366,13,2,ropa,149.76,2025-04-22
2367,489,1,deportes,105.98,2025-05-23
2368,788,1,hogar,114.76,2025-06-11
2369,55,2,ropa,156.19,2025-12-05
2370,509,3,deportes,27.81,2025-04-23
2371,650,2,electronica,75.51,2025-04-01
2372,515,1,electronica,889.84,2025-08-26
2373,518,1,mercado,109.28,2025-07-21
2374,312,1,libros,29.56,2025-10-06
2375,226,1,electronica,196.74,2025-02-23
2376,21,1,hogar,236.14,2025-09-15
2377,220,1,hogar,137.7,2025-02-03
2378,654,2,electronica,354.06,2025-04-21
2379,598,2,deportes,72.8,2025-03-13
2380,764,3,mercado,74.34,2025-07-01
2381,678,1,ropa,171.54,2025-06-22
2382,234,1,mercado,48.83,2025-01-08
2383,496,1,electronica,347.85,2025-11-24
2384,48,2,electronica,194.62,2025-02-02
2385,153,2,ropa,86.09,2025-10-04
2386,44,5,electronica,554.97,2025-12-20
2387,330,2,electronica,175.03,2025-12-07
2388,392,1,hogar,76.58,2025-05-04
2389,452,2,mercado,118.78,2025-02-14
2390,529,2,hogar,219.73,2025-08-27
2391,50,2,hogar,15.4,2025-05-20
2392,475,1,hogar,8.97,2025-07-14
2393,639,4,libros,30.69,2025-06-04
2394,630,1,electronica,518.73,2025-04-04
2395,268,1,electronica,130.1,2025-12-04
2396,695,2,electronica,412.27,2025-12-17
2397,229,2,ropa,78.53,2025-05-23
2398,489,3,electronica,526.16,2025-05-24
2399,91,2,deportes,46.38,2025-04-21
2400,607,1,hogar,146.74,2025-11-24
2401,165,2,electronica,788.1,2025-07-18
2402,280,1,ropa,9.43,2025-04-12
2403,599,1,electronica,273.57,2025-09-27
2404,334,2,juguetes,10.51,2025-05-25
2405,613,2,electronica,17.58,2025-06-15
2406,174,3,electronica,270.04,2025-12-16
2407,95,6,hogar,99.76,2025-10-26
2408,257,1,deportes,70.9,2025-08-23
2409,435,3,electronica,1020.68,2025-02-26
2410,518,2,ropa,30.83,2025-07-21
2411,777,1,hogar,10.63,2025-06-22
2412,618,2,electronica,363.05,2025-03-24
2413,437,1,mercado,43.67,2025-07-09
2414,318,2,hogar,385.39,2025-06-24
2415,788,2,mercado,156.64,2025-10-19
2416,7,1,deportes,281.94,2025-04-12
2417,41,1,ropa,51.47,2025-06-05
2418,174,1,ropa,96.32,2025-10-10
2419,503,2,deportes,193.97,2025-12-20
2420,438,1,electronica,82.14,2025-09-11
2421,489,2,ropa,128.45,2025-03-27
2422,794,1,deportes,279.3,2025-03-15
2423,314,2,mercado,39.87,2025-10-25
2424,649,3,hogar,163.87,2025-06-21
2425,649,2,mercado,43.81,2025-08-06
2426,315,1,mercado,33.54,2025-12-10
2427,240,1,hogar,78.27,2025-06-25
2428,237,1,electronica,161.88,2025-04-04
2429,761,3,electronica,591.48,2025-12-13
2430,444,3,ropa,171.43,2025-12-22
2431,796,2,ropa,48.38,2025-05-02
2432,766,2,libros,117.73,2025-02-05
2433,748,1,deportes,178.52,2025-02-18
2434,783,1,electronica,258.74,2025-05-03
2435,477,1,electronica,20.87,2025-07-26
2436,229,2,ropa,74.3,2025-01-18
2437,606,1,hogar,57.91,2025-05-07
2438,772,2,electronica,66.27,2025-03-12
2439,455,3,hogar,56.93,2025-08-06
2440,297,2,ropa,12.94,2025-02-24
2441,644,1,electronica,176.89,2025-06-20
2442,326,2,electronica,313.47,2025-02-03
2443,54,2,deportes,48.64,2025-09-16
2444,82,2,hogar,135.58,2025-10-02
2445,165,1,hogar,216.3,2025-02-18
2446,178,7,ropa,39.57,2025-12-22
2447,129,1,hogar,414.28,2025-01-13
2448,350,5,ropa,75.1,2025-10-21
2449,223,3,ropa,34.12,2025-10-20
2450,448,3,electronica,144.65,2025-12-02
2451,605,2,hogar,54.29,2025-08-10
2452,684,6,electronica,277.49,2025-09-10
2453,709,1,electronica,22.29,2025-01-02
2454,265,4,electronica,435.63,2025-10-20
2455,450,4,ropa,196.04,2025-03-07
2456,562,5,hogar,36.57,2025-03-24
2457,746,1,mercado,84.74,2025-04-23
2458,11,2,juguetes,80.72,2025-12-25
2459,106,2,hogar,261.97,2025-12-23
2460,501,3,hogar,149.58,2025-07-18
2461,103,1,libros,14.27,2025-03-06
2462,383,4,ropa,13.52,2025-09-22
2463,161,3,hogar,125.27,2025-02-01
2464,11,3,ropa,34.86,2025-02-03
2465,12,1,mercado,128.74,2025-01-05
2466,147,2,libros,42.34,2025-07-10
2467,108,1,mercado,61.07,2025-06-04
2468,162,1,ropa,31.9,2025-01-02
2469,94,5,ropa,80.51,2025-05-17
2470,56,1,hogar,125.28,2025-01-21
2471,570,1,mercado,31.58,2025-03-18
2472,655,2,electronica,142.65,2025-01-28
2473,631,1,mercado,138.6,2025-01-03
2474,104,3,ropa,147.46,2025-04-26
2475,26,2,ropa,51.29,2025-08-06
2476,691,1,ropa,158.89,2025-08-05
2477,725,2,electronica,326.01,2025-02-13
2478,407,1,electronica,1322.98,2025-03-10
2479,734,3,ropa,24.64,2025-10-20
2480,314,1,electronica,6.71,2025-10-24
2481,655,3,electronica,140.48,2025-02-23
2482,51,5,libros,77.55,2025-06-26
2483,590,3,electronica,401.82,2025-12-13
2484,403,1,ropa,29.73,2025-10-02
2485,720,2,libros,44.81,2025-11-14
2486,131,3,hogar,48.69,2025-11-10
2487,261,1,ropa,79.14,2025-04-17
2488,10,1,electronica,177.07,2025-05-07
2489,422,1,mercado,74.38,2025-10-10
2490,566,2,electronica,202.22,2025-03-24
2491,711,2,mercado,73.68,2025-06-21
2492,467,1,juguetes,64.05,2025-01-17
2493,69,5,ropa,220.28,2025-07-26
2494,131,2,juguetes,20.95,2025-11-01
2495,479,1,mercado,91.24,2025-03-17
2496,161,4,electronica,15.24,2025-12-28
2497,231,6,deportes,20.66,2025-08-08
2498,131,1,libros,64.84,2025-05-15
2499,740,3,hogar,65.45,2025-10-12
2500,54,3,hogar,120.3,2025-04-20
2501,153,2,electronica,437.31,2025-11-10
2502,60,3,mercado,5.05,2025-12-19
2503,32,1,mercado,6.03,2025-03-14
2504,686,2,deportes,425.16,2025-12-16
2505,300,2,libros,27.94,2025-05-02
2506,494,2,deportes,191.56,2025-03-11
2507,513,2,ropa,188.4,2025-04-03
2508,26,4,mercado,22.5,2025-01-12
2509,88,1,mercado,26.97,2025-09-18
2510,299,1,ropa,79.19,2025-05-18
2511,34,4,electronica,151.07,2025-10-09
2512,106,3,libros,87.65,2025-12-28
2513,752,7,mercado,10.12,2025-11-22
2514,530,3,ropa,126.87,2025-01-28
2515,6,2,libros,139.09,2025-11-23
2516,500,3,libros,63.09,2025-09-01
2517,751,2,ropa,24.33,2025-08-11
2518,286,2,electronica,165.72,2025-12-01
2519,565,3,mercado,41.69,2025-03-26
2520,523,4,ropa,71.29,2025-01-06
2521,535,2,hogar,22.41,2025-04-04
2522,444,4,hogar,161.09,2025-01-20
2523,643,2,hogar,136.47,2025-07-02
2524,621,7,electronica,140.29,2025-04-13
2525,716,4,ropa,142.32,2025-05-19
2526,558,2,hogar,22.49,2025-11-21
2527,273,2,electronica,48.41,2025-07-16
2528,409,1,libros,112.62,2025-04-25
2529,277,5,hogar,243.43,2025-07-17
2530,335,2,libros,66.31,2025-05-05
2531,476,2,mercado,32.62,2025-07-19
2532,584,1,ropa,46.03,2025-06-09
2533,240,1,ropa,69.78,2025-02-13
2534,689,2,electronica,561.66,2025-08-16
2535,488,2,electronica,155.15,2025-11-12
2536,266,7,electronica,294.95,2025-05-13
2537,145,2,hogar,81.69,2025-10-25
2538,155,1,mercado,265.24,2025-08-20
2539,285,4,hogar,59.05,2025-11-16
2540,596,2,deportes,160.11,2025-12-18
2541,573,2,hogar,25.3,2025-07-24
2542,285,1,electronica,505.84,2025-04-09
2543,60,2,libros,88.56,2025-05-08
2544,227,2,juguetes,6.11,2025-08-19
2545,285,2,electronica,38.16,2025-05-26
2546,324,6,juguetes,13.61,2025-08-19
2547,559,4,electronica,103.2,2025-09-25
2548,391,1,electronica,182.67,2025-04-23
2549,10,2,ropa,97.89,2025-08-03
2550,85,6,mercado,75.66,2025-11-25
2551,335,2,ropa,30.88,2025-09-15
2552,143,4,ropa,23.52,2025-02-10
2553,250,1,electronica,74.11,2025-10-03
2554,380,2,mercado,61.48,2025-01-22
2555,672,1,hogar,240.68,2025-07-01
2556,172,4,ropa,72.87,2025-08-01
2557,156,1,hogar,57.14,2025-06-19
2558,472,2,hogar,47.12,2025-09-11
2559,234,1,ropa,234.31,2025-10-09
2560,696,2,deportes,309.27,2025-05-19
2561,346,6,deportes,76.27,2025-12-08
2562,525,6,ropa,32.55,2025-02-23
2563,171,1,electronica,210.19,2025-03-04
2564,18,1,ropa,26.37,2025-02-13
2565,482,1,ropa,6.02,2025-08-07
2566,59,4,libros,23.26,2025-01-27
2567,168,3,electronica,378.1,2025-08-26
2568,622,1,ropa,179.59,2025-12-12
2569,786,4,electronica,324.53,2025-07-28
2570,150,1,electronica,136.52,2025-03-07
2571,539,1,electronica,357.36,2025-11-07
2572,387,1,libros,9.93,2025-01-15
2573,293,2,deportes,28.22,2025-04-24
2574,404,3,electronica,127.6,2025-04-11
2575,747,2,electronica,553.42,2025-07-20
2576,359,3,mercado,8.8,2025-01-16
2577,33,1,deportes,16.7,2025-08-07
2578,784,2,mercado,183.35,2025-09-12
2579,156,2,mercado,10.58,2025-07-02
2580,578,1,electronica,147.93,2025-12-18
2581,4,1,hogar,28.5,2025-01-27
2582,780,1,hogar,322.74,2025-10-11
2583,729,3,ropa,120.53,2025-11-27
2584,461,6,electronica,563.53,2025-12-07
2585,45,2,juguetes,29.54,2025-08-19
2586,523,4,ropa,58.28,2025-05-18
2587,46,1,libros,23.74,2025-05-24
2588,676,3,electronica,360.78,2025-04-22
2589,704,1,mercado,13.28,2025-07-25
2590,771,2,libros,8.71,2025-10-13
2591,583,2,libros,11.55,2025-04-24
2592,763,2,hogar,181.99,2025-05-28
2593,731,1,ropa,112.35,2025-11-04
2594,315,2,ropa,30.07,2025-09-28
2595,588,2,electronica,92.09,2025-04-20
2596,163,1,deportes,129.72,2025-06-17
2597,673,3,libros,51.76,2025-04-04
2598,319,4,electronica,65.23,2025-06-16
2599,404,4,libros,23.44,2025-09-21
2600,18,1,hogar,138.99,2025-12-13
2601,149,1,juguetes,10.81,2025-04-03
2602,36,2,libros,144.81,2025-01-05
2603,693,1,ropa,95.83,2025-12-28
2604,452,2,deportes,27.77,2025-07-04
2605,632,3,hogar,30.28,2025-09-17
2606,125,2,mercado,65.52,2025-10-22
2607,280,3,hogar,206.27,2025-01-05
2608,510,3,juguetes,15.43,2025-07-07
2609,90,2,ropa,7.5,2025-06-21
2610,544,2,deportes,42.22,2025-09-21
2611,728,2,electronica,1044.39,2025-04-22
2612,367,6,ropa,158.64,2025-05-20
2613,396,4,hogar,298.0,2025-07-25
2614,151,2,electronica,356.9,2025-05-14
2615,617,3,electronica,719.73,2025-12-12
2616,711,1,libros,26.35,2025-06-11
2617,744,1,ropa,55.8,2025-03-19
2618,722,2,ropa,58.21,2025-01-28
2619,597,1,mercado,79.46,2025-04-10
2620,346,1,ropa,38.97,2025-02-14
2621,715,1,mercado,85.81,2025-06-12
2622,698,2,mercado,8.03,2025-10-28
2623,606,2,deportes,119.12,2025-05-24
2624,525,2,electronica,672.85,2025-12-04
2625,393,4,deportes,71.8,2025-06-02
2626,767,3,electronica,35.37,2025-08-22
2627,351,1,electronica,322.86,2025-10-18
2628,215,3,mercado,85.59,2025-08-26
2629,75,1,electronica,50.42,2025-10-23
2630,437,5,ropa,125.68,2025-06-23
2631,290,5,mercado,7.56,2025-07-04
2632,169,2,electronica,87.71,2025-11-21
2633,556,2,mercado,19.56,2025-11-18
2634,676,6,mercado,21.92,2025-09-26
2635,60,1,deportes,6.43,2025-09-10
2636,385,3,mercado,40.84,2025-03-04
2637,422,2,juguetes,53.88,2025-01-21
2638,66,2,mercado,127.54,2025-09-23
2639,426,3,ropa,41.2,2025-02-11
2640,481,1,mercado,116.0,2025-02-23
2641,489,1,deportes,76.44,2025-12-19
2642,562,3,electronica,45.28,2025-10-14
2643,253,4,electronica,140.04,2025-10-21
2644,616,2,electronica,179.55,2025-05-11
2645,791,4,deportes,163.57,2025-05-11
2646,553,2,hogar,148.29,2025-10-25
2647,85,2,deportes,177.53,2025-04-28
2648,697,2,ropa,187.53,2025-03-16
2649,109,1,electronica,426.56,2025-10-20
2650,635,4,ropa,297.48,2025-03-04
2651,402,2,mercado,43.26,2025-04-16
2652,60,2,libros,46.86,2025-04-15
2653,516,6,ropa,199.43,2025-10-03
2654,370,2,electronica,49.83,2025-04-28
2655,122,2,hogar,13.19,2025-06-01
2656,583,1,libros,13.71,2025-07-13
2657,322,1,electronica,397.12,2025-01-15
2658,759,2,electronica,315.31,2025-10-16
2659,136,3,juguetes,17.9,2025-11-03
2660,306,5,deportes,33.24,2025-06-17
2661,287,3,hogar,119.03,2025-09-11
2662,364,2,electronica,554.27,2025-03-06
2663,685,1,electronica,159.65,2025-07-09
2664,671,7,deportes,484.89,2025-02-08
2665,367,4,electronica,110.18,2025-05-12
2666,125,2,ropa,101.63,2025-02-18
2667,495,1,electronica,334.15,2025-02-01
2668,400,2,electronica,796.36,2025-07-01
2669,332,1,electronica,272.53,2025-07-05
2670,508,1,electronica,38.91,2025-10-04
2671,639,2,electronica,58.03,2025-02-09
2672,293,1,deportes,290.07,2025-01-09
2673,621,5,hogar,37.82,2025-04-28
2674,197,2,mercado,62.49,2025-12-26
2675,330,2,electronica,532.97,2025-02-05
2676,193,3,hogar,36.18,2025-03-16
2677,375,3,ropa,95.62,2025-08-23
2678,234,1,libros,21.71,2025-03-06
2679,680,3,juguetes,34.76,2025-06-11
2680,711,4,electronica,62.77,2025-05-28
2681,255,1,hogar,74.43,2025-09-19
2682,430,1,electronica,178.35,2025-05-07
2683,355,1,electronica,362.38,2025-09-13
2684,766,7,hogar,208.63,2025-04-02
2685,430,5,electronica,731.61,2025-02-01
2686,639,1,juguetes,8.01,2025-06-15
2687,364,4,mercado,9.18,2025-09-04
2688,339,2,electronica,808.64,2025-04-04
2689,193,6,mercado,7.9,2025-01-06
2690,521,2,libros,41.39,2025-07-23
2691,54,1,electronica,304.56,2025-01-15
2692,238,2,electronica,225.99,2025-08-11
2693,425,2,mercado,132.79,2025-04-26
2694,222,1,ropa,51.13,2025-02-07
2695,129,2,hogar,76.71,2025-01-02
2696,293,2,electronica,155.24,2025-05-27
2697,556,2,ropa,31.16,2025-10-26
2698,3,1,electronica,163.61,2025-07-22
2699,531,1,mercado,168.93,2025-11-20
2700,793,3,hogar,210.22,2025-02-27
2701,287,2,electronica,584.88,2025-04-09
2702,436,2,mercado,241.92,2025-08-11
2703,558,6,ropa,53.14,2025-06-20
2704,273,1,ropa,33.66,2025-04-18
2705,112,4,electronica,456.18,2025-12-19
2706,13,2,hogar,60.78,2025-06-18
2707,669,2,electronica,370.96,2025-01-21
2708,724,1,libros,11.08,2025-07-02
2709,631,2,mercado,20.94,2025-01-18
2710,523,1,juguetes,22.88,2025-12-21
2711,697,1,ropa,216.88,2025-04-14
2712,282,3,ropa,213.59,2025-01-04
2713,641,1,libros,58.71,2025-11-12
2714,652,2,electronica,549.41,2025-03-15
2715,111,2,mercado,11.22,2025-07-16
2716,111,1,ropa,116.88,2025-02-03
2717,19,2,juguetes,63.46,2025-05-24
2718,114,3,mercado,9.98,2025-05-06
2719,767,1,electronica,241.68,2025-11-24
2720,480,1,electronica,362.13,2025-06-28
2721,652,5,ropa,35.38,2025-06-26
2722,552,1,ropa,75.91,2025-01-13
2723,564,4,libros,11.06,2025-06-20
2724,466,1,mercado,10.58,2025-01-06
2725,765,5,mercado,88.06,2025-05-25
2726,328,2,ropa,130.71,2025-07-23
2727,639,2,libros,41.28,2025-01-03
2728,478,2,hogar,173.81,2025-04-01
2729,195,1,electronica,233.39,2025-03-16
2730,780,5,hogar,89.47,2025-01-16
2731,95,2,electronica,47.35,2025-04-20
2732,771,2,ropa,29.36,2025-05-15
2733,220,1,electronica,130.97,2025-01-27
2734,201,1,electronica,18.09,2025-08-22
2735,754,7,ropa,88.78,2025-10-19
2736,115,2,electronica,16.0,2025-06-28
2737,272,1,electronica,728.27,2025-09-25
2738,233,5,hogar,7.78,2025-11-07
2739,289,1,ropa,46.46,2025-12-02
2740,708,3,deportes,31.23,2025-01-24
2741,155,3,electronica,12.04,2025-12-28
2742,708,1,electronica,37.46,2025-06-16
2743,775,6,mercado,144.8,2025-06-27
2744,196,3,ropa,35.67,2025-11-10
2745,183,3,libros,57.08,2025-02-26
2746,13,7,juguetes,50.76,2025-07-28
2747,297,2,electronica,394.78,2025-08-17
2748,582,2,mercado,13.97,2025-04-11
2749,779,1,deportes,279.04,2025-07-16
2750,345,2,mercado,24.89,2025-12-26
2751,795,3,mercado,37.61,2025-09-22
2752,391,2,mercado,157.01,2025-09-08
2753,323,5,juguetes,246.04,2025-07-21
2754,601,2,electronica,30.82,2025-08-04
2755,391,3,juguetes,21.64,2025-09-22
2756,430,2,electronica,569.51,2025-10-01
2757,172,3,hogar,7.01,2025-06-21
2758,315,2,electronica,57.31,2025-12-22
2759,692,7,electronica,257.44,2025-02-24
2760,449,2,libros,63.88,2025-08-11
2761,454,1,electronica,140.41,2025-06-22
2762,176,3,mercado,34.35,2025-09-10
2763,23,1,deportes,122.81,2025-06-12
2764,654,1,mercado,32.74,2025-01-22
2765,654,2,electronica,198.05,2025-09-22
2766,299,1,hogar,62.72,2025-11-12
2767,775,2,mercado,104.94,2025-12-12
2768,529,1,mercado,7.58,2025-07-25
2769,398,1,ropa,33.95,2025-09-04
2770,468,3,electronica,45.98,2025-07-06
2771,435,5,mercado,10.38,2025-07-23
2772,53,1,ropa,39.69,2025-11-22
2773,646,1,ropa,24.23,2025-03-06
2774,210,2,electronica,285.23,2025-05-13
2775,47,2,ropa,26.36,2025-03-13
2776,360,1,mercado,44.4,2025-11-26
2777,330,6,mercado,51.89,2025-06-25
2778,165,3,mercado,75.61,2025-06-20
2779,106,2,electronica,442.42,2025-05-03
2780,582,3,mercado,21.92,2025-10-27
2781,70,2,electronica,418.35,2025-10-22
2782,454,2,ropa,106.59,2025-03-16
2783,271,6,mercado,49.26,2025-04-27
2784,341,3,electronica,427.55,2025-08-23
2785,731,1,hogar,21.05,2025-04-10
2786,343,1,mercado,300.84,2025-03-23
2787,498,1,electronica,220.33,2025-03-05
2788,210,2,deportes,285.75,2025-10-05
2789,270,2,hogar,372.16,2025-12-20
2790,174,5,juguetes,17.45,2025-10-22
2791,358,1,electronica,7.23,2025-12-20
2792,73,5,mercado,55.17,2025-04-03
2793,405,3,deportes,355.35,2025-09-19
2794,311,2,hogar,351.68,2025-01-28
2795,169,2,electronica,508.56,2025-07-15
2796,396,5,electronica,107.02,2025-01-16
2797,130,2,ropa,106.16,2025-06-18
2798,438,1,mercado,68.09,2025-05-21
2799,289,3,hogar,168.55,2025-09-12
2800,632,2,mercado,84.8,2025-04-18
2801,384,2,ropa,37.05,2025-01-19
2802,330,1,ropa,30.31,2025-04-03
2803,472,4,deportes,100.13,2025-06-20
2804,63,3,hogar,17.05,2025-10-02
2805,218,2,ropa,57.05,2025-03-08
2806,507,2,libros,53.19,2025-08-14
2807,644,2,electronica,680.02,2025-03-25
2808,304,2,ropa,43.88,2025-09-11
2809,122,1,ropa,161.87,2025-07-09
2810,155,4,mercado,76.85,2025-12-22
2811,289,5,ropa,5.56,2025-10-07
2812,97,1,hogar,34.76,2025-04-02
2813,121,3,electronica,599.83,2025-10-26
2814,701,6,ropa,24.56,2025-04-14
2815,243,1,juguetes,8.69,2025-06-18
2816,192,1,electronica,292.25,2025-10-17
2817,514,1,mercado,82.24,2025-02-10
2818,644,2,mercado,119.87,2025-02-03
2819,415,1,hogar,36.34,2025-01-04
2820,633,2,mercado,38.96,2025-01-05
2821,327,1,ropa,43.7,2025-12-10
2822,680,3,deportes,152.33,2025-06-07
2823,266,2,deportes,120.91,2025-12-23
2824,553,2,hogar,39.07,2025-09-22
2825,546,1,hogar,174.58,2025-06-04
2826,226,1,electronica,73.24,2025-09-17
2827,533,2,electronica,157.2,2025-06-05
2828,448,3,ropa,30.82,2025-04-19
2829,245,2,electronica,545.41,2025-09-20
2830,565,4,ropa,22.56,2025-02-12
2831,336,2,libros,7.72,2025-03-11
2832,712,2,mercado,31.08,2025-05-08
2833,670,2,electronica,317.75,2025-03-25
2834,333,4,libros,22.07,2025-06-02
2835,117,2,ropa,114.24,2025-03-05
2836,791,1,hogar,18.15,2025-10-08
2837,376,7,electronica,14.44,2025-07-23
2838,491,1,ropa,50.42,2025-10-23
2839,487,5,ropa,174.17,2025-01-25
2840,615,1,hogar,106.63,2025-09-22
2841,211,4,electronica,262.97,2025-01-04
2842,349,2,libros,125.64,2025-05-24
2843,103,3,mercado,24.49,2025-07-11
2844,558,1,hogar,383.5,2025-01-07
2845,256,1,hogar,364.29,2025-09-07
2846,407,1,hogar,203.7,2025-06-22
2847,30,1,juguetes,31.94,2025-03-12
2848,274,2,ropa,10.05,2025-07-13
2849,607,2,electronica,220.17,2025-07-08
2850,488,1,juguetes,24.27,2025-12-09
2851,398,2,deportes,42.91,2025-01-10
2852,728,6,electronica,92.79,2025-04-05
2853,555,7,ropa,44.82,2025-02-21
2854,183,6,ropa,54.37,2025-10-01
2855,411,2,libros,237.14,2025-02-28
2856,416,3,deportes,121.36,2025-12-15
2857,508,1,electronica,376.18,2025-07-15
2858,432,1,electronica,100.69,2025-09-21
2859,215,1,ropa,146.92,2025-07-03
2860,537,1,mercado,10.2,2025-08-21
2861,115,1,ropa,299.64,2025-02-27
2862,435,3,juguetes,27.11,2025-02-20
2863,194,2,electronica,284.47,2025-07-01
2864,75,1,hogar,10.98,2025-02-28
2865,771,2,libros,61.78,2025-07-20
2866,50,2,mercado,58.86,2025-03-27
2867,250,3,ropa,273.43,2025-11-12
2868,392,1,electronica,1109.55,2025-11-23
2869,235,1,libros,35.91,2025-08-12
2870,26,1,libros,40.84,2025-07-16
2871,384,2,electronica,98.79,2025-07-13
2872,145,2,mercado,30.25,2025-04-10
2873,417,1,electronica,127.14,2025-12-16
2874,350,2,ropa,72.43,2025-04-17
2875,232,2,juguetes,18.97,2025-02-16
2876,101,3,electronica,83.56,2025-05-25
2877,547,1,electronica,45.63,2025-06-13
2878,769,3,ropa,14.27,2025-05-11
2879,328,3,electronica,514.74,2025-09-17
2880,43,4,electronica,20.39,2025-05-10
2881,67,5,libros,21.04,2025-08-24
2882,198,2,ropa,22.55,2025-03-15
2883,405,2,hogar,312.15,2025-04-16
2884,152,3,deportes,46.25,2025-07-17
2885,52,1,electronica,144.98,2025-01-21
2886,789,4,hogar,117.02,2025-10-09
2887,700,2,juguetes,31.29,2025-12-20
2888,59,7,mercado,13.83,2025-08-05
2889,85,1,libros,9.31,2025-08-08
2890,273,1,ropa,79.15,2025-08-27
2891,747,1,electronica,373.44,2025-03-16
2892,496,2,electronica,317.58,2025-05-22
2893,542,3,electronica,557.42,2025-11-19
2894,4,2,libros,14.79,2025-04-24
2895,243,1,ropa,97.87,2025-08-11
2896,495,1,hogar,127.45,2025-04-18
2897,223,5,hogar,88.49,2025-06-09
2898,121,2,hogar,52.6,2025-07-27
2899,789,1,deportes,89.17,2025-01-16
2900,715,1,mercado,5.74,2025-01-07
2901,287,2,deportes,94.04,2025-10-27
2902,617,2,electronica,826.7,2025-10-13
2903,366,2,hogar,59.45,2025-01-23
2904,61,3,electronica,331.33,2025-03-11
2905,70,1,electronica,98.27,2025-12-22
2906,533,3,ropa,117.23,2025-11-12
2907,65,1,electronica,121.68,2025-11-15
2908,147,4,libros,17.19,2025-07-25
2909,465,1,hogar,348.48,2025-11-21
2910,30,1,hogar,220.57,2025-03-03
2911,11,2,hogar,11.69,2025-04-11
2912,793,2,mercado,128.58,2025-04-09
2913,582,6,hogar,212.39,2025-09-27
2914,284,2,deportes,16.51,2025-07-08
2915,237,2,electronica,246.8,2025-09-03
2916,663,2,libros,25.74,2025-08-26
2917,731,7,ropa,36.13,2025-05-24
2918,56,3,deportes,333.66,2025-10-25
2919,10,4,hogar,243.42,2025-12-23
2920,91,1,deportes,12.43,2025-07-22
2921,292,2,hogar,179.18,2025-04-23
2922,785,1,mercado,109.16,2025-10-15
2923,618,7,electronica,79.7,2025-03-19
2924,486,6,mercado,23.09,2025-12-20
2925,524,5,ropa,88.39,2025-08-27
2926,181,3,electronica,32.0,2025-07-17
2927,110,1,mercado,314.81,2025-09-13
2928,175,1,ropa,39.86,2025-11-16
2929,761,2,hogar,82.1,2025-07-10
2930,50,1,libros,115.02,2025-10-09
2931,195,2,electronica,533.35,2025-05-23
2932,252,6,hogar,53.31,2025-10-22
2933,297,2,deportes,174.84,2025-12-28
2934,382,2,ropa,48.16,2025-03-14
2935,55,2,juguetes,39.77,2025-12-11
2936,159,2,mercado,23.83,2025-05-03
2937,711,3,juguetes,37.24,2025-09-11
2938,136,7,electronica,1218.1,2025-06-07
2939,441,6,hogar,84.28,2025-10-28
2940,340,2,ropa,245.75,2025-10-24
2941,399,1,ropa,36.22,2025-09-27
2942,678,1,mercado,25.92,2025-01-20
2943,548,3,hogar,187.13,2025-07-09
2944,152,2,mercado,170.98,2025-03-06
2945,20,2,mercado,24.37,2025-12-20
2946,241,2,mercado,10.46,2025-02-20
2947,478,1,electronica,76.1,2025-09-02
2948,106,1,hogar,724.67,2025-07-12
2949,146,1,hogar,46.36,2025-05-23
2950,732,1,deportes,84.81,2025-04-03
2951,586,2,ropa,24.25,2025-03-15
2952,502,2,electronica,121.47,2025-12-21
2953,697,1,hogar,12.25,2025-11-23
2954,480,4,electronica,855.06,2025-05-28
2955,118,2,electronica,224.1,2025-12-12
2956,339,4,electronica,494.65,2025-04-09
2957,21,1,electronica,27.63,2025-03-24
2958,660,1,mercado,72.76,2025-12-11
2959,358,5,juguetes,78.36,2025-08-04
2960,352,2,mercado,44.4,2025-09-05
2961,201,5,hogar,82.1,2025-11-24
2962,375,3,electronica,790.19,2025-03-27
2963,659,1,mercado,35.52,2025-01-25
2964,793,2,mercado,41.53,2025-05-19
2965,695,2,electronica,203.96,2025-07-04
2966,206,1,juguetes,16.43,2025-06-04
2967,652,1,electronica,130.01,2025-08-01
2968,323,1,electronica,51.0,2025-05-12
2969,795,1,electronica,216.29,2025-10-01
2970,87,7,mercado,146.23,2025-10-02
2971,20,2,mercado,127.94,2025-06-12
2972,647,3,ropa,41.91,2025-07-01
2973,686,2,electronica,114.66,2025-08-24
2974,578,2,electronica,68.2,2025-07-22
2975,406,1,electronica,165.42,2025-10-12
2976,571,2,libros,23.37,2025-02-14
2977,679,1,electronica,176.81,2025-12-22
2978,284,1,hogar,105.13,2025-05-07
2979,175,2,hogar,117.6,2025-03-15
2980,176,7,ropa,176.69,2025-10-01
2981,753,2,libros,32.94,2025-09-02
2982,245,1,deportes,26.85,2025-07-06
2983,728,2,electronica,234.74,2025-12-10
2984,688,6,hogar,11.87,2025-06-04
2985,588,1,hogar,44.29,2025-12-03
2986,97,2,mercado,72.69,2025-02-27
2987,573,2,ropa,205.11,2025-03-02
2988,617,1,electronica,354.15,2025-06-14
2989,416,1,ropa,20.65,2025-01-19
2990,586,2,electronica,320.92,2025-10-05
2991,452,1,mercado,41.08,2025-10-12
2992,398,6,mercado,103.7,2025-04-24
2993,401,2,hogar,51.56,2025-01-22
2994,132,1,mercado,10.13,2025-10-15
2995,76,2,electronica,277.81,2025-02-02
2996,100,2,mercado,31.76,2025-09-07
2997,398,2,deportes,110.06,2025-09-24
2998,264,2,deportes,60.37,2025-05-04
2999,110,5,ropa,54.82,2025-08-26
3000,30,1,deportes,48.99,2025-08-27
3001,672,1,ropa,58.06,2025-07-20
3002,470,2,ropa,108.96,2025-03-04
3003,463,2,deportes,48.93,2025-05-06
3004,314,1,hogar,60.65,2025-03-23
3005,22,2,mercado,30.59,2025-03-28
3006,217,1,hogar,274.76,2025-09-18
3007,159,1,mercado,47.76,2025-11-03
3008,445,3,ropa,31.21,2025-07-01
3009,790,3,hogar,49.43,2025-10-17
3010,136,1,ropa,21.57,2025-01-11
3011,201,4,ropa,131.31,2025-01-28
3012,555,1,electronica,171.18,2025-11-04
3013,239,4,hogar,52.14,2025-06-12
3014,462,4,hogar,148.03,2025-06-27
3015,56,2,mercado,23.61,2025-11-23
3016,437,2,juguetes,50.75,2025-01-13
3017,394,4,hogar,30.72,2025-10-11
3018,719,3,electronica,119.85,2025-02-03
3019,298,1,electronica,839.53,2025-05-01
3020,269,2,electronica,280.54,2025-03-25
3021,478,4,ropa,209.78,2025-08-24
3022,573,3,ropa,43.15,2025-12-26
3023,295,1,hogar,57.59,2025-03-24
3024,3,2,ropa,42.94,2025-04-05
3025,228,1,libros,7.19,2025-08-24
3026,610,1,ropa,59.36,2025-07-15
3027,168,1,hogar,37.27,2025-12-20
3028,190,1,mercado,151.4,2025-07-26
3029,269,1,electronica,30.07,2025-04-16
3030,367,2,ropa,101.29,2025-12-24
3031,619,2,libros,29.54,2025-12-05
3032,573,3,electronica,111.22,2025-07-24
3033,208,2,ropa,22.33,2025-12-14
3034,229,2,juguetes,34.38,2025-08-22
3035,250,1,electronica,81.95,2025-01-28
3036,140,1,mercado,7.11,2025-09-12
3037,77,1,mercado,25.23,2025-08-27
3038,431,3,electronica,892.25,2025-01-03
3039,716,1,ropa,53.59,2025-05-21
3040,188,4,hogar,15.28,2025-05-14
3041,722,1,electronica,421.5,2025-11-13
3042,460,3,deportes,63.43,2025-04-26
3043,403,1,mercado,38.83,2025-05-04
3044,111,2,juguetes,12.75,2025-09-02
3045,765,1,juguetes,9.93,2025-02-19
3046,207,2,electronica,36.48,2025-01-27
3047,117,2,ropa,67.32,2025-09-21
3048,519,1,electronica,79.68,2025-06-14
3049,407,5,electronica,308.42,2025-02-22
3050,181,1,hogar,58.04,2025-10-01
3051,539,1,mercado,58.08,2025-08-16
3052,45,1,mercado,20.15,2025-11-13
3053,30,2,ropa,34.59,2025-10-26
3054,466,2,mercado,15.25,2025-06-24
3055,730,2,electronica,90.13,2025-07-01
3056,471,2,ropa,54.14,2025-04-18
3057,8,4,mercado,6.98,2025-12-12
3058,31,1,juguetes,175.91,2025-04-05
3059,422,1,ropa,371.85,2025-11-11
3060,388,2,electronica,151.57,2025-10-24
3061,688,3,ropa,18.64,2025-10-20
3062,657,1,hogar,55.35,2025-05-23
3063,591,7,electronica,24.14,2025-06-08
3064,537,4,mercado,34.78,2025-09-13
3065,791,2,hogar,162.06,2025-04-13
3066,715,6,mercado,42.85,2025-08-07
3067,474,1,ropa,10.39,2025-07-16
3068,636,7,ropa,93.43,2025-10-17
3069,40,1,electronica,311.27,2025-11-14
3070,144,3,hogar,1011.14,2025-02-06
3071,225,4,deportes,61.77,2025-08-18
3072,709,1,electronica,1304.56,2025-04-04
3073,488,2,ropa,86.89,2025-08-03
3074,273,4,ropa,83.38,2025-10-22
3075,501,1,mercado,32.09,2025-12-07
3076,86,2,electronica,49.27,2025-10-14
3077,618,1,ropa,13.26,2025-03-11
3078,343,2,mercado,74.46,2025-01-08
3079,397,2,mercado,16.23,2025-12-07
3080,499,1,mercado,45.18,2025-04-24
3081,89,1,ropa,22.67,2025-09-14
3082,609,2,hogar,320.93,2025-07-10
3083,633,4,deportes,41.15,2025-03-06
3084,433,2,deportes,111.11,2025-02-18
3085,217,1,mercado,55.49,2025-06-09
3086,573,2,electronica,358.47,2025-10-26
3087,776,2,hogar,19.47,2025-05-28
3088,303,1,mercado,76.63,2025-06-18
3089,457,2,juguetes,57.45,2025-02-05
3090,150,1,ropa,118.62,2025-02-21
3091,148,1,ropa,120.52,2025-01-26
3092,597,1,hogar,147.48,2025-07-28
3093,77,4,electronica,994.93,2025-12-19
3094,593,1,ropa,159.22,2025-03-10
3095,550,7,hogar,328.87,2025-04-16
3096,757,7,hogar,20.43,2025-09-09
3097,233,2,electronica,17.79,2025-04-11
3098,337,2,electronica,303.19,2025-04-18
3099,662,2,electronica,588.13,2025-08-24
3100,738,1,juguetes,53.67,2025-10-28
3101,292,1,electronica,245.22,2025-09-03
3102,472,3,electronica,111.26,2025-08-24
3103,61,1,juguetes,42.82,2025-12-21
3104,530,2,libros,40.16,2025-05-25
3105,286,7,mercado,26.96,2025-10-23
3106,290,3,libros,48.52,2025-02-11
3107,258,1,juguetes,66.18,2025-06-14
3108,87,1,libros,11.68,2025-08-13
3109,175,4,ropa,6.16,2025-05-24
3110,620,2,deportes,375.19,2025-08-22
3111,37,7,electronica,737.71,2025-02-20
3112,199,1,ropa,9.83,2025-12-20
3113,234,5,deportes,79.72,2025-10-23
3114,691,1,ropa,42.05,2025-10-27
3115,419,3,electronica,167.03,2025-05-17
3116,642,3,electronica,336.25,2025-04-04
3117,720,1,hogar,146.01,2025-01-09
3118,443,3,mercado,60.48,2025-02-02
3119,709,2,deportes,151.83,2025-04-21
3120,700,3,electronica,187.58,2025-03-08
3121,533,1,electronica,112.44,2025-05-15
3122,638,2,mercado,41.21,2025-01-23
3123,413,1,libros,5.79,2025-11-11
3124,525,5,electronica,56.69,2025-02-25
3125,719,2,mercado,50.2,2025-04-15
3126,373,3,hogar,667.07,2025-06-10
3127,408,2,electronica,663.72,2025-04-11
3128,188,1,libros,25.19,2025-02-26
3129,544,1,deportes,41.44,2025-01-20
3130,339,2,hogar,32.56,2025-12-06
3131,761,2,ropa,68.08,2025-02-15
3132,693,1,hogar,8.11,2025-02-08
3133,767,3,deportes,113.13,2025-05-05
3134,434,1,electronica,681.62,2025-01-19
3135,227,1,electronica,110.89,2025-07-23
3136,212,2,ropa,61.58,2025-01-12
3137,778,2,mercado,33.32,2025-06-15
3138,584,1,electronica,207.35,2025-03-20
3139,42,4,deportes,25.96,2025-06-07
3140,403,1,mercado,9.97,2025-07-12
3141,517,2,electronica,153.74,2025-07-11
3142,614,2,electronica,574.87,2025-07-14
3143,156,1,electronica,48.18,2025-02-27
3144,622,2,deportes,140.94,2025-06-26
3145,641,1,electronica,40.63,2025-07-18
3146,103,2,juguetes,19.51,2025-05-12
3147,517,4,hogar,157.94,2025-10-26
3148,797,1,libros,40.38,2025-04-01
3149,273,5,electronica,142.01,2025-11-11
3150,410,7,hogar,288.52,2025-09-16
3151,246,1,ropa,272.16,2025-10-22
3152,220,6,juguetes,53.07,2025-08-21
3153,626,1,mercado,24.32,2025-05-04
3154,726,7,mercado,89.91,2025-08-16
3155,317,3,electronica,349.32,2025-06-09
3156,456,3,ropa,59.51,2025-02-21
3157,293,1,hogar,152.96,2025-05-07
3158,287,2,ropa,19.43,2025-06-19
3159,444,2,juguetes,50.58,2025-12-18
3160,195,6,electronica,55.96,2025-03-10
3161,364,3,juguetes,34.41,2025-12-20
3162,288,5,mercado,36.7,2025-08-11
3163,604,2,hogar,139.88,2025-02-24
3164,424,3,hogar,160.21,2025-12-01
3165,787,1,ropa,84.37,2025-07-28
3166,693,2,hogar,72.18,2025-09-11
3167,729,4,mercado,53.55,2025-05-12
3168,223,2,deportes,254.62,2025-07-22
3169,698,1,libros,65.77,2025-12-14
3170,380,3,ropa,56.46,2025-04-15
3171,511,4,mercado,25.1,2025-08-20
3172,246,2,mercado,55.15,2025-07-14
3173,26,2,hogar,33.56,2025-07-07
3174,217,1,hogar,20.48,2025-01-07
3175,569,6,ropa,33.94,2025-04-14
3176,20,1,ropa,26.45,2025-10-19
3177,622,2,electronica,228.73,2025-12-06
3178,208,1,libros,48.57,2025-03-17
3179,75,1,electronica,329.8,2025-07-01
3180,643,3,libros,17.44,2025-11-11
3181,612,1,libros,30.84,2025-02-02
3182,68,5,hogar,39.53,2025-06-07
3183,91,3,mercado,47.01,2025-02-08
3184,190,2,deportes,191.47,2025-01-14
3185,215,4,ropa,97.24,2025-12-07
3186,663,3,electronica,142.42,2025-04-26
3187,458,1,electronica,241.14,2025-01-18
3188,159,6,electronica,120.84,2025-09-07
3189,537,3,ropa,31.86,2025-04-28
3190,107,3,ropa,111.24,2025-10-21
3191,229,6,juguetes,178.93,2025-03-25
3192,277,3,hogar,22.07,2025-03-19
3193,197,2,hogar,196.61,2025-08-12
3194,482,1,ropa,73.91,2025-06-17
3195,758,2,ropa,43.88,2025-02-16
3196,486,3,ropa,90.0,2025-01-17
3197,449,1,hogar,123.03,2025-12-17
3198,340,3,electronica,398.13,2025-02-18
3199,514,2,deportes,8.27,2025-12-21
3200,397,2,ropa,35.76,2025-02-10
3201,96,1,deportes,39.54,2025-10-13
3202,346,1,libros,64.7,2025-04-05
3203,178,2,hogar,231.87,2025-04-11
3204,64,2,ropa,40.8,2025-10-28
3205,273,5,libros,23.83,2025-06-17
3206,25,3,hogar,477.3,2025-05-23
3207,761,2,mercado,167.61,2025-11-24
3208,681,2,hogar,246.98,2025-09-10
3209,37,1,mercado,73.04,2025-09-01
3210,716,7,electronica,510.87,2025-09-13
3211,478,2,deportes,63.54,2025-01-09
3212,88,6,ropa,17.16,2025-01-10
3213,730,4,electronica,488.59,2025-02-05
3214,534,3,mercado,26.76,2025-02-08
3215,53,2,electronica,258.85,2025-05-20
3216,29,3,electronica,7.13,2025-09-18
3217,768,1,ropa,116.25,2025-04-27
3218,764,3,electronica,200.0,2025-04-25
3219,735,7,electronica,152.24,2025-09-07
3220,397,1,hogar,152.58,2025-05-10
3221,331,1,mercado,11.47,2025-03-21
3222,547,3,juguetes,46.35,2025-01-15
3223,107,7,hogar,23.63,2025-04-03
3224,57,3,hogar,177.63,2025-04-07
3225,617,2,hogar,226.27,2025-03-06
3226,597,4,ropa,154.76,2025-06-17
3227,454,1,hogar,460.45,2025-05-19
3228,316,1,deportes,23.2,2025-08-08
3229,740,5,mercado,21.89,2025-07-28
3230,169,1,libros,9.56,2025-10-11
3231,95,1,mercado,91.44,2025-01-11
3232,526,2,juguetes,8.36,2025-02-15
3233,714,3,ropa,77.09,2025-09-11
3234,97,1,electronica,71.73,2025-04-07
3235,146,1,ropa,64.28,2025-05-18
3236,273,2,ropa,57.17,2025-01-17
3237,297,2,electronica,151.37,2025-01-16
3238,204,3,deportes,35.29,2025-10-24
3239,524,7,ropa,73.32,2025-07-13
3240,247,6,electronica,1110.36,2025-02-05
3241,159,6,electronica,195.27,2025-08-27
3242,312,4,libros,41.38,2025-03-16
3243,600,2,ropa,59.3,2025-09-06
3244,105,2,mercado,52.04,2025-04-28
3245,708,3,ropa,51.95,2025-12-03
3246,98,2,deportes,193.92,2025-07-04
3247,758,1,mercado,44.58,2025-09-20
3248,632,1,ropa,141.41,2025-11-11
3249,510,2,libros,148.74,2025-06-03
3250,170,2,ropa,17.98,2025-04-07
3251,71,4,hogar,72.93,2025-08-26
3252,705,1,ropa,50.36,2025-06-25
3253,29,1,ropa,115.05,2025-04-12
3254,1,3,ropa,28.73,2025-05-26
3255,523,1,mercado,85.72,2025-03-11
3256,790,4,mercado,121.84,2025-02-13
3257,723,2,ropa,233.36,2025-11-26
3258,653,3,electronica,29.16,2025-10-23
3259,604,5,ropa,105.18,2025-03-06
3260,591,2,mercado,66.43,2025-07-23
3261,752,4,juguetes,50.6,2025-07-15
3262,366,2,electronica,440.21,2025-11-18
3263,645,2,electronica,33.89,2025-02-10
3264,32,2,mercado,53.14,2025-03-28
3265,493,2,mercado,74.8,2025-01-10
3266,4,5,mercado,27.6,2025-05-05
3267,206,7,mercado,41.63,2025-08-26
3268,540,1,hogar,84.14,2025-10-16
3269,372,3,mercado,86.85,2025-01-20
3270,667,5,electronica,154.4,2025-07-19
3271,251,2,hogar,81.8,2025-06-06
3272,113,2,electronica,1085.21,2025-01-01
3273,295,2,libros,68.94,2025-06-22
3274,152,6,hogar,9.32,2025-12-20
3275,408,4,libros,9.0,2025-09-25
3276,133,3,libros,6.29,2025-07-28
3277,762,1,mercado,165.63,2025-01-22
3278,681,2,mercado,102.58,2025-02-21
3279,487,2,electronica,22.95,2025-06-28
3280,312,3,ropa,136.41,2025-05-11
3281,741,2,ropa,281.06,2025-09-10
3282,288,2,electronica,66.31,2025-05-04
3283,343,3,mercado,11.47,2025-04-23
3284,569,2,mercado,20.54,2025-11-13
3285,334,2,electronica,441.28,2025-04-09
3286,324,2,ropa,13.45,2025-04-13
3287,555,3,electronica,8.0,2025-09-06
3288,185,1,mercado,65.98,2025-07-20
3289,114,2,deportes,19.92,2025-07-05
3290,235,3,ropa,24.14,2025-04-07
3291,94,1,ropa,8.75,2025-03-15
3292,134,1,libros,16.0,2025-01-07
3293,518,5,deportes,26.82,2025-03-25
3294,737,1,ropa,54.26,2025-08-24
3295,232,1,libros,30.57,2025-07-15
3296,270,3,ropa,123.3,2025-03-13
3297,185,6,electronica,149.81,2025-10-08
3298,708,7,deportes,62.24,2025-03-22
3299,236,4,electronica,124.63,2025-03-28
3300,367,2,electronica,898.22,2025-02-05
3301,235,2,hogar,82.49,2025-04-27
3302,295,3,ropa,109.63,2025-12-03
3303,192,2,mercado,102.8,2025-07-01
3304,549,1,ropa,5.87,2025-08-18
3305,78,3,ropa,24.3,2025-12-16
3306,740,2,ropa,170.54,2025-10-14
3307,319,7,ropa,70.72,2025-08-11
3308,201,4,mercado,28.26,2025-10-12
3309,49,1,deportes,166.8,2025-07-14
3310,461,3,electronica,249.21,2025-03-19
3311,254,2,mercado,80.82,2025-04-18
3312,654,2,hogar,99.03,2025-02-13
3313,561,1,electronica,225.65,2025-02-03
3314,351,1,mercado,28.75,2025-03-08
3315,213,2,electronica,151.06,2025-02-12
3316,561,1,electronica,332.25,2025-02-03
3317,71,1,ropa,35.63,2025-03-26
3318,138,2,libros,17.62,2025-03-03
3319,406,6,electronica,315.68,2025-01-25
3320,521,4,hogar,17.94,2025-10-21
3321,719,2,mercado,17.07,2025-02-19
3322,570,4,electronica,91.88,2025-04-19
3323,8,2,mercado,193.23,2025-03-10
3324,716,2,electronica,118.6,2025-04-15
3325,781,1,mercado,8.53,2025-02-10
3326,150,4,electronica,195.42,2025-10-25
3327,115,1,mercado,102.5,2025-11-02
3328,493,2,libros,208.17,2025-02-22
3329,373,2,ropa,10.89,2025-02-06
3330,276,3,hogar,97.48,2025-09-22
3331,55,1,deportes,189.63,2025-03-09
3332,563,7,electronica,316.59,2025-03-06
3333,575,2,mercado,8.08,2025-08-08
3334,413,2,hogar,170.22,2025-03-22
3335,134,2,electronica,61.23,2025-05-13
3336,488,4,deportes,375.44,2025-05-22
3337,450,1,electronica,287.74,2025-08-13
3338,624,2,juguetes,105.51,2025-12-04
3339,210,2,mercado,17.33,2025-01-25
3340,528,4,libros,239.15,2025-09-15
3341,715,3,electronica,85.04,2025-02-01
3342,47,2,mercado,34.27,2025-11-11
3343,63,2,juguetes,87.94,2025-01-05
3344,488,3,electronica,56.31,2025-04-12
3345,172,6,mercado,17.74,2025-05-16
3346,680,1,electronica,218.34,2025-05-21
3347,418,2,deportes,129.21,2025-10-16
3348,264,4,mercado,23.62,2025-03-25
3349,242,1,libros,16.11,2025-09-15
3350,664,2,ropa,34.74,2025-08-12
3351,717,1,hogar,75.75,2025-01-22
3352,220,1,electronica,975.28,2025-02-14
3353,264,1,electronica,758.65,2025-10-22
3354,76,2,ropa,127.16,2025-11-14
3355,398,3,mercado,62.25,2025-03-17
3356,638,5,electronica,213.84,2025-03-23
3357,676,2,juguetes,126.57,2025-09-04
3358,351,4,juguetes,10.64,2025-09-28
3359,768,2,hogar,142.52,2025-10-11
3360,275,2,electronica,144.63,2025-11-09
3361,135,2,mercado,23.71,2025-09-09
3362,568,4,deportes,47.59,2025-08-04
3363,302,1,ropa,84.73,2025-04-27
3364,74,3,hogar,297.46,2025-12-12
3365,626,2,ropa,142.78,2025-03-04
3366,113,3,ropa,33.06,2025-09-23
3367,238,3,ropa,204.24,2025-12-06
3368,456,1,mercado,82.99,2025-09-03
3369,587,7,deportes,116.12,2025-05-23
3370,734,1,deportes,43.02,2025-03-19
3371,255,1,hogar,95.84,2025-10-16
3372,287,5,electronica,16.18,2025-01-24
3373,63,2,hogar,12.66,2025-05-13
3374,331,3,mercado,12.41,2025-11-25
3375,147,1,mercado,39.49,2025-12-03
3376,582,2,ropa,42.83,2025-07-21
3377,586,1,deportes,43.5,2025-02-12
3378,494,2,mercado,21.14,2025-04-04
3379,217,1,electronica,638.35,2025-02-17
3380,142,2,electronica,1083.85,2025-04-03
3381,653,4,ropa,136.52,2025-03-07
3382,504,2,mercado,23.96,2025-10-17
3383,310,2,ropa,48.74,2025-08-12
3384,335,1,electronica,165.51,2025-05-21
3385,716,1,deportes,161.25,2025-08-18
3386,192,3,hogar,8.64,2025-05-14
3387,561,1,libros,18.56,2025-11-06
3388,64,2,electronica,418.13,2025-05-18
3389,456,2,mercado,60.44,2025-05-06
3390,520,2,deportes,291.21,2025-06-01
3391,103,1,electronica,88.05,2025-10-21
3392,621,2,ropa,69.22,2025-02-16
3393,632,2,electronica,135.5,2025-06-11
3394,171,1,hogar,352.98,2025-04-22
3395,583,2,mercado,13.09,2025-01-01
3396,559,2,mercado,26.31,2025-12-10
3397,290,3,mercado,84.45,2025-08-27
3398,783,3,deportes,33.08,2025-10-01
3399,419,1,electronica,696.79,2025-08-03
3400,237,4,ropa,30.51,2025-10-28
3401,768,2,deportes,85.99,2025-10-03
3402,721,1,electronica,636.74,2025-10-14
3403,738,3,electronica,103.47,2025-10-13
3404,517,1,libros,94.96,2025-01-06
3405,460,2,electronica,404.81,2025-06-26
3406,220,4,ropa,17.9,2025-03-13
3407,13,3,electronica,81.82,2025-10-02
3408,1,2,mercado,11.26,2025-11-15
3409,174,2,mercado,35.61,2025-12-09
3410,778,2,hogar,71.91,2025-10-02
3411,184,4,mercado,24.09,2025-05-27
3412,447,1,electronica,61.81,2025-10-24
3413,377,1,electronica,622.92,2025-01-17
3414,238,2,hogar,192.99,2025-08-18
3415,411,1,electronica,132.79,2025-08-22
3416,37,3,ropa,21.86,2025-12-18
3417,758,4,hogar,125.42,2025-02-07
3418,422,1,electronica,117.17,2025-08-04
3419,755,4,electronica,365.43,2025-11-25
3420,295,2,mercado,115.22,2025-08-23
3421,603,2,mercado,158.54,2025-04-20
3422,470,2,electronica,480.49,2025-08-11
3423,23,2,deportes,107.82,2025-10-03
3424,756,2,ropa,235.71,2025-09-11
3425,261,3,mercado,129.74,2025-04-02
3426,621,1,ropa,33.93,2025-07-13
3427,404,2,deportes,50.04,2025-10-13
3428,468,2,libros,11.7,2025-01-13
3429,275,3,electronica,206.89,2025-09-04
3430,722,1,electronica,169.12,2025-07-10
3431,572,1,electronica,62.28,2025-12-15
3432,161,2,mercado,52.49,2025-10-28
3433,765,2,mercado,48.72,2025-07-23
3434,409,6,deportes,262.49,2025-12-04
3435,486,1,electronica,280.36,2025-07-21
3436,481,2,hogar,164.05,2025-10-24
3437,15,2,libros,54.34,2025-10-17
3438,180,2,libros,9.36,2025-08-12
3439,232,2,ropa,132.19,2025-06-05
3440,164,1,electronica,568.27,2025-02-04
3441,528,2,juguetes,10.21,2025-04-16
3442,301,1,mercado,155.32,2025-02-28
3443,58,2,electronica,252.52,2025-09-21
3444,649,2,electronica,169.97,2025-10-04
3445,288,1,ropa,170.0,2025-10-28
3446,598,5,electronica,124.45,2025-03-19
3447,765,2,ropa,103.2,2025-03-21
3448,262,2,electronica,258.31,2025-07-11
3449,62,1,mercado,38.3,2025-02-05
3450,113,1,ropa,113.13,2025-11-26
3451,421,4,electronica,14.35,2025-11-06
3452,776,3,ropa,48.8,2025-08-17
3453,406,3,libros,51.76,2025-12-01
3454,747,4,juguetes,32.04,2025-03-09
3455,468,3,mercado,18.75,2025-04-07
3456,646,3,hogar,87.51,2025-06-04
3457,699,2,electronica,365.66,2025-03-22
3458,16,6,ropa,34.39,2025-09-17
3459,409,3,deportes,96.19,2025-04-02
3460,433,2,ropa,29.71,2025-03-09
3461,626,1,hogar,184.08,2025-03-15
3462,62,2,deportes,164.55,2025-04-28
3463,156,3,electronica,130.41,2025-08-27
3464,346,5,electronica,2412.16,2025-05-04
3465,14,2,libros,38.76,2025-01-07
3466,21,3,ropa,147.61,2025-02-18
3467,615,2,hogar,185.59,2025-06-09
3468,786,1,electronica,179.97,2025-01-04
3469,113,7,mercado,109.72,2025-11-08
3470,375,1,mercado,27.45,2025-11-05
3471,444,1,ropa,52.18,2025-01-08
3472,30,6,ropa,434.13,2025-11-08
3473,78,5,mercado,92.58,2025-03-04
3474,587,5,deportes,48.73,2025-06-27
3475,581,2,electronica,264.72,2025-09-28
3476,218,2,electronica,5.25,2025-11-05
3477,131,2,ropa,166.47,2025-10-27
3478,699,1,electronica,28.96,2025-02-25
3479,773,1,electronica,128.83,2025-10-06
3480,739,3,juguetes,97.91,2025-07-05
3481,291,1,electronica,147.19,2025-01-18
3482,526,1,electronica,312.67,2025-09-26
3483,753,4,ropa,153.81,2025-12-26
3484,233,2,electronica,91.04,2025-04-04
3485,68,1,electronica,90.56,2025-04-04
3486,503,1,hogar,13.44,2025-03-03
3487,613,2,electronica,707.07,2025-01-16
3488,63,5,juguetes,17.63,2025-12-06
3489,468,2,electronica,523.16,2025-07-22
3490,718,1,hogar,12.3,2025-01-01
3491,566,1,ropa,101.3,2025-03-21
3492,96,1,mercado,42.53,2025-05-08
3493,593,2,ropa,84.09,2025-04-28
3494,271,2,hogar,252.07,2025-09-13
3495,233,2,mercado,74.5,2025-06-17
3496,461,3,deportes,31.68,2025-09-07
3497,175,2,mercado,8.08,2025-06-18
3498,573,7,mercado,104.81,2025-01-12
3499,128,1,ropa,100.53,2025-05-28
3500,208,2,ropa,21.86,2025-05-22
3501,21,1,libros,139.48,2025-04-14
3502,191,4,ropa,10.35,2025-12-27
3503,446,1,mercado,61.52,2025-09-21
3504,158,2,mercado,28.62,2025-06-25
3505,198,3,libros,60.23,2025-08-27
3506,108,2,ropa,118.94,2025-11-25
3507,384,1,hogar,249.76,2025-10-20
3508,7,3,ropa,76.4,2025-04-07
3509,157,2,juguetes,24.17,2025-05-15
3510,504,2,electronica,108.47,2025-05-16
3511,273,1,mercado,64.79,2025-12-21
3512,785,2,mercado,390.82,2025-06-24
3513,96,1,deportes,26.34,2025-06-17
3514,322,1,hogar,94.07,2025-12-13
3515,643,3,hogar,12.02,2025-09-07
3516,697,2,ropa,98.41,2025-12-24
3517,571,1,hogar,6.41,2025-12-08
3518,266,2,deportes,15.1,2025-07-06
3519,631,2,hogar,93.7,2025-03-22
3520,394,1,electronica,330.87,2025-12-06
3521,234,7,hogar,137.97,2025-01-10
3522,685,2,deportes,114.81,2025-07-15
3523,64,1,electronica,230.72,2025-11-14
3524,277,2,electronica,186.73,2025-11-15
3525,535,5,electronica,610.27,2025-01-19
3526,253,5,ropa,16.52,2025-08-07
3527,289,2,ropa,26.68,2025-10-27
3528,305,1,deportes,223.39,2025-02-06
3529,656,3,electronica,40.61,2025-11-03
3530,596,5,electronica,1342.9,2025-12-10
3531,411,5,electronica,221.95,2025-04-22
3532,519,3,ropa,179.6,2025-02-11
3533,400,1,electronica,1226.8,2025-05-05
3534,94,1,ropa,12.79,2025-10-15
3535,92,2,hogar,171.8,2025-05-02
3536,22,7,libros,20.9,2025-01-21
3537,657,4,hogar,54.89,2025-05-03
3538,132,2,mercado,20.81,2025-01-18
3539,34,1,mercado,43.46,2025-09-17
3540,494,1,hogar,87.19,2025-11-10
3541,520,5,ropa,43.77,2025-01-09
3542,19,2,ropa,170.11,2025-06-08
3543,114,1,ropa,5.96,2025-01-14
3544,18,2,mercado,14.96,2025-06-27
3545,136,1,mercado,69.36,2025-11-09
3546,620,2,electronica,39.04,2025-07-03
3547,68,1,electronica,206.85,2025-04-06
3548,539,5,mercado,82.64,2025-02-15
3549,660,1,libros,35.49,2025-12-22
3550,254,1,ropa,24.33,2025-03-26
3551,186,1,libros,13.96,2025-07-17
3552,133,3,mercado,9.62,2025-06-05
3553,552,4,libros,11.44,2025-02-25
3554,494,4,mercado,24.49,2025-06-24
3555,166,2,ropa,44.13,2025-02-11
3556,505,1,hogar,120.15,2025-08-03
3557,318,6,ropa,9.61,2025-06-20
3558,798,1,mercado,33.8,2025-10-09
3559,738,3,juguetes,37.64,2025-10-25
3560,368,4,ropa,86.41,2025-10-05
3561,383,1,electronica,415.73,2025-09-07
3562,367,1,ropa,148.22,2025-03-21
3563,288,3,ropa,27.89,2025-08-04
3564,122,6,hogar,207.5,2025-11-13
3565,571,2,ropa,29.42,2025-02-16
3566,95,3,ropa,163.94,2025-12-25
3567,768,4,libros,114.29,2025-03-27
3568,18,3,mercado,33.0,2025-08-27
3569,79,2,mercado,37.71,2025-06-02
3570,360,3,electronica,38.59,2025-02-04
3571,406,3,libros,23.0,2025-10-01
3572,539,1,libros,43.57,2025-07-13
3573,623,3,ropa,16.59,2025-06-01
3574,398,2,deportes,43.52,2025-02-09
3575,670,2,hogar,22.16,2025-11-15
3576,700,2,hogar,87.95,2025-08-13
3577,19,1,juguetes,67.73,2025-06-06
3578,675,5,deportes,53.57,2025-07-13
3579,448,2,ropa,75.42,2025-06-16
3580,346,4,ropa,214.08,2025-04-01
3581,235,2,electronica,26.14,2025-07-02
3582,33,1,mercado,71.46,2025-08-20
3583,47,4,deportes,122.2,2025-11-22
3584,654,2,mercado,123.04,2025-08-28
3585,425,1,ropa,64.02,2025-06-04
3586,225,7,libros,19.9,2025-07-18
3587,778,6,mercado,52.05,2025-04-23
3588,749,1,deportes,152.19,2025-04-10
3589,596,4,juguetes,62.99,2025-05-14
3590,551,2,ropa,35.79,2025-03-06
3591,419,2,ropa,152.12,2025-02-28
3592,664,5,mercado,31.26,2025-09-03
3593,104,1,ropa,52.94,2025-04-16
3594,482,2,ropa,49.5,2025-07-19
3595,264,3,electronica,100.32,2025-07-14
3596,103,1,hogar,130.22,2025-06-07
3597,618,1,electronica,152.51,2025-06-12
3598,57,1,deportes,96.6,2025-08-24
3599,130,7,ropa,198.9,2025-10-23
3600,110,1,ropa,297.03,2025-01-19
3601,342,4,ropa,71.87,2025-12-24
3602,378,2,electronica,516.03,2025-09-05
3603,413,2,ropa,164.04,2025-05-23
3604,301,3,hogar,30.59,2025-07-18
3605,109,2,electronica,568.93,2025-11-24
3606,263,1,mercado,131.6,2025-06-20
3607,248,4,electronica,129.07,2025-02-05
3608,367,2,hogar,27.63,2025-08-09
3609,410,4,deportes,29.31,2025-03-25
3610,418,4,deportes,288.8,2025-10-17
3611,568,2,mercado,167.63,2025-10-17
3612,366,1,deportes,119.62,2025-10-05
3613,598,2,electronica,61.4,2025-07-03
3614,171,3,deportes,288.88,2025-11-13
3615,310,2,mercado,98.97,2025-02-12
3616,91,1,ropa,91.11,2025-02-28
3617,107,4,mercado,83.36,2025-11-16
3618,386,1,mercado,11.69,2025-01-18
3619,756,2,ropa,8.99,2025-10-13
3620,331,2,mercado,37.38,2025-07-17
3621,745,4,ropa,23.06,2025-10-10
3622,533,1,deportes,12.76,2025-07-24
3623,630,2,hogar,40.1,2025-12-09
3624,686,2,mercado,105.53,2025-12-17
3625,540,2,ropa,65.67,2025-03-27
3626,95,3,mercado,15.19,2025-11-01
3627,448,1,mercado,67.72,2025-12-02
3628,81,1,electronica,324.8,2025-07-08
3629,489,1,libros,109.71,2025-05-19
3630,424,2,mercado,38.95,2025-01-05
3631,232,2,juguetes,50.64,2025-12-17
3632,684,3,electronica,121.99,2025-11-27
3633,591,3,electronica,719.97,2025-03-10
3634,424,2,ropa,111.38,2025-04-18
3635,602,1,mercado,21.76,2025-06-24
3636,14,1,mercado,29.79,2025-06-15
3637,94,1,mercado,50.69,2025-08-06
3638,221,1,hogar,39.89,2025-01-02
3639,263,1,mercado,44.93,2025-07-03
3640,493,3,electronica,480.12,2025-02-07
3641,37,3,deportes,113.2,2025-08-18
3642,672,6,electronica,94.65,2025-02-12
3643,195,1,ropa,69.34,2025-05-07
3644,346,2,mercado,5.8,2025-07-05
3645,773,2,electronica,572.22,2025-07-19
3646,42,5,hogar,308.12,2025-11-22
3647,254,2,hogar,415.06,2025-03-01
3648,406,4,ropa,10.95,2025-12-21
3649,446,2,hogar,33.62,2025-08-23
3650,278,2,deportes,40.36,2025-07-22
3651,159,2,mercado,7.71,2025-12-03
3652,790,3,electronica,573.67,2025-09-23
3653,429,3,mercado,157.25,2025-01-13
3654,491,2,ropa,79.47,2025-01-03
3655,489,7,electronica,212.03,2025-10-11
3656,712,3,deportes,108.23,2025-07-05
3657,322,1,mercado,48.14,2025-07-01
3658,765,2,electronica,472.16,2025-01-03
3659,288,3,electronica,701.24,2025-08-12
3660,745,2,electronica,765.8,2025-07-25
3661,559,3,juguetes,30.78,2025-11-19
3662,64,1,libros,29.93,2025-05-02
3663,639,4,electronica,200.12,2025-03-25
3664,85,1,electronica,162.83,2025-08-25
3665,400,1,libros,30.34,2025-01-06
3666,306,2,hogar,122.62,2025-11-04
3667,545,3,deportes,45.47,2025-09-24
3668,186,4,mercado,40.44,2025-07-12
3669,721,4,mercado,29.67,2025-10-11
3670,610,1,electronica,841.47,2025-03-18
3671,525,1,hogar,210.44,2025-12-05
3672,30,2,hogar,8.93,2025-09-17
3673,279,4,ropa,8.27,2025-10-14
3674,797,6,electronica,916.77,2025-06-28
3675,95,2,hogar,117.1,2025-05-25
3676,326,6,mercado,8.31,2025-12-05
3677,690,7,electronica,34.88,2025-06-04
3678,555,6,electronica,122.56,2025-04-10
3679,71,2,deportes,64.58,2025-09-24
3680,391,3,ropa,15.24,2025-08-12
3681,386,3,electronica,576.86,2025-05-15
3682,55,1,ropa,42.66,2025-05-14
3683,748,3,hogar,15.61,2025-07-27
3684,55,1,juguetes,47.93,2025-11-09
3685,146,2,electronica,73.12,2025-11-02
3686,234,3,electronica,137.25,2025-05-02
3687,585,3,deportes,164.84,2025-03-19
3688,377,2,electronica,24.1,2025-10-28
3689,755,2,electronica,147.48,2025-05-26
3690,649,2,mercado,35.04,2025-08-13
3691,149,2,ropa,32.87,2025-11-25
3692,226,6,ropa,29.85,2025-10-04
3693,264,7,electronica,198.68,2025-05-09
3694,700,5,ropa,8.22,2025-05-25
3695,493,4,mercado,55.12,2025-11-16
3696,254,6,mercado,10.27,2025-04-28
3697,617,1,ropa,53.18,2025-08-08
3698,699,6,electronica,167.56,2025-07-06
3699,521,7,deportes,54.76,2025-01-25
3700,550,7,deportes,18.78,2025-12-14
3701,442,2,electronica,139.98,2025-11-11
3702,329,1,electronica,265.83,2025-09-02
3703,75,4,mercado,52.59,2025-04-24
3704,484,5,ropa,22.95,2025-03-20
3705,93,3,ropa,28.61,2025-09-16
3706,451,5,electronica,61.84,2025-07-10
3707,605,2,electronica,207.04,2025-01-12
3708,376,2,electronica,91.66,2025-11-03
3709,351,2,mercado,36.41,2025-03-03
3710,794,2,mercado,79.45,2025-10-14
3711,84,2,ropa,110.27,2025-07-27
3712,475,6,electronica,448.22,2025-08-06
3713,709,3,mercado,11.16,2025-11-20
3714,689,2,mercado,131.97,2025-12-27
3715,19,1,ropa,34.08,2025-11-12
3716,508,2,juguetes,210.36,2025-06-15
3717,651,7,deportes,200.15,2025-07-28
3718,739,3,mercado,43.09,2025-04-14
3719,698,3,mercado,107.86,2025-04-19
3720,230,2,ropa,21.54,2025-02-09
3721,753,3,ropa,14.16,2025-12-27
3722,96,2,electronica,178.4,2025-09-10
3723,295,1,mercado,33.31,2025-06-08
3724,717,1,ropa,60.53,2025-07-28
3725,368,5,ropa,115.51,2025-10-24
3726,214,1,electronica,923.98,2025-06-01
3727,343,2,electronica,75.56,2025-05-19
3728,387,3,electronica,1046.12,2025-04-06
3729,651,2,electronica,328.12,2025-04-23
3730,463,2,deportes,95.82,2025-06-11
3731,712,2,electronica,563.77,2025-05-15
3732,520,1,hogar,27.06,2025-05-02
3733,171,1,ropa,104.23,2025-08-16
3734,395,3,electronica,115.03,2025-08-24
3735,282,2,ropa,246.49,2025-01-27
3736,442,3,mercado,116.05,2025-02-24
3737,269,2,electronica,186.87,2025-09-26
3738,87,4,electronica,357.66,2025-03-08
3739,494,4,mercado,125.55,2025-01-05
3740,203,2,mercado,32.25,2025-07-01
3741,272,2,deportes,170.45,2025-12-27
3742,328,3,mercado,76.76,2025-02-07
3743,634,4,mercado,5.09,2025-10-21
3744,687,1,libros,17.82,2025-05-04
3745,337,1,mercado,35.69,2025-08-25
3746,363,3,ropa,85.28,2025-04-01
3747,499,2,libros,31.24,2025-12-17
3748,148,3,hogar,31.59,2025-03-20
3749,204,3,ropa,19.36,2025-03-14
3750,249,3,ropa,98.98,2025-05-13
3751,688,4,libros,13.37,2025-05-16
3752,120,1,deportes,158.36,2025-05-25
3753,316,3,mercado,21.54,2025-09-28
3754,63,2,electronica,416.58,2025-09-18
3755,203,2,ropa,42.75,2025-05-12
3756,688,1,deportes,157.94,2025-10-04
3757,250,2,hogar,118.91,2025-03-21
3758,269,2,ropa,93.07,2025-09-05
3759,510,3,mercado,14.15,2025-05-28
3760,173,2,mercado,29.05,2025-11-24
3761,639,3,electronica,125.86,2025-07-04
3762,654,2,mercado,59.47,2025-03-11
3763,560,3,mercado,70.54,2025-05-20
3764,691,1,deportes,39.57,2025-07-28
3765,759,1,electronica,1050.28,2025-02-21
3766,213,2,juguetes,118.18,2025-10-14
3767,784,3,ropa,374.18,2025-08-20
3768,413,3,ropa,68.69,2025-10-25
3769,379,1,electronica,279.66,2025-07-05
3770,145,1,mercado,64.15,2025-06-04
3771,589,2,electronica,446.82,2025-06-27
3772,118,2,libros,8.87,2025-04-12
3773,276,1,ropa,155.38,2025-11-12
3774,508,1,electronica,139.29,2025-08-15
3775,317,1,hogar,42.09,2025-05-27
3776,642,1,juguetes,10.94,2025-01-02
3777,196,2,libros,15.62,2025-06-12
3778,252,2,ropa,33.63,2025-01-09
3779,615,4,ropa,25.91,2025-01-23
3780,460,3,libros,39.16,2025-07-19
3781,670,2,ropa,31.81,2025-08-10
3782,122,2,electronica,1034.88,2025-11-23
3783,408,2,electronica,88.42,2025-03-18
3784,484,1,libros,117.94,2025-12-08
3785,188,1,hogar,34.6,2025-07-07
3786,534,2,hogar,157.17,2025-09-26
3787,691,3,electronica,658.35,2025-09-28
3788,760,3,mercado,89.82,2025-03-22
3789,331,2,electronica,143.16,2025-05-11
3790,329,7,ropa,18.96,2025-04-11
3791,659,2,ropa,259.25,2025-07-09
3792,338,1,hogar,52.29,2025-04-17
3793,406,1,mercado,40.43,2025-12-06
3794,362,1,deportes,41.25,2025-08-15
3795,74,2,mercado,60.99,2025-06-08
3796,559,1,ropa,96.12,2025-09-13
3797,597,3,electronica,159.99,2025-03-17
3798,131,1,electronica,22.48,2025-12-28
3799,58,2,electronica,233.58,2025-07-06
3800,455,2,mercado,29.51,2025-11-02
3801,262,2,electronica,55.88,2025-11-02
3802,789,3,juguetes,10.55,2025-06-21
3803,12,2,mercado,66.6,2025-04-23
3804,156,4,hogar,269.22,2025-08-21
3805,74,3,mercado,112.13,2025-01-12
3806,624,2,mercado,81.18,2025-07-21
3807,709,1,ropa,38.36,2025-12-27
3808,800,3,libros,47.94,2025-04-03
3809,565,3,mercado,15.72,2025-02-06
3810,468,2,ropa,151.01,2025-10-23
3811,41,3,hogar,50.07,2025-08-16
3812,682,1,deportes,7.13,2025-05-27
3813,59,3,hogar,64.34,2025-03-05
3814,40,2,ropa,25.77,2025-01-12
3815,318,7,electronica,563.59,2025-12-27
3816,639,1,deportes,279.28,2025-11-01
3817,599,2,juguetes,60.46,2025-08-22
3818,641,2,electronica,446.85,2025-01-15
3819,355,3,electronica,376.4,2025-02-11
3820,191,1,hogar,378.52,2025-11-07
3821,740,1,deportes,45.88,2025-03-09
3822,119,2,electronica,43.76,2025-08-11
3823,18,1,juguetes,29.28,2025-09-23
3824,468,6,libros,8.44,2025-06-15
3825,507,1,hogar,294.03,2025-02-24
3826,221,1,hogar,44.67,2025-02-20
3827,1,3,electronica,45.93,2025-12-17
3828,383,1,mercado,34.35,2025-03-06
3829,87,3,hogar,112.96,2025-08-08
3830,589,2,mercado,115.34,2025-01-06
3831,278,2,ropa,51.06,2025-04-02
3832,339,5,ropa,82.77,2025-11-22
3833,51,1,electronica,161.16,2025-11-17
3834,372,5,hogar,150.62,2025-05-24
3835,282,1,electronica,6.64,2025-01-03
3836,377,1,ropa,73.7,2025-04-24
3837,354,1,electronica,172.07,2025-01-15
3838,621,4,mercado,29.24,2025-10-16
3839,330,3,electronica,986.22,2025-02-26
3840,482,2,deportes,120.87,2025-04-07
3841,415,1,hogar,23.98,2025-12-08
3842,132,4,libros,9.68,2025-09-04
3843,420,1,hogar,17.41,2025-06-26
3844,10,2,ropa,35.02,2025-03-11
3845,92,3,electronica,339.15,2025-07-12
3846,147,1,electronica,345.97,2025-01-25
3847,668,6,electronica,60.25,2025-10-19
3848,150,2,mercado,25.91,2025-06-23
3849,799,3,mercado,27.77,2025-07-20
3850,553,2,electronica,1190.25,2025-01-25
3851,361,4,hogar,98.85,2025-02-04
3852,736,4,electronica,198.12,2025-08-10
3853,311,2,ropa,21.88,2025-01-07
3854,630,6,electronica,847.82,2025-09-09
3855,765,1,mercado,35.31,2025-09-03
3856,744,2,deportes,42.67,2025-09-19
3857,795,2,electronica,504.85,2025-08-17
3858,504,2,mercado,44.98,2025-02-16
3859,445,1,electronica,300.96,2025-07-04
3860,424,1,libros,34.62,2025-12-03
3861,630,1,ropa,42.12,2025-10-13
3862,534,4,electronica,120.89,2025-09-21
3863,440,3,electronica,233.47,2025-03-13
3864,586,5,deportes,122.43,2025-03-07
3865,569,1,electronica,101.03,2025-10-19
3866,478,5,electronica,7.34,2025-01-22
3867,114,3,deportes,26.8,2025-12-25
3868,243,1,deportes,62.81,2025-01-28
3869,164,4,electronica,292.32,2025-01-05
3870,123,7,libros,24.36,2025-04-15
3871,110,1,mercado,76.76,2025-10-22
3872,89,3,electronica,356.82,2025-02-01
3873,325,2,juguetes,22.61,2025-04-02
3874,641,1,mercado,68.48,2025-03-01
3875,401,4,mercado,36.23,2025-06-14
3876,167,2,hogar,113.2,2025-01-15
3877,225,1,mercado,37.78,2025-08-05
3878,408,1,hogar,339.84,2025-09-10
3879,73,3,deportes,101.5,2025-01-19
3880,333,3,hogar,418.42,2025-11-14
3881,4,1,electronica,76.39,2025-03-12
3882,734,2,mercado,39.92,2025-07-17
3883,390,2,ropa,292.48,2025-06-16
3884,465,1,ropa,5.42,2025-03-26
3885,481,2,hogar,68.57,2025-07-23
3886,675,2,mercado,14.51,2025-02-10
3887,441,1,mercado,17.84,2025-04-13
3888,211,2,hogar,70.67,2025-11-05
3889,420,1,ropa,12.68,2025-08-15
3890,697,1,hogar,6.1,2025-06-16
3891,144,3,ropa,62.08,2025-07-14
3892,496,2,ropa,25.07,2025-01-19
3893,774,2,libros,34.51,2025-07-05
3894,662,6,ropa,100.33,2025-01-18
3895,161,2,deportes,50.18,2025-08-28
3896,85,2,ropa,318.72,2025-11-22
3897,198,1,deportes,188.33,2025-05-22
3898,428,1,libros,9.02,2025-06-10
3899,196,4,hogar,89.02,2025-10-16
3900,81,1,mercado,18.18,2025-12-21
3901,163,2,ropa,189.94,2025-12-12
3902,204,2,mercado,48.73,2025-11-09
3903,208,1,electronica,117.31,2025-09-25
3904,623,3,mercado,129.4,2025-06-18
3905,472,1,mercado,52.8,2025-04-10
3906,305,2,ropa,68.7,2025-06-01
3907,289,4,ropa,69.34,2025-01-25
3908,655,7,mercado,9.53,2025-09-02
3909,99,4,ropa,5.16,2025-07-06
3910,528,3,hogar,74.03,2025-10-19
3911,34,2,electronica,271.04,2025-06-14
3912,497,1,ropa,78.71,2025-01-17
3913,761,2,ropa,27.33,2025-04-12
3914,720,2,ropa,33.75,2025-07-20
3915,509,2,electronica,5.46,2025-02-17
3916,246,1,mercado,192.77,2025-01-28
3917,644,1,mercado,9.18,2025-04-13
3918,177,5,mercado,51.12,2025-06-03
3919,342,6,electronica,325.03,2025-07-24
3920,523,1,hogar,28.08,2025-10-16
3921,749,3,electronica,428.0,2025-05-27
3922,595,2,mercado,23.86,2025-03-04
3923,473,1,mercado,107.21,2025-02-26
3924,344,3,ropa,59.65,2025-07-11
3925,178,6,deportes,156.12,2025-07-21
3926,86,6,electronica,139.46,2025-04-24
3927,84,1,electronica,15.22,2025-10-11
3928,750,1,juguetes,26.69,2025-08-16
3929,433,1,ropa,140.14,2025-11-27
3930,704,1,hogar,42.18,2025-01-28
3931,576,4,deportes,22.36,2025-12-05
3932,420,2,ropa,214.1,2025-02-18
3933,510,3,electronica,177.76,2025-08-27
3934,197,1,electronica,10.73,2025-07-27
3935,1,2,electronica,689.81,2025-08-14
3936,414,3,ropa,163.57,2025-11-11
3937,619,4,juguetes,80.45,2025-12-10
3938,231,4,ropa,15.58,2025-07-02
3939,495,2,ropa,27.01,2025-04-07
3940,531,1,hogar,129.94,2025-10-19
3941,670,1,ropa,201.49,2025-02-13
3942,625,2,libros,22.4,2025-07-16
3943,572,2,mercado,130.16,2025-09-11
3944,210,2,mercado,106.52,2025-09-02
3945,359,1,electronica,394.42,2025-06-04
3946,719,6,libros,22.3,2025-11-08
3947,329,2,electronica,329.52,2025-05-24
3948,28,6,hogar,182.36,2025-10-20
3949,690,2,hogar,20.69,2025-02-28
3950,358,1,mercado,34.07,2025-02-16
3951,101,3,electronica,13.28,2025-05-06
3952,634,2,mercado,20.51,2025-09-02
3953,75,3,hogar,148.87,2025-11-04
3954,186,6,electronica,193.87,2025-02-02
3955,68,1,electronica,259.77,2025-04-19
3956,591,2,deportes,35.37,2025-01-14
3957,109,2,libros,9.07,2025-02-16
3958,127,1,mercado,13.32,2025-09-16
3959,314,1,ropa,35.62,2025-04-19
3960,775,1,ropa,282.38,2025-01-24
3961,108,3,electronica,187.2,2025-07-18
3962,545,2,mercado,272.46,2025-08-19
3963,260,3,hogar,97.75,2025-10-23
3964,430,3,ropa,144.53,2025-11-20
3965,720,1,electronica,438.92,2025-12-22
3966,473,6,electronica,20.59,2025-06-11
3967,366,3,deportes,19.21,2025-02-26
3968,60,5,mercado,101.97,2025-07-18
3969,175,1,ropa,29.97,2025-05-28
3970,17,2,ropa,35.79,2025-12-14
3971,747,4,deportes,114.05,2025-08-24
3972,519,1,ropa,14.08,2025-07-19
3973,181,2,mercado,55.77,2025-12-17
3974,394,2,electronica,332.5,2025-05-11
3975,800,2,hogar,160.32,2025-06-21
3976,90,2,ropa,204.72,2025-03-16
3977,30,2,hogar,116.25,2025-04-14
3978,345,4,hogar,186.52,2025-06-04
3979,404,1,juguetes,17.88,2025-09-04
3980,285,2,deportes,154.71,2025-09-06
3981,231,2,mercado,108.45,2025-12-17
3982,35,1,hogar,343.64,2025-03-25
3983,510,2,deportes,164.75,2025-10-09
3984,204,1,electronica,47.93,2025-09-21
3985,17,1,ropa,14.44,2025-03-27
3986,25,5,hogar,17.1,2025-10-18
3987,753,2,libros,15.18,2025-12-22
3988,30,2,electronica,27.7,2025-02-21
3989,667,1,electronica,106.3,2025-01-28
3990,402,3,libros,25.02,2025-10-27
3991,798,4,hogar,126.15,2025-09-13
3992,339,4,mercado,9.23,2025-08-27
3993,57,1,ropa,124.02,2025-01-02
3994,100,5,electronica,329.43,2025-12-08
3995,619,2,deportes,17.24,2025-01-18
3996,716,3,mercado,62.9,2025-05-17
3997,393,3,libros,36.69,2025-07-18
3998,654,3,electronica,143.1,2025-10-11
3999,466,1,mercado,145.14,2025-02-23
4000,602,5,ropa,201.29,2025-05-13
4001,409,1,deportes,24.8,2025-05-22
4002,785,2,ropa,77.92,2025-01-10
4003,224,1,electronica,34.54,2025-07-03
4004,169,1,ropa,107.08,2025-07-17
4005,771,3,hogar,86.84,2025-09-02
4006,193,2,mercado,93.85,2025-12-15
4007,64,2,mercado,22.27,2025-11-25
4008,199,4,electronica,449.94,2025-03-05
4009,627,1,ropa,193.87,2025-09-02
4010,151,1,libros,30.64,2025-10-14
4011,317,1,mercado,10.3,2025-05-04
4012,255,2,ropa,159.22,2025-10-28
4013,311,4,mercado,11.49,2025-01-09
4014,60,3,mercado,32.17,2025-12-11
4015,113,1,ropa,324.47,2025-01-08
4016,491,1,hogar,154.69,2025-05-23
4017,244,5,mercado,110.48,2025-11-08
4018,252,1,electronica,110.84,2025-05-14
4019,173,3,electronica,233.41,2025-06-07
4020,100,2,electronica,104.14,2025-12-17
4021,607,1,hogar,56.46,2025-05-15
4022,409,2,mercado,15.46,2025-11-23
4023,727,7,hogar,110.48,2025-04-26
4024,42,1,hogar,112.98,2025-01-12
4025,202,1,hogar,287.28,2025-09-25
4026,196,2,deportes,33.89,2025-11-02
4027,782,1,mercado,68.06,2025-08-14
4028,527,7,hogar,72.05,2025-08-24
4029,439,3,deportes,36.27,2025-04-12
4030,480,1,hogar,217.09,2025-05-27
4031,290,5,electronica,26.17,2025-01-01
4032,558,2,hogar,33.29,2025-11-11
4033,480,2,ropa,169.81,2025-04-04
4034,109,3,electronica,236.81,2025-11-24
4035,317,3,electronica,298.84,2025-08-12
4036,293,3,ropa,51.13,2025-12-18
4037,18,2,electronica,346.26,2025-12-17
4038,42,2,hogar,23.88,2025-05-06
4039,518,1,hogar,7.91,2025-08-22
4040,336,1,electronica,267.46,2025-09-06
4041,354,4,libros,56.66,2025-09-24
4042,684,2,mercado,39.11,2025-10-09
4043,424,2,hogar,296.57,2025-06-19
4044,739,2,electronica,71.26,2025-02-06
4045,484,3,deportes,5.8,2025-11-03
4046,291,6,ropa,25.09,2025-08-12
4047,347,2,electronica,151.58,2025-12-23
4048,272,3,mercado,48.66,2025-11-12
4049,681,2,electronica,614.53,2025-01-26
4050,516,2,mercado,23.03,2025-11-14
4051,263,3,libros,6.05,2025-09-03
4052,674,3,electronica,311.28,2025-05-05
4053,673,1,electronica,61.05,2025-04-13
4054,286,4,ropa,28.25,2025-07-07
4055,477,3,mercado,225.41,2025-08-08
4056,382,2,electronica,5.44,2025-11-25
4057,45,4,mercado,45.97,2025-10-27
4058,572,3,mercado,24.99,2025-09-08
4059,186,2,hogar,80.81,2025-05-01
4060,17,2,mercado,25.12,2025-06-22
4061,92,5,libros,48.02,2025-05-14
4062,168,1,juguetes,29.19,2025-04-14
4063,174,6,mercado,11.09,2025-09-10
4064,338,3,ropa,109.29,2025-12-23
4065,446,3,mercado,60.3,2025-03-17
4066,480,4,hogar,48.88,2025-01-05
4067,487,4,electronica,987.37,2025-10-26
4068,718,2,juguetes,18.96,2025-05-11
4069,692,1,electronica,41.82,2025-05-15
4070,648,2,mercado,128.79,2025-02-24
4071,461,1,electronica,1231.01,2025-08-05
4072,535,1,electronica,285.25,2025-05-03
4073,729,7,juguetes,6.39,2025-06-22
4074,228,1,deportes,27.15,2025-07-01
4075,577,3,mercado,152.05,2025-03-10
4076,438,2,libros,40.02,2025-04-17
4077,680,1,mercado,9.63,2025-12-13
4078,484,1,electronica,55.96,2025-11-28
4079,498,3,ropa,105.43,2025-10-05
4080,151,3,mercado,45.54,2025-07-08
4081,86,3,ropa,317.58,2025-08-27
4082,279,4,hogar,17.52,2025-01-25
4083,649,5,ropa,118.25,2025-10-02
4084,77,1,electronica,853.53,2025-01-23
4085,124,6,deportes,48.07,2025-12-19
4086,66,4,libros,40.28,2025-03-18
4087,113,1,juguetes,67.76,2025-09-26
4088,422,3,hogar,121.56,2025-08-13
4089,435,2,mercado,6.0,2025-06-19
4090,53,2,electronica,192.82,2025-06-03
4091,651,3,electronica,330.92,2025-10-16
4092,356,2,ropa,15.29,2025-07-21
4093,200,2,mercado,72.58,2025-01-19
4094,597,3,juguetes,13.89,2025-01-25
4095,139,2,mercado,18.06,2025-11-24
4096,632,4,hogar,78.81,2025-09-13
4097,318,1,juguetes,24.98,2025-08-21
4098,687,2,hogar,15.92,2025-11-22
4099,657,1,juguetes,17.19,2025-08-14
4100,678,3,deportes,116.6,2025-06-19
4101,680,1,electronica,101.89,2025-09-23
4102,71,2,deportes,131.34,2025-09-06
4103,400,5,mercado,87.36,2025-12-08
4104,84,2,ropa,266.5,2025-05-14
4105,232,1,ropa,169.57,2025-01-13
4106,768,6,ropa,132.25,2025-08-21
4107,704,4,ropa,33.9,2025-09-22
4108,521,5,hogar,177.06,2025-03-06
4109,274,1,ropa,31.04,2025-02-21
4110,482,3,mercado,59.71,2025-09-20
4111,709,3,juguetes,41.55,2025-03-11
4112,54,2,deportes,22.18,2025-05-09
4113,308,2,electronica,229.08,2025-02-10
4114,272,2,ropa,96.88,2025-01-23
4115,786,5,electronica,390.41,2025-10-14
4116,629,2,mercado,159.67,2025-11-11
4117,76,1,ropa,11.94,2025-09-25
4118,680,4,electronica,135.97,2025-12-18
4119,375,6,deportes,19.75,2025-11-23
4120,590,1,deportes,8.88,2025-12-10
4121,34,1,electronica,73.16,2025-02-13
4122,694,1,ropa,6.95,2025-11-04
4123,29,6,ropa,14.36,2025-10-06
4124,533,2,deportes,11.56,2025-06-13
4125,440,1,mercado,278.37,2025-01-28
4126,761,2,libros,39.77,2025-02-04
4127,727,2,electronica,590.67,2025-12-28
4128,290,2,ropa,259.94,2025-09-25
4129,377,1,ropa,61.13,2025-01-18
4130,280,1,electronica,913.91,2025-07-25
4131,567,4,ropa,51.59,2025-11-21
4132,736,1,deportes,100.02,2025-10-18
4133,420,2,electronica,352.98,2025-05-18
4134,462,2,mercado,109.1,2025-08-07
4135,271,3,hogar,12.22,2025-10-06
4136,378,1,ropa,163.03,2025-03-21
4137,524,1,mercado,81.85,2025-01-18
4138,63,1,mercado,75.33,2025-09-17
4139,617,5,mercado,62.95,2025-03-25
4140,319,2,ropa,152.17,2025-04-09
4141,742,1,mercado,56.31,2025-07-10
4142,797,7,juguetes,67.5,2025-02-03
4143,447,3,juguetes,12.05,2025-03-25
4144,150,2,electronica,31.47,2025-11-10
4145,486,3,hogar,10.26,2025-07-22
4146,504,2,electronica,611.59,2025-07-08
4147,722,1,hogar,25.33,2025-04-08
4148,647,3,electronica,184.5,2025-10-22
4149,682,7,libros,42.06,2025-06-10
4150,465,2,ropa,241.85,2025-09-02
4151,210,3,deportes,59.54,2025-09-11
4152,584,1,electronica,1047.35,2025-02-01
4153,51,2,electronica,370.55,2025-12-17
4154,104,3,hogar,56.53,2025-04-25
4155,439,2,juguetes,7.21,2025-04-10
4156,33,2,ropa,5.88,2025-02-16
4157,170,1,electronica,326.89,2025-11-15
4158,406,2,libros,76.58,2025-03-09
4159,571,6,mercado,46.1,2025-07-04
4160,551,1,electronica,76.05,2025-01-09
4161,403,2,mercado,6.23,2025-01-10
4162,404,3,electronica,510.18,2025-04-14
4163,472,2,libros,17.19,2025-12-20
4164,505,2,electronica,134.26,2025-08-04
4165,775,6,ropa,62.03,2025-03-22
4166,301,5,ropa,39.2,2025-11-28
4167,240,2,mercado,31.48,2025-02-24
4168,293,3,juguetes,97.5,2025-08-27
4169,539,2,deportes,43.3,2025-08-24
4170,72,4,deportes,208.7,2025-08-23
4171,313,1,hogar,223.01,2025-08-09
4172,37,1,ropa,85.71,2025-06-17
4173,239,1,electronica,74.29,2025-07-03
4174,393,1,hogar,10.08,2025-03-20
4175,315,2,ropa,72.83,2025-12-24
4176,245,4,mercado,13.29,2025-04-25
4177,481,1,deportes,61.14,2025-03-05
4178,604,1,mercado,85.84,2025-03-10
4179,152,3,ropa,172.5,2025-02-12
4180,283,2,electronica,211.84,2025-06-06
4181,620,3,libros,18.79,2025-09-21
4182,480,3,deportes,223.9,2025-11-23
4183,390,1,ropa,15.61,2025-08-12
4184,17,1,hogar,39.13,2025-06-03
4185,675,2,hogar,181.27,2025-11-15
4186,719,2,electronica,229.38,2025-02-17
4187,661,2,electronica,9.3,2025-05-03
4188,487,2,hogar,33.52,2025-03-01
4189,41,1,ropa,57.8,2025-08-05
4190,253,4,electronica,157.08,2025-12-02
4191,672,4,hogar,48.17,2025-04-10
4192,209,3,ropa,23.54,2025-04-17
4193,549,1,mercado,67.11,2025-07-27
4194,192,1,libros,22.73,2025-11-23
4195,183,6,mercado,55.5,2025-11-17
4196,417,3,deportes,93.51,2025-07-04
4197,631,4,electronica,231.13,2025-08-07
4198,638,2,ropa,30.98,2025-03-14
4199,329,5,electronica,76.6,2025-07-20
4200,3,2,mercado,32.0,2025-03-06
4201,18,2,hogar,192.1,2025-02-02
4202,135,2,deportes,115.91,2025-03-18
4203,663,2,ropa,162.76,2025-11-02
4204,721,3,mercado,22.98,2025-12-23
4205,380,2,ropa,149.88,2025-08-27
4206,753,1,hogar,308.66,2025-06-24
4207,165,3,ropa,167.02,2025-05-15
4208,629,6,mercado,116.28,2025-04-06
4209,565,2,electronica,510.11,2025-08-27
4210,7,2,juguetes,44.39,2025-12-21
4211,722,6,ropa,187.35,2025-02-24
4212,271,6,electronica,595.74,2025-01-04
4213,298,1,electronica,682.15,2025-06-18
4214,156,1,deportes,47.25,2025-04-22
4215,366,2,electronica,292.56,2025-12-08
4216,177,4,electronica,138.34,2025-09-02
4217,159,2,deportes,86.7,2025-09-22
4218,155,4,mercado,14.53,2025-05-16
4219,160,1,electronica,790.39,2025-01-02
4220,780,3,hogar,35.76,2025-07-24
4221,550,3,mercado,17.26,2025-09-26
4222,756,1,mercado,256.39,2025-11-01
4223,327,1,hogar,393.29,2025-07-20
4224,453,3,ropa,74.71,2025-11-19
4225,568,2,deportes,23.13,2025-03-01
4226,652,1,mercado,75.04,2025-11-01
4227,462,1,hogar,115.76,2025-07-02
4228,675,3,electronica,166.69,2025-08-11
4229,194,1,mercado,71.16,2025-10-09
4230,115,2,electronica,266.39,2025-02-23
4231,374,3,hogar,304.69,2025-04-20
4232,414,4,ropa,212.17,2025-05-13
4233,342,3,libros,11.05,2025-12-21
4234,579,2,electronica,154.24,2025-12-14
4235,274,3,mercado,10.62,2025-09-12
4236,518,1,libros,69.38,2025-10-09
4237,145,1,electronica,81.42,2025-04-06
4238,422,1,libros,7.67,2025-11-02
4239,302,4,ropa,219.65,2025-05-15
4240,651,3,deportes,152.16,2025-05-15
4241,183,4,mercado,20.12,2025-11-08
4242,421,1,electronica,109.41,2025-12-22
4243,68,1,juguetes,27.23,2025-04-26
4244,262,2,hogar,48.67,2025-10-05
4245,58,1,ropa,33.61,2025-04-18
4246,573,1,electronica,237.64,2025-04-20
4247,771,6,electronica,526.84,2025-04-15
4248,243,1,electronica,293.35,2025-06-14
4249,694,2,libros,8.61,2025-10-19
4250,337,1,deportes,37.33,2025-05-22
4251,782,2,electronica,14.94,2025-01-17
4252,246,2,hogar,52.2,2025-11-09
4253,240,5,electronica,131.85,2025-06-21
4254,799,6,hogar,70.59,2025-07-12
4255,134,2,juguetes,40.24,2025-10-04
4256,78,2,deportes,203.86,2025-12-06
4257,470,2,ropa,9.84,2025-12-02
4258,673,3,ropa,84.12,2025-03-01
4259,274,2,hogar,46.97,2025-02-20
4260,243,3,electronica,53.36,2025-01-28
4261,208,4,electronica,43.28,2025-10-20
4262,281,1,ropa,136.88,2025-12-11
4263,431,6,ropa,15.44,2025-10-11
4264,649,5,ropa,54.97,2025-08-07
4265,612,1,mercado,20.72,2025-05-13
4266,665,2,libros,51.87,2025-06-07
4267,529,5,ropa,53.51,2025-05-04
4268,53,2,ropa,7.03,2025-05-02
4269,508,2,electronica,230.37,2025-07-04
4270,334,2,hogar,25.85,2025-05-22
4271,781,2,ropa,118.28,2025-01-03
4272,305,2,ropa,90.46,2025-06-10
4273,90,2,mercado,113.41,2025-06-16
4274,450,1,hogar,88.87,2025-04-16
4275,501,5,juguetes,39.37,2025-01-27
4276,708,2,libros,123.0,2025-11-17
4277,605,2,mercado,59.01,2025-03-06
4278,668,7,electronica,199.17,2025-07-10
4279,66,4,ropa,88.92,2025-05-23
4280,416,2,mercado,61.36,2025-09-15
4281,527,2,ropa,27.68,2025-09-24
4282,327,3,hogar,423.89,2025-07-22
4283,76,2,mercado,19.15,2025-06-08
4284,462,2,electronica,424.03,2025-01-03
4285,607,2,electronica,30.57,2025-11-08
4286,726,1,hogar,92.89,2025-03-06
4287,373,1,mercado,19.8,2025-10-18
4288,228,1,hogar,41.32,2025-11-20
4289,450,2,ropa,6.59,2025-09-20
4290,95,2,electronica,94.97,2025-03-12
4291,581,2,electronica,22.72,2025-09-10
4292,617,2,electronica,586.96,2025-06-28
4293,740,1,electronica,18.45,2025-07-12
4294,185,3,ropa,71.88,2025-04-15
4295,127,1,mercado,93.06,2025-05-20
4296,771,6,mercado,309.81,2025-08-28
4297,291,1,hogar,143.28,2025-09-24
4298,794,2,hogar,84.19,2025-08-07
4299,306,1,electronica,81.49,2025-10-09
4300,125,2,mercado,50.82,2025-07-09
4301,677,1,ropa,32.23,2025-08-22
4302,187,1,hogar,23.73,2025-03-22
4303,770,1,ropa,13.26,2025-12-23
4304,66,2,electronica,73.12,2025-03-24
4305,291,2,electronica,19.58,2025-11-06
4306,638,2,electronica,176.61,2025-10-10
4307,27,2,electronica,6.18,2025-04-28
4308,484,3,mercado,62.34,2025-12-21
4309,1,2,mercado,45.8,2025-11-21
4310,435,4,ropa,26.29,2025-12-20
4311,591,1,mercado,15.16,2025-02-12
4312,623,1,mercado,49.48,2025-10-12
4313,656,4,electronica,396.22,2025-06-05
4314,412,2,electronica,105.96,2025-01-28
4315,718,3,electronica,333.59,2025-03-28
4316,186,2,electronica,168.46,2025-06-25
4317,796,1,deportes,417.75,2025-11-19
4318,462,1,hogar,74.68,2025-03-10
4319,723,2,libros,42.9,2025-04-07
4320,477,4,ropa,9.94,2025-10-13
4321,730,6,mercado,45.82,2025-03-15
4322,141,3,mercado,62.12,2025-08-25
4323,772,2,juguetes,53.58,2025-09-14
4324,396,1,electronica,75.11,2025-09-08
4325,524,2,electronica,147.2,2025-07-09
4326,682,2,mercado,66.76,2025-10-19
4327,237,1,juguetes,88.2,2025-10-25
4328,557,2,ropa,153.18,2025-01-08
4329,756,2,libros,6.66,2025-04-15
4330,422,1,ropa,5.56,2025-02-26
4331,685,1,hogar,11.14,2025-04-22
4332,607,5,electronica,189.92,2025-12-27
4333,166,1,mercado,120.48,2025-01-01
4334,3,2,juguetes,22.56,2025-02-02
4335,609,5,hogar,118.83,2025-02-28
4336,370,2,electronica,158.98,2025-10-22
4337,158,2,ropa,33.43,2025-04-18
4338,523,1,mercado,91.47,2025-04-26
4339,255,3,libros,14.31,2025-11-21
4340,192,2,mercado,149.18,2025-08-11
4341,685,1,electronica,181.32,2025-09-12
4342,651,3,ropa,154.41,2025-09-09
4343,301,1,hogar,112.27,2025-01-22
4344,34,5,electronica,53.89,2025-09-16
4345,604,4,libros,14.34,2025-06-22
4346,629,2,hogar,73.07,2025-06-19
4347,766,4,electronica,59.3,2025-05-13
4348,418,1,libros,32.63,2025-12-09
4349,7,2,mercado,56.32,2025-03-21
4350,546,1,juguetes,154.05,2025-12-11
4351,223,1,electronica,659.27,2025-09-07
4352,421,1,electronica,946.79,2025-08-03
4353,432,3,mercado,5.94,2025-10-03
4354,724,2,hogar,18.92,2025-10-07
4355,537,2,ropa,283.18,2025-09-14
4356,621,1,mercado,6.7,2025-03-22
4357,1,3,hogar,15.88,2025-09-27
4358,217,2,electronica,20.17,2025-07-18
4359,115,4,electronica,89.25,2025-07-08
4360,306,2,electronica,246.34,2025-11-13
4361,560,2,libros,19.83,2025-02-02
4362,196,6,ropa,214.31,2025-03-27
4363,344,2,libros,15.38,2025-05-19
4364,220,3,electronica,182.87,2025-08-25
4365,360,1,hogar,352.74,2025-02-18
4366,515,1,mercado,96.67,2025-11-14
4367,348,2,hogar,116.92,2025-06-20
4368,403,2,mercado,55.45,2025-11-01
4369,545,7,ropa,171.58,2025-09-09
4370,26,1,mercado,88.94,2025-03-21
4371,655,2,mercado,82.56,2025-08-17
4372,511,5,hogar,40.77,2025-09-05
4373,799,3,libros,5.4,2025-06-02
4374,114,2,mercado,22.64,2025-03-15
4375,696,4,electronica,183.11,2025-06-06
4376,435,1,electronica,464.31,2025-02-04
4377,705,1,hogar,21.67,2025-07-07
4378,503,1,juguetes,31.79,2025-11-04
4379,295,2,ropa,41.25,2025-07-12
4380,609,2,electronica,506.15,2025-01-04
4381,195,2,hogar,153.59,2025-07-12
4382,329,2,juguetes,87.93,2025-01-13
4383,608,2,ropa,26.0,2025-10-07
4384,475,1,libros,16.71,2025-09-13
4385,2,1,ropa,156.06,2025-11-22
4386,512,2,electronica,489.99,2025-04-17
4387,542,4,ropa,37.35,2025-04-12
4388,674,1,electronica,23.58,2025-09-16
4389,276,2,ropa,131.82,2025-12-24
4390,434,2,electronica,278.49,2025-12-05
4391,199,1,mercado,82.2,2025-11-14
4392,61,4,hogar,65.28,2025-10-08
4393,21,3,libros,5.36,2025-02-27
4394,187,2,hogar,276.69,2025-08-13
4395,248,1,ropa,204.25,2025-09-13
4396,798,4,mercado,124.1,2025-01-04
4397,410,2,electronica,430.6,2025-06-16
4398,165,3,mercado,52.51,2025-12-19
4399,115,1,electronica,517.75,2025-08-25
4400,341,2,hogar,30.71,2025-02-12
4401,530,2,ropa,15.94,2025-10-16
4402,90,3,hogar,58.96,2025-11-24
4403,581,2,juguetes,36.22,2025-05-11
4404,330,2,deportes,155.12,2025-11-12
4405,229,3,mercado,68.31,2025-03-22
4406,493,5,electronica,25.75,2025-12-02
4407,447,1,ropa,89.76,2025-11-28
4408,760,3,mercado,66.68,2025-01-19
4409,398,3,deportes,181.81,2025-02-16
4410,375,3,electronica,336.13,2025-10-10
4411,673,1,hogar,54.43,2025-12-19
4412,174,2,electronica,53.36,2025-12-10
4413,726,1,mercado,33.92,2025-02-13
4414,251,3,libros,5.1,2025-12-25
4415,666,1,juguetes,22.5,2025-02-12
4416,273,5,juguetes,68.03,2025-03-07
4417,24,2,mercado,24.51,2025-01-17
4418,303,2,ropa,271.61,2025-05-20
4419,267,2,libros,6.24,2025-12-05
4420,460,1,mercado,47.87,2025-09-18
4421,493,1,deportes,63.15,2025-02-23
4422,249,3,hogar,50.86,2025-05-18
4423,8,5,mercado,60.33,2025-04-06
4424,719,5,juguetes,48.61,2025-10-15
4425,759,1,deportes,151.31,2025-11-01
4426,430,6,electronica,88.2,2025-02-20
4427,216,1,libros,32.37,2025-08-02
4428,27,3,deportes,297.5,2025-07-08
4429,357,4,mercado,8.13,2025-07-14
4430,208,6,hogar,364.99,2025-12-23
4431,274,2,libros,12.28,2025-12-04
4432,510,2,ropa,104.69,2025-07-15
4433,607,2,hogar,301.89,2025-01-21
4434,359,1,electronica,331.67,2025-08-14
4435,611,1,electronica,564.52,2025-01-06
4436,179,6,mercado,49.26,2025-04-27
4437,606,2,libros,37.22,2025-12-17
4438,122,1,ropa,13.06,2025-06-08
4439,163,2,mercado,30.59,2025-05-21
4440,795,2,hogar,191.49,2025-09-07
4441,275,2,ropa,31.5,2025-09-27
4442,274,2,ropa,37.54,2025-11-03
4443,222,1,hogar,24.24,2025-03-17
4444,547,7,electronica,588.75,2025-02-09
4445,70,2,mercado,180.66,2025-06-07
4446,167,2,mercado,16.94,2025-11-12
4447,472,1,hogar,26.58,2025-08-05
4448,373,2,libros,45.6,2025-01-05
4449,77,1,electronica,169.16,2025-01-01
4450,358,2,hogar,30.92,2025-12-09
4451,567,2,mercado,33.34,2025-12-05
4452,694,2,electronica,523.84,2025-08-12
4453,5,3,electronica,1521.06,2025-07-19
4454,491,3,juguetes,49.02,2025-09-02
4455,97,5,electronica,282.94,2025-03-24
4456,601,2,ropa,91.93,2025-11-08
4457,280,2,electronica,1608.75,2025-08-23
4458,485,1,electronica,202.59,2025-03-14
4459,694,1,ropa,15.07,2025-02-12
4460,153,4,mercado,26.65,2025-04-06
4461,440,1,electronica,526.75,2025-11-01
4462,403,4,ropa,27.8,2025-01-07
4463,63,2,mercado,29.01,2025-11-20
4464,537,1,electronica,134.19,2025-10-15
4465,329,2,electronica,261.07,2025-09-05
4466,297,6,ropa,29.42,2025-01-03
4467,543,2,hogar,48.02,2025-12-14
4468,610,5,ropa,108.79,2025-04-15
4469,763,3,electronica,155.61,2025-07-23
4470,706,1,deportes,8.52,2025-03-25
4471,159,1,deportes,214.34,2025-08-17
4472,579,4,electronica,488.52,2025-09-14
4473,789,3,ropa,24.55,2025-03-05
4474,623,2,hogar,190.49,2025-02-18
4475,696,1,ropa,92.89,2025-05-11
4476,146,1,electronica,8.76,2025-05-27
4477,457,3,ropa,7.53,2025-05-27
4478,400,7,deportes,259.38,2025-11-28
4479,465,3,deportes,27.31,2025-09-01
4480,190,3,ropa,42.03,2025-08-16
4481,80,5,deportes,201.65,2025-06-11
4482,450,3,mercado,29.46,2025-03-11
4483,74,2,electronica,216.16,2025-01-05
4484,512,2,libros,28.9,2025-12-10
4485,537,2,mercado,32.08,2025-10-22
4486,571,3,juguetes,21.2,2025-01-26
4487,734,7,electronica,911.2,2025-11-07
4488,601,6,mercado,19.83,2025-12-20
4489,769,4,ropa,73.77,2025-12-11
4490,67,2,ropa,12.94,2025-11-14
4491,539,3,electronica,193.23,2025-09-17
4492,384,4,hogar,94.41,2025-08-10
4493,593,2,deportes,142.42,2025-08-06
4494,521,4,ropa,85.29,2025-07-22
4495,713,2,mercado,132.86,2025-02-06
4496,406,1,mercado,92.38,2025-12-23
4497,430,2,libros,46.1,2025-11-19
4498,276,2,hogar,180.19,2025-05-28
4499,99,2,electronica,24.72,2025-08-10
4500,554,2,mercado,27.67,2025-10-05
4501,640,2,electronica,31.5,2025-07-27
4502,218,2,mercado,102.7,2025-06-12
4503,127,1,deportes,14.27,2025-11-24
4504,289,1,hogar,61.5,2025-12-18
4505,620,4,electronica,155.51,2025-11-21
4506,43,1,libros,8.53,2025-05-16
4507,305,2,electronica,786.42,2025-03-05
4508,56,6,libros,46.98,2025-12-15
4509,675,1,mercado,54.43,2025-03-24
4510,475,2,ropa,10.16,2025-08-24
4511,191,1,ropa,393.54,2025-04-05
4512,742,2,electronica,211.94,2025-05-09
4513,493,2,deportes,177.83,2025-09-02
4514,194,2,electronica,746.01,2025-01-07
4515,756,3,deportes,121.85,2025-10-20
4516,359,2,electronica,74.57,2025-10-01
4517,56,4,electronica,12.47,2025-12-15
4518,231,2,mercado,94.7,2025-06-25
4519,509,2,juguetes,149.81,2025-07-19
4520,712,3,deportes,180.64,2025-03-12
4521,105,1,electronica,233.89,2025-05-09
4522,244,2,electronica,28.78,2025-05-15
4523,684,1,mercado,45.27,2025-07-05
4524,288,1,ropa,50.09,2025-07-16
4525,624,5,ropa,12.17,2025-04-27
4526,273,1,mercado,36.4,2025-11-09
4527,10,1,libros,48.29,2025-10-03
4528,414,3,hogar,131.01,2025-10-05
4529,457,3,mercado,21.5,2025-03-09
4530,409,5,electronica,765.19,2025-12-22
4531,230,2,ropa,82.11,2025-12-16
4532,327,1,ropa,56.63,2025-01-13
4533,790,1,electronica,263.97,2025-05-12
4534,524,2,ropa,97.41,2025-11-24
4535,421,2,hogar,84.29,2025-11-05
4536,184,2,electronica,64.4,2025-12-02
4537,145,1,deportes,43.44,2025-06-03
4538,301,1,mercado,52.75,2025-12-06
4539,309,3,mercado,136.57,2025-10-10
4540,379,1,libros,30.08,2025-11-19
4541,181,1,ropa,14.67,2025-12-27
4542,550,2,ropa,32.92,2025-11-26
4543,346,2,juguetes,65.88,2025-09-06
4544,651,2,libros,24.67,2025-01-26
4545,449,1,mercado,143.74,2025-12-08
4546,734,2,ropa,260.6,2025-07-27
4547,328,1,electronica,270.24,2025-02-11
4548,477,4,electronica,847.97,2025-08-15
4549,201,1,hogar,84.53,2025-01-24
4550,110,2,mercado,40.35,2025-05-07
4551,5,3,mercado,123.05,2025-08-11
4552,725,2,hogar,83.44,2025-11-20
4553,338,2,ropa,55.75,2025-04-21
4554,182,3,mercado,17.15,2025-11-16
4555,611,2,hogar,36.34,2025-11-26
4556,194,4,ropa,28.75,2025-01-23
4557,491,3,deportes,65.85,2025-04-10
4558,513,2,electronica,62.25,2025-10-10
4559,208,1,ropa,71.98,2025-12-07
4560,297,2,electronica,265.18,2025-05-24
4561,600,5,ropa,41.53,2025-04-24
4562,261,4,deportes,27.68,2025-10-06
4563,266,1,mercado,12.46,2025-12-19
4564,162,1,electronica,208.3,2025-07-16
4565,5,2,deportes,185.36,2025-06-13
4566,722,1,electronica,467.36,2025-10-08
4567,714,1,electronica,16.72,2025-12-17
4568,706,2,electronica,57.86,2025-12-01
4569,482,7,mercado,298.4,2025-09-10
4570,252,3,ropa,11.82,2025-10-04
4571,619,2,hogar,281.18,2025-09-14
4572,454,2,ropa,23.51,2025-08-25
4573,366,6,hogar,27.54,2025-04-16
4574,9,1,mercado,110.11,2025-07-18
4575,216,5,hogar,35.86,2025-09-23
4576,106,2,juguetes,99.9,2025-07-27
4577,40,1,electronica,297.78,2025-05-19
4578,294,7,electronica,991.44,2025-01-16
4579,92,2,electronica,558.48,2025-06-12
4580,82,2,juguetes,35.78,2025-04-19
4581,302,1,electronica,215.35,2025-10-27
4582,392,3,ropa,41.46,2025-12-06
4583,377,2,electronica,18.79,2025-08-07
4584,126,2,electronica,709.4,2025-10-22
4585,702,2,ropa,88.25,2025-02-14
4586,181,2,mercado,35.77,2025-04-02
4587,214,7,electronica,227.18,2025-02-06
4588,154,2,electronica,129.03,2025-09-16
4589,779,2,juguetes,14.13,2025-09-22
4590,392,2,ropa,72.39,2025-05-20
4591,714,2,juguetes,21.14,2025-02-22
4592,103,2,electronica,516.7,2025-10-03
4593,517,3,electronica,130.83,2025-05-12
4594,49,1,deportes,80.4,2025-04-12
4595,119,1,juguetes,6.03,2025-11-22
4596,340,1,libros,18.0,2025-05-18
4597,535,7,mercado,164.03,2025-05-07
4598,498,2,mercado,125.07,2025-02-19
4599,62,3,mercado,90.52,2025-04-06
4600,305,1,juguetes,43.33,2025-10-15
4601,200,1,mercado,54.2,2025-04-02
4602,302,5,deportes,11.81,2025-10-01
4603,403,4,electronica,112.97,2025-07-13
4604,429,2,hogar,83.75,2025-11-26
4605,515,7,ropa,39.82,2025-12-15
4606,58,6,hogar,395.64,2025-06-08
4607,369,2,ropa,133.46,2025-12-19
4608,182,2,electronica,175.54,2025-01-05
4609,459,2,mercado,6.64,2025-06-23
4610,697,1,hogar,33.35,2025-02-17
4611,774,4,hogar,354.98,2025-09-04
4612,482,2,mercado,16.53,2025-02-09
4613,298,2,mercado,57.48,2025-08-17
4614,329,2,mercado,73.48,2025-10-12
4615,380,2,ropa,249.11,2025-10-05
4616,380,2,hogar,9.5,2025-01-21
4617,90,3,electronica,421.81,2025-08-02
4618,357,2,deportes,25.54,2025-05-26
4619,162,3,hogar,37.8,2025-06-10
4620,736,2,juguetes,113.78,2025-01-18
4621,679,3,ropa,84.48,2025-12-27
4622,430,3,deportes,10.2,2025-07-17
4623,332,6,mercado,38.05,2025-12-17
4624,284,1,deportes,10.13,2025-01-11
4625,450,4,electronica,38.15,2025-08-12
4626,135,2,deportes,31.44,2025-10-16
4627,420,1,mercado,26.7,2025-01-15
4628,592,1,mercado,133.43,2025-09-27
4629,789,2,hogar,68.54,2025-12-09
4630,654,1,electronica,90.75,2025-05-06
4631,601,3,libros,203.63,2025-10-15
4632,421,1,mercado,22.45,2025-03-19
4633,673,2,hogar,215.16,2025-12-28
4634,457,1,ropa,155.69,2025-08-09
4635,351,4,hogar,123.34,2025-01-04
4636,142,1,hogar,33.98,2025-06-26
4637,710,2,libros,30.97,2025-08-26
4638,740,3,electronica,1078.96,2025-06-16
4639,81,1,mercado,34.05,2025-08-08
4640,606,2,libros,16.1,2025-06-26
4641,477,3,mercado,64.81,2025-12-09
4642,49,6,mercado,37.79,2025-08-15
4643,189,1,electronica,204.37,2025-02-26
4644,478,2,electronica,461.64,2025-03-27
4645,647,2,libros,21.87,2025-06-10
4646,558,1,mercado,70.55,2025-12-13
4647,567,5,mercado,9.57,2025-09-13
4648,534,2,hogar,28.16,2025-04-24
4649,206,3,ropa,29.57,2025-09-09
4650,302,6,deportes,93.08,2025-12-12
4651,181,3,electronica,259.67,2025-08-23
4652,32,2,electronica,88.19,2025-01-28
4653,631,2,electronica,676.71,2025-07-16
4654,388,1,mercado,26.61,2025-05-11
4655,369,3,electronica,55.29,2025-10-20
4656,580,2,ropa,35.06,2025-12-08
4657,44,5,deportes,81.79,2025-10-08
4658,346,3,deportes,92.92,2025-01-21
4659,446,3,electronica,1115.02,2025-02-03
4660,340,2,deportes,352.69,2025-02-20
4661,1,2,electronica,415.86,2025-10-17
4662,784,2,hogar,153.14,2025-02-15
4663,742,3,electronica,169.29,2025-08-04
4664,142,2,electronica,723.92,2025-03-03
4665,138,1,mercado,125.24,2025-03-15
4666,626,1,electronica,1255.16,2025-03-10
4667,622,5,deportes,80.31,2025-04-08
4668,239,5,hogar,61.63,2025-10-14
4669,489,2,deportes,65.2,2025-06-24
4670,564,3,electronica,208.28,2025-12-17
4671,321,2,electronica,131.22,2025-02-03
4672,555,2,electronica,195.83,2025-02-26
4673,104,6,mercado,24.39,2025-06-03
4674,536,2,mercado,146.21,2025-03-12
4675,207,3,mercado,12.51,2025-08-13
4676,374,2,mercado,44.51,2025-08-03
4677,594,2,mercado,122.02,2025-02-17
4678,296,1,hogar,185.53,2025-05-06
4679,251,1,ropa,77.84,2025-06-14
4680,159,2,hogar,79.53,2025-12-27
4681,101,2,ropa,134.7,2025-01-25
4682,197,3,ropa,95.65,2025-05-13
4683,247,1,deportes,382.89,2025-11-25
4684,32,2,electronica,156.15,2025-08-04
4685,157,5,libros,19.62,2025-07-10
4686,368,2,mercado,168.35,2025-03-15
4687,701,2,mercado,20.89,2025-04-18
4688,749,5,mercado,18.81,2025-01-17
4689,567,1,hogar,50.26,2025-08-04
4690,203,4,electronica,210.24,2025-11-19
4691,651,2,ropa,101.24,2025-01-17
4692,441,3,electronica,288.71,2025-11-28
4693,337,2,mercado,101.77,2025-11-13
4694,222,6,mercado,21.99,2025-12-10
4695,158,2,electronica,10.66,2025-01-27
4696,625,1,mercado,167.52,2025-07-23
4697,127,2,mercado,32.62,2025-11-20
4698,575,1,ropa,26.41,2025-10-10
4699,416,3,libros,38.54,2025-05-14
4700,207,7,ropa,129.67,2025-08-16
4701,26,1,juguetes,31.24,2025-02-09
4702,429,2,deportes,165.65,2025-01-04
4703,27,3,ropa,28.84,2025-10-01
4704,450,1,electronica,64.28,2025-12-06
4705,506,1,electronica,370.03,2025-06-05
4706,31,1,electronica,503.85,2025-10-28
4707,104,5,mercado,43.2,2025-09-11
4708,370,1,electronica,595.34,2025-08-02
4709,295,1,electronica,562.12,2025-03-25
4710,333,7,electronica,82.27,2025-11-26
4711,741,2,electronica,390.97,2025-12-26
4712,429,2,electronica,691.91,2025-01-28
4713,561,4,electronica,480.8,2025-07-22
4714,29,1,hogar,32.69,2025-07-10
4715,475,3,ropa,63.73,2025-11-21
4716,340,1,juguetes,77.85,2025-12-17
4717,287,4,ropa,47.76,2025-05-02
4718,66,2,electronica,371.6,2025-05-02
4719,665,4,hogar,125.74,2025-02-25
4720,433,2,electronica,420.99,2025-07-24
4721,197,4,mercado,10.62,2025-12-13
4722,160,6,juguetes,6.38,2025-06-01
4723,542,1,electronica,327.85,2025-07-22
4724,542,2,ropa,50.98,2025-11-26
4725,789,1,mercado,14.8,2025-06-04
4726,377,2,electronica,181.49,2025-12-03
4727,164,1,mercado,25.48,2025-09-01
4728,57,2,electronica,786.92,2025-11-18
4729,95,1,hogar,49.78,2025-02-10
4730,553,2,hogar,53.78,2025-06-25
4731,698,1,libros,15.4,2025-09-03
4732,34,3,electronica,5.3,2025-08-07
4733,709,1,mercado,35.83,2025-06-01
4734,517,1,electronica,34.07,2025-06-02
4735,565,4,juguetes,113.98,2025-02-27
4736,378,2,ropa,48.51,2025-02-22
4737,36,3,mercado,88.19,2025-03-06
4738,185,3,libros,74.2,2025-05-19
4739,430,2,deportes,147.47,2025-08-12
4740,124,1,mercado,16.61,2025-02-14
4741,8,3,ropa,57.58,2025-08-16
4742,79,2,hogar,85.82,2025-02-03
4743,731,1,libros,157.78,2025-02-09
4744,34,2,hogar,75.8,2025-05-06
4745,676,2,hogar,489.93,2025-06-10
4746,527,1,deportes,103.0,2025-12-07
4747,411,4,electronica,196.0,2025-02-11
4748,599,1,electronica,60.73,2025-12-10
4749,561,2,electronica,428.02,2025-03-07
4750,215,2,mercado,7.37,2025-05-24
4751,764,2,mercado,175.85,2025-04-20
4752,180,7,ropa,249.34,2025-09-22
4753,80,1,hogar,191.81,2025-07-26
4754,568,6,juguetes,32.05,2025-06-18
4755,584,2,hogar,247.8,2025-01-12
4756,781,1,ropa,235.86,2025-02-13
4757,11,1,electronica,211.62,2025-02-27
4758,600,7,ropa,10.0,2025-09-22
4759,584,1,ropa,128.85,2025-07-21
4760,103,2,juguetes,24.71,2025-05-25
4761,758,5,deportes,25.02,2025-05-14
4762,215,1,mercado,70.43,2025-05-25
4763,680,6,hogar,50.99,2025-11-17
4764,613,2,ropa,51.24,2025-12-05
4765,711,5,deportes,56.5,2025-04-21
4766,163,1,juguetes,119.36,2025-01-07
4767,234,2,mercado,32.49,2025-03-02
4768,188,1,deportes,163.44,2025-09-10
4769,211,1,mercado,80.29,2025-08-05
4770,205,1,electronica,275.14,2025-06-13
4771,275,3,electronica,144.46,2025-01-24
4772,30,1,mercado,10.89,2025-11-02
4773,279,7,hogar,225.92,2025-01-21
4774,53,4,mercado,5.16,2025-03-16
4775,395,2,hogar,25.09,2025-07-12
4776,484,3,deportes,30.82,2025-07-24
4777,274,1,libros,32.09,2025-08-03
4778,542,1,ropa,23.04,2025-02-28
4779,458,2,ropa,20.92,2025-07-22
4780,507,2,deportes,41.07,2025-10-06
4781,19,4,electronica,41.11,2025-06-27
4782,579,3,mercado,17.3,2025-05-23
4783,527,3,libros,5.8,2025-11-20
4784,131,1,juguetes,120.72,2025-02-11
4785,139,2,electronica,127.71,2025-01-03
4786,738,5,electronica,70.91,2025-02-24
4787,253,1,electronica,454.01,2025-12-27
4788,430,2,ropa,201.56,2025-11-18
4789,190,2,hogar,115.08,2025-09-17
4790,133,2,mercado,60.86,2025-04-25
4791,290,4,hogar,193.95,2025-04-23
4792,530,2,ropa,61.6,2025-09-13
4793,45,2,ropa,66.57,2025-02-02
4794,502,1,electronica,895.53,2025-10-21
4795,554,1,hogar,160.27,2025-02-19
4796,45,3,electronica,567.18,2025-07-24
4797,559,2,mercado,64.08,2025-07-28
4798,495,4,electronica,13.44,2025-01-03
4799,726,2,electronica,148.26,2025-11-22
4800,106,6,libros,7.55,2025-07-18
4801,604,2,deportes,206.14,2025-10-23
4802,267,6,electronica,98.53,2025-08-28
4803,111,1,juguetes,39.81,2025-12-11
4804,606,5,mercado,62.01,2025-11-25
4805,739,1,libros,78.92,2025-02-18
4806,508,3,deportes,17.05,2025-11-20
4807,738,3,electronica,1182.25,2025-06-17
4808,212,2,ropa,12.67,2025-10-24
4809,539,3,hogar,77.43,2025-06-06
4810,432,3,juguetes,183.63,2025-07-15
4811,444,5,hogar,72.19,2025-11-27
4812,67,2,deportes,13.91,2025-07-21
4813,121,4,electronica,115.57,2025-04-09
4814,550,1,electronica,175.22,2025-06-12
4815,441,1,hogar,137.39,2025-10-03
4816,98,5,hogar,48.69,2025-06-02
4817,427,3,electronica,25.94,2025-09-18
4818,639,3,electronica,224.12,2025-09-19
4819,695,3,libros,10.3,2025-09-01
4820,676,3,ropa,18.27,2025-06-16
4821,322,2,deportes,162.92,2025-06-04
4822,239,5,electronica,508.39,2025-01-06
4823,214,2,deportes,89.16,2025-04-16
4824,382,2,electronica,34.31,2025-12-03
4825,649,3,ropa,48.09,2025-03-16
4826,121,1,ropa,182.1,2025-10-19
4827,751,1,ropa,36.69,2025-08-03
4828,152,4,ropa,5.21,2025-08-10
4829,342,1,ropa,112.61,2025-04-24
4830,350,7,hogar,255.02,2025-01-24
4831,162,5,ropa,6.12,2025-08-07
4832,68,1,deportes,239.3,2025-01-04
4833,68,6,ropa,36.79,2025-06-11
4834,630,2,electronica,14.99,2025-06-07
4835,713,3,mercado,89.37,2025-11-04
4836,635,2,ropa,85.39,2025-03-18
4837,443,2,libros,9.78,2025-05-11
4838,177,6,ropa,48.91,2025-03-28
4839,399,3,electronica,726.43,2025-08-25
4840,668,2,juguetes,18.47,2025-08-13
4841,335,3,mercado,28.16,2025-06-15
4842,434,3,deportes,15.68,2025-03-17
4843,402,1,electronica,312.96,2025-11-06
4844,34,1,mercado,52.19,2025-11-26
4845,754,1,electronica,368.48,2025-02-15
4846,572,5,hogar,102.29,2025-09-03
4847,659,1,electronica,629.98,2025-11-20
4848,75,5,ropa,57.85,2025-10-09
4849,521,1,ropa,167.57,2025-07-04
4850,225,2,hogar,15.55,2025-01-01
4851,303,2,hogar,160.29,2025-04-15
4852,498,2,mercado,30.75,2025-03-27
4853,661,2,ropa,39.82,2025-02-23
4854,268,5,deportes,156.17,2025-02-18
4855,311,2,ropa,12.84,2025-07-20
4856,298,2,libros,13.54,2025-10-11
4857,584,3,juguetes,11.78,2025-10-04
4858,71,1,electronica,159.76,2025-06-14
4859,688,3,libros,7.23,2025-08-10
4860,516,4,mercado,6.95,2025-07-22
4861,87,2,mercado,69.43,2025-06-17
4862,331,1,deportes,104.52,2025-11-05
4863,525,4,electronica,409.1,2025-11-08
4864,302,4,electronica,98.9,2025-11-10
4865,202,2,electronica,355.0,2025-12-15
4866,488,6,electronica,511.28,2025-08-02
4867,106,2,hogar,101.18,2025-08-19
4868,750,3,mercado,288.21,2025-05-05
4869,14,3,mercado,43.62,2025-06-25
4870,250,1,mercado,34.35,2025-08-13
4871,262,4,electronica,279.53,2025-01-22
4872,429,2,hogar,68.55,2025-04-28
4873,356,7,electronica,37.4,2025-06-10
4874,788,3,deportes,123.56,2025-07-02
4875,218,3,libros,16.07,2025-03-04
4876,49,2,electronica,150.74,2025-08-16
4877,775,6,mercado,25.8,2025-03-02
4878,750,4,juguetes,8.37,2025-12-05
4879,469,1,deportes,22.59,2025-07-26
4880,160,1,mercado,183.92,2025-05-21
4881,293,2,ropa,95.37,2025-05-16
4882,163,1,hogar,18.38,2025-05-24
4883,339,3,electronica,204.92,2025-12-07
4884,253,4,ropa,23.19,2025-10-23
4885,3,2,mercado,43.8,2025-03-03
4886,172,2,electronica,74.31,2025-07-03
4887,454,1,mercado,25.04,2025-05-20
4888,488,2,hogar,90.89,2025-06-08
4889,152,7,hogar,111.52,2025-11-28
4890,620,1,juguetes,50.31,2025-06-08
4891,66,2,mercado,9.45,2025-11-11
4892,269,2,hogar,7.4,2025-05-21
4893,90,2,electronica,604.3,2025-12-05
4894,163,3,ropa,202.19,2025-06-20
4895,292,2,hogar,11.4,2025-01-07
4896,636,2,mercado,62.36,2025-11-09
4897,89,4,mercado,21.3,2025-11-12
4898,651,5,hogar,77.82,2025-12-05
4899,566,3,hogar,204.22,2025-08-11
4900,468,3,mercado,7.13,2025-05-11
4901,542,2,juguetes,7.99,2025-02-06
4902,419,1,hogar,59.48,2025-01-14
4903,415,1,deportes,200.87,2025-05-21
4904,259,1,electronica,305.85,2025-10-07
4905,468,4,mercado,126.22,2025-07-25
4906,191,7,electronica,237.74,2025-06-02
4907,35,1,electronica,28.37,2025-01-22
4908,798,1,ropa,117.85,2025-01-25
4909,266,3,electronica,121.66,2025-06-26
4910,124,2,deportes,42.66,2025-12-07
4911,510,2,electronica,81.68,2025-11-06
4912,468,1,ropa,59.78,2025-08-28
4913,364,6,deportes,34.69,2025-10-26
4914,766,3,mercado,116.06,2025-11-25
4915,709,1,ropa,347.05,2025-08-10
4916,344,1,electronica,785.75,2025-12-02
4917,542,4,ropa,72.26,2025-03-06
4918,86,1,hogar,81.0,2025-06-27
4919,280,7,mercado,24.02,2025-01-23
4920,14,3,electronica,74.69,2025-02-01
4921,733,7,ropa,111.71,2025-02-13
4922,367,3,juguetes,49.19,2025-03-02
4923,689,5,juguetes,39.04,2025-12-20
4924,182,1,electronica,280.83,2025-05-25
4925,145,6,mercado,23.11,2025-12-07
4926,711,2,juguetes,115.03,2025-04-28
4927,800,1,mercado,6.71,2025-12-13
4928,798,3,deportes,235.62,2025-10-01
4929,619,2,ropa,8.61,2025-08-08
4930,284,1,ropa,54.24,2025-09-09
4931,412,4,electronica,326.44,2025-02-08
4932,230,3,ropa,81.6,2025-07-25
4933,552,2,electronica,272.16,2025-04-07
4934,257,1,libros,15.03,2025-11-05
4935,221,1,electronica,329.37,2025-10-25
4936,337,2,mercado,5.43,2025-02-09
4937,499,1,mercado,25.91,2025-04-04
4938,763,2,electronica,517.94,2025-11-13
4939,502,7,ropa,84.28,2025-07-14
4940,590,2,ropa,119.06,2025-02-12
4941,155,3,libros,13.63,2025-09-27
4942,573,3,juguetes,25.34,2025-11-19
4943,23,1,libros,24.13,2025-06-08
4944,745,1,hogar,8.72,2025-01-28
4945,276,1,deportes,108.85,2025-06-25
4946,41,1,ropa,63.67,2025-12-28
4947,671,2,juguetes,72.84,2025-10-07
4948,286,1,ropa,53.01,2025-01-07
4949,638,4,electronica,478.35,2025-02-09
4950,677,3,libros,38.85,2025-09-07
4951,517,3,hogar,262.35,2025-02-21
4952,474,4,mercado,29.75,2025-03-16
4953,535,1,ropa,96.21,2025-01-15
4954,523,6,ropa,35.68,2025-01-06
4955,559,2,mercado,81.04,2025-02-19
4956,758,3,electronica,245.21,2025-01-12
4957,427,1,hogar,181.37,2025-11-09
4958,680,2,ropa,65.45,2025-10-14
4959,182,4,deportes,24.72,2025-11-03
4960,752,3,mercado,41.43,2025-03-04
4961,385,4,electronica,99.09,2025-01-11
4962,309,7,ropa,150.67,2025-02-03
4963,315,2,mercado,16.23,2025-05-27
4964,577,5,electronica,406.47,2025-10-18
4965,68,3,hogar,94.8,2025-04-07
4966,501,5,ropa,104.93,2025-06-15
4967,594,3,mercado,27.32,2025-11-03
4968,540,2,deportes,52.85,2025-04-12
4969,233,1,ropa,67.72,2025-08-08
4970,400,3,hogar,171.22,2025-10-02
4971,503,1,hogar,40.63,2025-12-23
4972,94,4,hogar,224.12,2025-02-16
4973,653,1,mercado,36.5,2025-10-24
4974,654,1,electronica,262.86,2025-11-12
4975,431,2,electronica,860.5,2025-08-04
4976,26,3,mercado,62.89,2025-07-20
4977,787,3,ropa,69.49,2025-04-15
4978,209,3,hogar,629.97,2025-09-25
4979,141,2,ropa,30.51,2025-01-19
4980,298,2,hogar,101.51,2025-04-20
4981,191,3,electronica,37.97,2025-04-02
4982,177,7,deportes,285.27,2025-04-24
4983,486,2,mercado,12.64,2025-03-26
4984,566,2,electronica,140.41,2025-04-10
4985,103,3,ropa,95.56,2025-09-21
4986,139,2,electronica,140.01,2025-03-26
4987,705,5,mercado,52.39,2025-11-18
4988,312,4,mercado,53.13,2025-06-10
4989,549,2,ropa,144.8,2025-12-24
4990,751,2,hogar,85.19,2025-01-27
4991,34,1,deportes,59.95,2025-04-13
4992,446,2,mercado,8.55,2025-02-17
4993,249,3,ropa,29.84,2025-01-07
4994,226,2,mercado,67.14,2025-03-15
4995,727,1,ropa,91.72,2025-02-19
4996,788,2,ropa,6.78,2025-03-05
4997,219,1,mercado,199.68,2025-08-06
4998,246,2,deportes,127.54,2025-08-19
4999,319,3,hogar,72.38,2025-03-05
5000,698,5,mercado,10.01,2025-09-26
5001,233,2,libros,20.56,2025-01-26
5002,579,2,hogar,6.48,2025-01-15
5003,504,3,electronica,110.24,2025-03-17
5004,738,2,electronica,158.42,2025-10-10
5005,681,3,deportes,62.38,2025-03-22
5006,242,5,libros,53.85,2025-09-04
5007,649,1,electronica,285.23,2025-09-08
5008,774,1,mercado,114.72,2025-05-24
5009,538,3,electronica,371.2,2025-12-13
5010,598,2,electronica,184.99,2025-09-01
5011,253,2,mercado,27.33,2025-06-17
5012,528,3,electronica,328.09,2025-02-21
5013,492,4,ropa,500.9,2025-05-11
5014,765,7,ropa,259.55,2025-01-13
5015,156,5,electronica,8.09,2025-04-12
5016,444,1,ropa,63.19,2025-12-01
5017,768,7,electronica,688.47,2025-12-13
5018,526,4,libros,24.6,2025-01-26
5019,405,2,ropa,199.06,2025-04-14
5020,141,1,deportes,66.95,2025-06-28
5021,141,4,mercado,45.51,2025-07-26
5022,600,3,mercado,34.3,2025-07-02
5023,700,6,mercado,173.55,2025-10-17
5024,529,2,ropa,14.83,2025-07-16
5025,308,3,hogar,146.21,2025-04-22
5026,491,1,libros,41.06,2025-06-24
5027,529,4,electronica,677.71,2025-03-24
5028,175,4,libros,23.64,2025-01-08
5029,43,4,ropa,43.16,2025-05-18
5030,723,1,ropa,122.78,2025-07-08
5031,617,2,ropa,88.77,2025-11-03
5032,627,3,mercado,56.64,2025-02-03
5033,237,2,mercado,5.16,2025-12-18
5034,240,1,libros,41.12,2025-05-14
5035,420,2,ropa,227.61,2025-09-05
5036,746,3,electronica,23.0,2025-11-26
5037,626,1,ropa,45.79,2025-11-18
5038,785,1,deportes,18.41,2025-01-03
5039,646,3,electronica,299.39,2025-03-11
5040,421,1,ropa,36.69,2025-06-14
5041,639,2,electronica,131.7,2025-03-25
5042,458,1,libros,5.31,2025-07-02
5043,96,2,mercado,108.89,2025-07-01
5044,589,2,deportes,20.78,2025-09-18
5045,749,2,ropa,42.73,2025-01-18
5046,722,3,hogar,68.2,2025-01-13
5047,486,2,hogar,13.91,2025-08-03
5048,584,2,ropa,149.01,2025-05-17
5049,94,2,electronica,467.85,2025-02-09
5050,740,2,mercado,19.25,2025-07-14
5051,345,1,electronica,305.01,2025-04-06
5052,525,1,juguetes,50.65,2025-05-24
5053,43,2,electronica,313.02,2025-06-26
5054,767,4,mercado,38.75,2025-01-28
5055,484,1,ropa,88.39,2025-03-15
5056,471,2,hogar,15.8,2025-12-19
5057,117,3,hogar,231.77,2025-05-05
5058,40,3,deportes,79.35,2025-09-15
5059,393,2,ropa,74.2,2025-08-01
5060,232,3,hogar,284.48,2025-05-08
5061,670,3,electronica,120.78,2025-06-02
5062,364,3,electronica,261.18,2025-11-07
5063,218,3,ropa,101.71,2025-03-16
5064,387,1,ropa,105.56,2025-04-07
5065,324,2,deportes,72.43,2025-07-02
5066,251,3,electronica,570.49,2025-09-28
5067,491,5,mercado,30.13,2025-11-25
5068,96,3,electronica,59.06,2025-01-18
5069,730,2,electronica,434.93,2025-04-22
5070,507,3,mercado,65.37,2025-04-25
5071,453,2,ropa,193.33,2025-12-25
5072,411,5,mercado,101.89,2025-07-28
5073,163,2,mercado,51.03,2025-01-04
5074,159,1,electronica,137.6,2025-07-20
5075,658,3,hogar,186.0,2025-10-06
5076,797,4,ropa,10.1,2025-05-28
5077,187,2,mercado,95.53,2025-02-25
5078,634,6,electronica,165.8,2025-10-01
5079,726,2,mercado,37.32,2025-01-14
5080,143,1,electronica,158.86,2025-05-18
5081,358,1,electronica,102.94,2025-04-09
5082,79,1,mercado,21.54,2025-09-21
5083,427,2,juguetes,74.28,2025-02-16
5084,511,1,ropa,11.24,2025-12-12
5085,196,1,mercado,110.75,2025-08-16
5086,615,2,hogar,183.02,2025-06-28
5087,215,1,mercado,65.63,2025-08-15
5088,411,6,electronica,349.84,2025-05-12
5089,122,1,mercado,20.88,2025-08-19
5090,108,2,mercado,27.53,2025-06-10
5091,381,2,electronica,28.93,2025-10-06
5092,651,1,electronica,311.39,2025-06-08
5093,644,3,deportes,152.1,2025-09-20
5094,647,6,electronica,171.23,2025-03-12
5095,41,3,electronica,279.32,2025-07-19
5096,510,2,mercado,27.16,2025-11-05
5097,671,2,electronica,114.23,2025-10-28
5098,214,2,juguetes,77.16,2025-07-05
5099,510,2,electronica,288.36,2025-10-15
5100,453,4,electronica,250.51,2025-03-22
5101,240,7,hogar,187.28,2025-03-06
5102,712,1,hogar,194.31,2025-07-08
5103,259,2,mercado,34.27,2025-01-08
5104,619,4,electronica,20.9,2025-10-15
5105,763,2,ropa,190.85,2025-08-06
5106,181,3,juguetes,44.35,2025-02-15
5107,232,1,electronica,55.08,2025-02-15
5108,31,1,electronica,1183.46,2025-06-04
5109,502,1,mercado,51.25,2025-07-26
5110,528,2,ropa,82.6,2025-05-24
5111,588,1,hogar,97.67,2025-03-01
5112,684,2,electronica,180.38,2025-08-26
5113,637,1,libros,97.57,2025-05-04
5114,662,2,electronica,37.89,2025-12-16
5115,518,1,electronica,85.28,2025-12-27
5116,521,5,electronica,206.12,2025-07-05
5117,560,2,mercado,10.26,2025-09-19
5118,799,2,hogar,129.05,2025-12-22
5119,318,1,libros,25.85,2025-09-11
5120,667,1,deportes,96.6,2025-04-20
5121,567,1,electronica,71.96,2025-03-23
5122,354,2,ropa,91.72,2025-01-20
5123,244,2,mercado,22.09,2025-03-09
5124,199,2,electronica,382.11,2025-01-21
5125,677,1,hogar,29.94,2025-09-28
5126,238,4,mercado,44.81,2025-10-12
5127,62,2,deportes,42.8,2025-12-16
5128,407,5,ropa,28.72,2025-01-06
5129,191,1,hogar,111.98,2025-04-02
5130,418,1,hogar,70.63,2025-03-28
5131,555,1,mercado,142.66,2025-11-23
5132,576,1,electronica,113.99,2025-08-23
5133,739,3,libros,21.49,2025-07-25
5134,379,1,electronica,792.48,2025-06-05
5135,118,1,hogar,171.58,2025-02-07
5136,545,2,deportes,172.35,2025-06-13
5137,534,3,ropa,14.32,2025-06-03
5138,466,2,electronica,295.25,2025-04-27
5139,607,2,mercado,44.56,2025-03-21
5140,317,1,mercado,130.61,2025-06-21
5141,711,5,juguetes,12.1,2025-01-13
5142,378,3,hogar,73.73,2025-09-11
5143,593,3,deportes,11.71,2025-03-07
5144,30,3,mercado,19.62,2025-04-11
5145,227,2,electronica,346.21,2025-11-12
5146,636,2,hogar,98.08,2025-11-02
5147,590,1,electronica,8.28,2025-08-16
5148,465,2,deportes,117.35,2025-02-14
5149,135,1,libros,29.1,2025-02-26
5150,497,2,deportes,139.36,2025-06-25
5151,329,6,electronica,458.49,2025-01-09
5152,117,3,deportes,45.05,2025-12-11
5153,567,3,electronica,59.77,2025-07-10
5154,731,2,electronica,25.3,2025-08-08
5155,105,2,electronica,449.67,2025-01-28
5156,250,1,juguetes,23.91,2025-07-08
5157,110,2,libros,64.19,2025-11-13
5158,344,3,electronica,569.3,2025-01-20
5159,741,2,electronica,88.07,2025-03-21
5160,688,3,ropa,13.22,2025-04-24
5161,310,2,libros,17.44,2025-06-25
5162,383,1,mercado,19.13,2025-06-20
5163,161,3,deportes,90.14,2025-12-04
5164,351,1,ropa,140.61,2025-09-04
5165,142,4,electronica,761.95,2025-12-12
5166,403,1,hogar,256.44,2025-08-01
5167,388,3,deportes,188.05,2025-10-27
5168,27,2,mercado,32.93,2025-07-25
5169,161,3,mercado,15.11,2025-10-24
5170,486,7,deportes,39.08,2025-10-28
5171,339,5,hogar,36.64,2025-04-26
5172,203,2,hogar,17.19,2025-02-27
5173,207,1,electronica,81.92,2025-11-15
5174,118,3,electronica,26.59,2025-12-15
5175,430,1,hogar,279.84,2025-04-04
5176,217,2,hogar,106.15,2025-02-19
5177,58,4,ropa,41.53,2025-06-21
5178,88,3,mercado,200.73,2025-03-01
5179,792,2,mercado,23.49,2025-03-03
5180,29,6,hogar,175.99,2025-05-07
5181,492,2,electronica,46.44,2025-12-04
5182,186,4,hogar,322.76,2025-08-19
5183,114,3,mercado,43.44,2025-07-17
5184,152,1,ropa,351.5,2025-05-17
5185,608,4,hogar,69.5,2025-02-18
5186,9,3,ropa,21.57,2025-04-17
5187,769,1,hogar,12.48,2025-04-27
5188,292,1,ropa,36.34,2025-02-08
5189,398,5,ropa,131.0,2025-11-09
5190,758,1,deportes,300.8,2025-04-05
5191,49,2,mercado,39.65,2025-06-15
5192,783,2,electronica,92.15,2025-07-05
5193,344,7,ropa,11.67,2025-01-07
5194,613,3,juguetes,56.85,2025-04-22
5195,651,2,ropa,378.96,2025-01-26
5196,182,1,mercado,32.0,2025-02-12
5197,362,2,ropa,67.24,2025-06-08
5198,248,2,juguetes,98.3,2025-12-06
5199,496,1,ropa,50.53,2025-11-27
5200,255,6,ropa,202.57,2025-09-25
5201,83,1,electronica,331.28,2025-02-18
5202,634,1,deportes,107.07,2025-02-19
5203,85,2,mercado,68.83,2025-04-27
5204,231,2,mercado,43.32,2025-02-08
5205,344,1,ropa,74.15,2025-10-07
5206,797,2,mercado,40.27,2025-08-04
5207,240,7,deportes,42.13,2025-08-07
5208,99,1,mercado,303.58,2025-04-01
5209,763,2,ropa,29.46,2025-08-22
5210,37,1,electronica,149.49,2025-11-10
5211,30,7,juguetes,23.59,2025-10-05
5212,703,1,ropa,5.89,2025-03-24
5213,589,2,ropa,36.75,2025-09-06
5214,30,2,mercado,118.96,2025-07-11
5215,661,2,hogar,30.35,2025-09-26
5216,558,2,electronica,141.7,2025-06-24
5217,347,5,hogar,23.8,2025-11-27
5218,445,2,electronica,601.76,2025-02-26
5219,187,3,juguetes,8.48,2025-11-20
5220,551,1,deportes,109.84,2025-01-18
5221,498,7,libros,17.21,2025-11-22
5222,434,3,hogar,15.52,2025-02-16
5223,296,3,ropa,11.39,2025-04-08
5224,356,4,mercado,82.95,2025-08-05
5225,88,1,mercado,66.59,2025-05-09
5226,75,2,hogar,84.72,2025-04-07
5227,351,2,deportes,13.47,2025-05-04
5228,788,2,electronica,85.43,2025-07-27
5229,781,4,electronica,1893.41,2025-02-17
5230,641,1,ropa,59.93,2025-09-07
5231,370,1,electronica,53.33,2025-10-22
5232,645,2,ropa,192.17,2025-07-20
5233,791,3,electronica,176.85,2025-10-24
5234,786,2,deportes,240.24,2025-04-20
5235,272,1,ropa,5.55,2025-04-22
5236,299,7,libros,24.31,2025-12-15
5237,627,7,mercado,84.61,2025-10-09
5238,777,1,mercado,10.07,2025-05-02
5239,220,1,electronica,146.62,2025-09-18
5240,655,3,ropa,15.93,2025-02-07
5241,429,2,hogar,146.65,2025-07-26
5242,318,1,ropa,47.77,2025-02-12
5243,485,4,hogar,77.44,2025-10-02
5244,490,2,ropa,60.84,2025-01-24
5245,679,1,ropa,61.17,2025-12-14
5246,677,1,mercado,24.36,2025-12-16
5247,639,7,mercado,11.48,2025-03-12
5248,66,1,electronica,34.6,2025-02-17
5249,299,4,electronica,345.54,2025-01-21
5250,597,2,mercado,21.34,2025-04-15
5251,182,2,mercado,17.86,2025-02-24
5252,446,2,deportes,40.14,2025-08-04
5253,130,1,ropa,35.77,2025-12-24
5254,572,3,mercado,60.6,2025-12-20
5255,630,2,mercado,12.34,2025-04-18
5256,784,2,ropa,16.5,2025-09-19
5257,754,3,ropa,40.87,2025-04-25
5258,578,2,electronica,29.57,2025-06-13
5259,370,1,hogar,60.88,2025-05-15
5260,611,2,electronica,192.32,2025-07-22
5261,132,1,ropa,12.83,2025-08-10
5262,181,6,hogar,19.18,2025-05-23
5263,364,1,hogar,70.32,2025-01-07
5264,24,2,electronica,157.41,2025-06-27
5265,622,3,electronica,1294.32,2025-05-17
5266,516,3,juguetes,25.72,2025-08-14
5267,574,3,mercado,15.81,2025-04-04
5268,480,2,libros,25.46,2025-02-16
5269,192,3,ropa,32.55,2025-06-27
5270,290,1,electronica,22.15,2025-01-23
5271,236,1,hogar,290.94,2025-03-08
5272,362,2,electronica,140.47,2025-03-19
5273,311,1,mercado,52.67,2025-07-04
5274,589,5,hogar,108.74,2025-12-07
5275,355,1,mercado,8.35,2025-07-22
5276,611,6,libros,31.91,2025-03-18
5277,458,1,mercado,99.32,2025-03-18
5278,698,3,mercado,15.61,2025-12-05
5279,403,2,ropa,98.75,2025-05-23
5280,311,2,ropa,123.72,2025-02-27
5281,760,2,hogar,52.7,2025-11-17
5282,381,3,deportes,88.16,2025-10-01
5283,86,1,electronica,132.13,2025-01-07
5284,169,2,libros,9.29,2025-06-04
5285,45,5,juguetes,49.51,2025-07-20
5286,53,1,electronica,28.62,2025-05-23
5287,550,4,electronica,1603.67,2025-08-06
5288,204,2,hogar,158.76,2025-01-23
5289,566,7,ropa,38.25,2025-10-26
5290,48,1,ropa,172.52,2025-07-23
5291,131,1,ropa,7.83,2025-10-21
5292,507,2,ropa,186.17,2025-01-03
5293,454,5,electronica,65.33,2025-07-20
5294,783,2,electronica,11.96,2025-11-19
5295,676,2,libros,54.94,2025-06-22
5296,413,1,mercado,41.87,2025-12-25
5297,375,2,mercado,38.19,2025-10-18
5298,22,2,mercado,32.19,2025-03-04
5299,725,1,ropa,33.63,2025-11-03
5300,689,2,deportes,124.86,2025-05-02
5301,336,6,ropa,6.09,2025-03-05
5302,291,1,electronica,56.35,2025-05-17
5303,120,3,libros,10.62,2025-10-07
5304,772,1,ropa,137.44,2025-09-08
5305,668,1,libros,71.21,2025-03-16
5306,469,1,juguetes,6.53,2025-08-14
5307,473,1,hogar,31.78,2025-02-12
5308,141,7,electronica,203.95,2025-12-25
5309,729,4,libros,39.2,2025-08-17
5310,546,2,mercado,33.65,2025-05-05
5311,262,6,libros,53.42,2025-07-24
5312,394,7,mercado,39.14,2025-11-06
5313,215,1,electronica,196.65,2025-08-13
5314,40,2,electronica,27.86,2025-02-12
5315,395,1,mercado,89.63,2025-02-05
5316,522,3,electronica,195.22,2025-09-09
5317,27,2,electronica,275.29,2025-07-20
5318,368,5,electronica,748.27,2025-10-05
5319,528,6,ropa,75.87,2025-09-06
5320,223,4,mercado,54.6,2025-02-15
5321,729,1,electronica,240.05,2025-11-10
5322,357,2,electronica,469.32,2025-01-18
5323,251,1,deportes,153.57,2025-05-08
5324,661,5,ropa,380.39,2025-04-07
5325,25,6,deportes,66.74,2025-10-24
5326,392,3,mercado,14.66,2025-06-25
5327,681,3,electronica,25.63,2025-04-01
5328,417,6,deportes,23.22,2025-08-25
5329,282,6,libros,22.34,2025-12-01
5330,191,3,libros,13.37,2025-03-11
5331,59,2,ropa,103.15,2025-09-04
5332,701,2,mercado,177.47,2025-05-01
5333,411,7,deportes,51.2,2025-07-22
5334,441,7,juguetes,6.99,2025-04-22
5335,580,1,libros,14.11,2025-07-25
5336,358,1,ropa,80.07,2025-08-11
5337,582,1,deportes,289.67,2025-11-20
5338,707,4,electronica,152.22,2025-06-13
5339,394,4,ropa,23.87,2025-11-02
5340,176,1,deportes,103.3,2025-12-11
5341,442,2,mercado,257.13,2025-01-23
5342,216,1,electronica,92.45,2025-04-01
5343,603,3,ropa,115.81,2025-04-26
5344,779,1,mercado,8.28,2025-11-27
5345,84,7,electronica,34.88,2025-03-13
5346,795,3,juguetes,45.41,2025-03-19
5347,342,3,ropa,22.14,2025-07-18
5348,785,4,ropa,246.97,2025-02-12
5349,561,1,mercado,62.44,2025-08-04
5350,30,2,mercado,6.79,2025-12-11
5351,565,3,ropa,22.94,2025-06-15
5352,108,2,juguetes,85.17,2025-09-16
5353,300,3,mercado,28.64,2025-12-11
5354,755,2,deportes,178.82,2025-09-13
5355,437,2,ropa,63.46,2025-09-14
5356,269,2,hogar,209.95,2025-11-03
5357,210,2,libros,36.63,2025-04-16
5358,312,2,ropa,34.65,2025-09-15
5359,289,1,hogar,70.5,2025-02-21
5360,610,3,electronica,1674.66,2025-01-13
5361,630,2,ropa,235.05,2025-11-01
5362,786,2,mercado,16.9,2025-01-17
5363,502,2,libros,58.94,2025-12-21
5364,46,1,deportes,190.54,2025-03-24
5365,4,3,electronica,43.81,2025-12-08
5366,643,5,deportes,111.18,2025-05-03
5367,175,3,hogar,209.61,2025-08-05
5368,749,3,mercado,19.42,2025-03-28
5369,489,2,juguetes,58.4,2025-04-10
5370,13,1,mercado,138.06,2025-06-15
5371,358,3,deportes,205.05,2025-12-01
5372,384,2,libros,16.56,2025-06-15
5373,155,1,mercado,43.66,2025-06-25
5374,274,4,mercado,167.7,2025-09-28
5375,385,1,ropa,78.89,2025-12-08
5376,422,1,ropa,61.08,2025-05-17
5377,626,1,electronica,1459.56,2025-02-06
5378,403,2,ropa,18.71,2025-09-16
5379,650,5,electronica,276.88,2025-07-23
5380,174,2,electronica,53.02,2025-09-03
5381,62,1,ropa,11.48,2025-01-06
5382,330,2,hogar,40.17,2025-09-18
5383,463,4,electronica,158.2,2025-06-09
5384,82,2,ropa,31.9,2025-03-27
5385,449,6,mercado,86.76,2025-11-08
5386,161,2,libros,27.41,2025-04-28
5387,7,1,ropa,108.33,2025-09-24
5388,645,2,hogar,44.05,2025-05-04
5389,682,2,electronica,482.03,2025-10-08
5390,411,1,ropa,8.6,2025-02-06
5391,422,4,mercado,6.47,2025-11-05
5392,368,3,hogar,164.51,2025-06-17
5393,150,6,mercado,58.41,2025-11-23
5394,13,1,electronica,71.54,2025-02-24
5395,637,6,deportes,92.74,2025-09-13
5396,412,2,hogar,75.99,2025-02-09
5397,3,1,ropa,8.25,2025-01-11
5398,69,2,deportes,9.84,2025-08-15
5399,14,1,mercado,35.54,2025-11-10
5400,70,1,mercado,13.92,2025-08-28
5401,239,4,mercado,7.22,2025-10-28
5402,26,2,electronica,16.97,2025-12-04
5403,634,2,mercado,176.91,2025-10-19
5404,680,2,hogar,78.14,2025-03-05
5405,587,1,ropa,42.01,2025-04-06
5406,523,4,ropa,131.6,2025-05-19
5407,572,1,electronica,288.82,2025-08-04
5408,595,3,hogar,131.03,2025-03-07
5409,215,1,deportes,87.33,2025-11-25
5410,413,1,hogar,42.59,2025-12-22
5411,185,3,electronica,382.93,2025-12-03
5412,457,2,electronica,206.68,2025-06-03
5413,261,2,libros,44.61,2025-01-19
5414,722,1,hogar,381.24,2025-07-18
5415,50,1,hogar,786.38,2025-08-22
5416,169,2,electronica,56.86,2025-05-26
5417,454,4,mercado,107.77,2025-02-20
5418,606,4,mercado,24.22,2025-06-16
5419,162,4,ropa,22.01,2025-12-10
5420,541,5,deportes,202.45,2025-11-10
5421,400,7,hogar,65.52,2025-02-19
5422,72,3,mercado,142.01,2025-10-01
5423,409,2,ropa,72.74,2025-06-23
5424,43,2,libros,9.83,2025-09-23
5425,166,1,ropa,148.02,2025-05-25
5426,516,1,electronica,14.29,2025-02-19
5427,173,7,ropa,39.4,2025-02-01
5428,463,1,hogar,94.83,2025-10-11
5429,687,3,hogar,274.75,2025-10-08
5430,507,2,hogar,294.39,2025-08-11
5431,650,1,ropa,22.47,2025-06-21
5432,730,2,juguetes,124.11,2025-02-15
5433,305,2,ropa,52.54,2025-07-10
5434,43,1,juguetes,174.64,2025-10-10
5435,18,2,mercado,131.26,2025-08-20
5436,357,3,electronica,769.42,2025-11-20
5437,81,4,electronica,87.7,2025-02-18
5438,50,2,juguetes,26.52,2025-05-08
5439,496,1,mercado,7.84,2025-10-26
5440,183,2,ropa,351.82,2025-07-09
5441,780,1,deportes,27.21,2025-03-03
5442,310,5,electronica,104.33,2025-06-24
5443,128,2,mercado,122.25,2025-11-15
5444,63,3,electronica,645.49,2025-06-23
5445,581,7,libros,10.51,2025-05-05
5446,157,2,mercado,13.94,2025-10-13
5447,323,2,mercado,6.05,2025-01-02
5448,88,2,deportes,21.5,2025-07-11
5449,113,1,juguetes,28.35,2025-12-10
5450,728,2,mercado,69.54,2025-04-11
5451,537,3,ropa,43.32,2025-05-15
5452,10,3,electronica,155.38,2025-12-09
5453,144,2,hogar,99.07,2025-10-21
5454,231,3,electronica,47.29,2025-12-02
5455,163,1,ropa,122.19,2025-11-27
5456,234,1,hogar,225.53,2025-12-16
5457,688,7,hogar,99.84,2025-06-25
5458,569,5,ropa,77.4,2025-04-25
5459,602,7,libros,56.0,2025-01-27
5460,49,1,electronica,31.47,2025-02-16
5461,248,3,mercado,13.76,2025-11-14
5462,163,1,electronica,215.69,2025-10-02
5463,322,7,electronica,127.6,2025-09-09
5464,63,6,hogar,27.74,2025-07-08
5465,91,3,mercado,39.21,2025-09-18
5466,213,2,libros,69.1,2025-08-18
5467,763,2,ropa,96.3,2025-06-07
5468,236,1,mercado,57.57,2025-06-25
5469,724,1,hogar,85.3,2025-08-11
5470,299,1,hogar,261.51,2025-01-02
5471,117,2,electronica,134.23,2025-10-14
5472,681,1,deportes,27.11,2025-08-03
5473,464,4,ropa,10.3,2025-02-26
5474,9,3,hogar,251.24,2025-11-21
5475,572,1,ropa,239.58,2025-05-12
5476,529,3,electronica,77.92,2025-11-25
5477,526,5,ropa,187.5,2025-07-12
5478,48,2,electronica,596.84,2025-10-02
5479,31,1,mercado,153.91,2025-06-16
5480,132,1,deportes,170.77,2025-03-24
5481,647,1,ropa,33.28,2025-12-08
5482,422,3,deportes,102.24,2025-07-02
5483,158,2,hogar,99.54,2025-09-16
5484,740,2,mercado,34.93,2025-11-26
5485,263,1,libros,83.95,2025-01-19
5486,224,2,juguetes,163.14,2025-02-13
5487,667,2,electronica,32.25,2025-07-26
5488,535,3,electronica,249.89,2025-11-08
5489,453,3,mercado,64.91,2025-02-07
5490,609,2,electronica,629.15,2025-09-16
5491,173,3,mercado,53.94,2025-12-23
5492,719,2,hogar,21.48,2025-02-27
5493,510,2,mercado,37.77,2025-08-18
5494,256,2,electronica,268.39,2025-06-24
5495,288,1,deportes,146.61,2025-08-07
5496,655,3,electronica,1897.78,2025-05-16
5497,339,2,ropa,115.23,2025-01-22
5498,314,1,electronica,25.6,2025-10-17
5499,565,3,ropa,29.04,2025-01-23
5500,687,1,electronica,136.22,2025-05-11
5501,234,1,mercado,51.65,2025-05-18
5502,526,2,deportes,37.5,2025-02-23
5503,350,2,hogar,41.56,2025-06-01
5504,239,1,hogar,15.33,2025-02-08
5505,337,2,electronica,370.36,2025-05-03
5506,330,3,ropa,15.1,2025-10-05
5507,322,1,hogar,50.17,2025-01-04
5508,412,4,juguetes,9.94,2025-09-17
5509,733,2,libros,19.31,2025-12-05
5510,272,1,deportes,44.34,2025-04-14
5511,379,2,electronica,185.55,2025-06-28
5512,478,5,mercado,35.38,2025-05-08
5513,230,1,ropa,15.21,2025-12-23
5514,200,1,libros,21.53,2025-01-22
5515,564,2,ropa,12.25,2025-02-10
5516,688,6,hogar,74.75,2025-06-22
5517,248,4,electronica,11.09,2025-09-06
5518,1,2,mercado,10.79,2025-04-07
5519,186,1,electronica,198.78,2025-10-19
5520,44,7,electronica,645.53,2025-06-19
5521,365,3,electronica,216.62,2025-12-09
5522,324,3,hogar,79.97,2025-10-17
5523,108,2,deportes,177.71,2025-01-20
5524,186,2,juguetes,27.54,2025-12-17
5525,315,2,ropa,187.47,2025-05-12
5526,254,2,electronica,488.0,2025-11-20
5527,701,2,deportes,45.46,2025-05-04
5528,440,2,mercado,15.44,2025-06-26
5529,306,3,mercado,147.95,2025-03-24
5530,232,1,mercado,15.67,2025-11-03
5531,312,3,ropa,364.26,2025-05-28
5532,33,1,hogar,46.58,2025-09-20
5533,321,1,electronica,603.29,2025-08-24
5534,82,2,mercado,19.82,2025-09-17
5535,327,2,electronica,369.21,2025-03-03
5536,531,2,hogar,21.94,2025-02-04
5537,30,2,ropa,85.87,2025-09-08
5538,610,2,electronica,42.56,2025-01-28
5539,62,3,ropa,113.39,2025-12-21
5540,270,5,hogar,18.83,2025-05-14
5541,638,4,libros,7.65,2025-12-08
5542,451,3,hogar,64.4,2025-10-21
5543,103,5,electronica,58.87,2025-04-08
5544,291,2,ropa,70.76,2025-10-01
5545,690,3,ropa,45.09,2025-05-19
5546,420,2,electronica,113.16,2025-04-17
5547,510,1,hogar,9.91,2025-10-06
5548,226,1,electronica,240.26,2025-12-08
5549,169,2,ropa,20.75,2025-08-08
5550,167,1,mercado,25.27,2025-03-12
5551,269,2,deportes,515.45,2025-02-03
5552,777,2,mercado,32.25,2025-05-19
5553,461,2,electronica,74.29,2025-07-10
5554,675,1,hogar,108.82,2025-02-10
5555,662,1,ropa,55.86,2025-07-11
5556,710,2,ropa,9.05,2025-09-08
5557,288,6,hogar,209.25,2025-04-15
5558,413,1,hogar,161.95,2025-06-11
5559,680,2,ropa,78.98,2025-03-14
5560,570,3,mercado,20.78,2025-08-05
5561,25,1,electronica,100.17,2025-01-06
5562,599,1,hogar,9.17,2025-11-20
5563,341,1,electronica,87.47,2025-01-10
5564,51,1,libros,53.81,2025-04-17
5565,288,2,mercado,29.4,2025-08-26
5566,701,2,electronica,704.14,2025-11-05
5567,641,3,electronica,227.96,2025-12-06
5568,522,2,mercado,64.05,2025-06-25
5569,758,1,mercado,160.88,2025-12-03
5570,385,2,mercado,78.44,2025-04-08
5571,557,7,ropa,67.12,2025-07-04
5572,637,7,mercado,303.6,2025-10-27
5573,319,2,mercado,51.47,2025-10-12
5574,32,7,hogar,48.75,2025-06-24
5575,447,3,ropa,8.54,2025-08-18
5576,566,6,ropa,153.66,2025-06-17
5577,316,1,juguetes,8.18,2025-10-21
5578,47,1,ropa,111.52,2025-08-01
5579,205,1,hogar,73.86,2025-01-03
5580,372,3,ropa,55.47,2025-10-11
5581,221,2,electronica,543.06,2025-12-25
5582,137,2,electronica,62.8,2025-02-12
5583,113,3,electronica,118.47,2025-08-07
5584,388,2,deportes,115.16,2025-03-08
5585,683,1,ropa,60.91,2025-06-16
5586,620,1,electronica,30.94,2025-04-11
5587,68,2,ropa,7.39,2025-08-14
5588,97,2,mercado,19.74,2025-06-01
5589,327,3,electronica,355.01,2025-09-18
5590,53,2,ropa,134.33,2025-02-02
5591,433,2,ropa,62.77,2025-11-13
5592,44,4,ropa,68.55,2025-05-06
5593,391,1,electronica,314.43,2025-04-07
5594,281,1,ropa,54.33,2025-08-27
5595,541,4,ropa,156.96,2025-10-07
5596,435,2,deportes,27.24,2025-07-05
5597,199,1,libros,48.85,2025-07-23
5598,709,6,mercado,9.46,2025-12-06
5599,737,1,electronica,780.82,2025-01-05
5600,54,1,ropa,39.4,2025-03-17
5601,766,4,hogar,38.17,2025-01-14
5602,84,1,hogar,76.95,2025-09-23
5603,726,1,deportes,7.52,2025-02-12
5604,204,2,ropa,43.93,2025-05-12
5605,716,5,libros,36.74,2025-10-11
5606,391,1,electronica,10.54,2025-12-08
5607,133,1,ropa,297.48,2025-08-18
5608,202,2,electronica,304.98,2025-12-01
5609,431,1,electronica,41.74,2025-03-20
5610,681,5,electronica,698.51,2025-01-05
5611,720,2,ropa,5.49,2025-03-28
5612,593,2,ropa,8.77,2025-11-22
5613,669,5,electronica,31.14,2025-02-13
5614,222,2,ropa,108.73,2025-11-13
5615,515,5,ropa,154.99,2025-09-24
5616,691,2,deportes,20.93,2025-09-02
5617,167,1,mercado,53.58,2025-08-07
5618,372,1,electronica,398.65,2025-08-18
5619,399,4,ropa,206.76,2025-06-10
5620,361,1,electronica,189.16,2025-02-19
5621,295,2,hogar,101.51,2025-10-09
5622,342,2,ropa,16.21,2025-09-18
5623,473,1,juguetes,7.35,2025-08-08
5624,509,3,juguetes,17.86,2025-12-18
5625,597,2,hogar,182.25,2025-07-17
5626,531,2,deportes,208.41,2025-03-18
5627,712,2,libros,5.65,2025-10-01
5628,614,1,mercado,40.03,2025-10-12
5629,544,4,electronica,171.43,2025-09-01
5630,460,5,electronica,545.03,2025-02-24
5631,38,3,deportes,66.88,2025-03-16
5632,442,2,hogar,120.05,2025-12-13
5633,127,4,juguetes,22.14,2025-01-12
5634,684,5,ropa,120.67,2025-08-12
5635,574,2,electronica,24.1,2025-08-18
5636,768,2,hogar,377.41,2025-03-08
5637,770,6,electronica,503.94,2025-03-05
5638,560,5,hogar,150.44,2025-04-21
5639,101,1,ropa,12.4,2025-03-21
5640,456,2,deportes,92.37,2025-09-07
5641,384,1,ropa,9.21,2025-08-20
5642,354,1,hogar,16.25,2025-06-25
5643,628,2,electronica,573.58,2025-11-27
5644,641,2,libros,173.93,2025-08-21
5645,759,5,ropa,66.72,2025-10-16
5646,735,2,libros,21.11,2025-11-05
5647,301,1,ropa,125.6,2025-12-17
5648,777,1,libros,53.04,2025-12-02
5649,75,3,electronica,170.35,2025-03-10
5650,700,2,mercado,21.96,2025-05-03
5651,549,1,mercado,72.7,2025-06-22
5652,464,2,mercado,19.58,2025-12-15
5653,695,2,electronica,322.93,2025-11-07
5654,619,2,ropa,19.57,2025-04-01
5655,4,6,libros,66.35,2025-05-01
5656,500,4,hogar,106.05,2025-10-02
5657,186,5,mercado,86.27,2025-03-09
5658,220,2,electronica,36.13,2025-01-27
5659,762,5,deportes,137.59,2025-10-15
5660,315,2,mercado,9.56,2025-02-19
5661,593,4,electronica,144.27,2025-09-05
5662,552,1,juguetes,141.76,2025-07-24
5663,654,2,ropa,13.76,2025-03-07
5664,578,1,hogar,21.03,2025-11-02
5665,669,1,ropa,183.19,2025-12-03
5666,34,1,libros,6.56,2025-01-28
5667,125,1,deportes,47.74,2025-11-06
5668,193,1,mercado,6.42,2025-05-23
5669,129,2,mercado,194.54,2025-12-01
5670,7,2,ropa,41.12,2025-09-03
5671,10,1,electronica,496.79,2025-04-27
5672,518,1,libros,32.68,2025-11-13
5673,256,2,ropa,32.77,2025-01-16
5674,48,7,electronica,130.19,2025-10-15
5675,663,1,mercado,73.63,2025-11-22
5676,113,1,electronica,561.53,2025-07-22
5677,759,2,hogar,208.72,2025-03-27
5678,263,2,hogar,283.72,2025-06-06
5679,429,1,ropa,46.03,2025-03-28
5680,13,1,mercado,54.29,2025-08-15
5681,589,5,mercado,53.24,2025-11-13
5682,18,1,ropa,49.78,2025-05-22
5683,425,1,juguetes,119.36,2025-03-05
5684,625,3,hogar,184.19,2025-07-22
5685,194,2,mercado,29.86,2025-01-10
5686,53,2,electronica,579.27,2025-02-11
5687,501,1,electronica,306.81,2025-12-10
5688,648,6,ropa,39.84,2025-04-28
5689,337,5,mercado,30.68,2025-07-11
5690,479,3,deportes,139.61,2025-07-27
5691,110,4,ropa,15.25,2025-11-10
5692,64,5,ropa,46.25,2025-06-20
5693,552,2,juguetes,32.69,2025-07-04
5694,506,2,mercado,70.31,2025-02-14
5695,486,1,juguetes,72.8,2025-10-06
5696,445,1,mercado,126.5,2025-06-02
5697,363,1,electronica,347.43,2025-01-24
5698,300,2,hogar,19.66,2025-12-24
5699,211,1,mercado,80.84,2025-07-07
5700,743,2,electronica,277.07,2025-07-14
5701,289,3,ropa,16.84,2025-01-14
5702,688,2,deportes,148.53,2025-05-09
5703,675,1,libros,32.81,2025-01-22
5704,698,3,hogar,43.26,2025-09-28
5705,321,1,hogar,84.09,2025-02-06
5706,724,2,electronica,38.17,2025-10-18
5707,240,1,hogar,72.28,2025-06-09
5708,481,3,mercado,11.38,2025-11-01
5709,323,3,electronica,80.65,2025-11-18
5710,495,1,ropa,9.13,2025-01-27
5711,336,6,mercado,18.17,2025-04-11
5712,271,2,libros,26.32,2025-07-15
5713,307,3,electronica,104.08,2025-08-08
5714,419,1,deportes,207.83,2025-01-14
5715,481,3,ropa,64.57,2025-11-06
5716,370,2,ropa,188.4,2025-03-05
5717,247,2,electronica,60.18,2025-02-12
5718,391,2,ropa,95.55,2025-08-13
5719,62,3,mercado,144.96,2025-02-25
5720,780,2,ropa,90.88,2025-07-06
5721,383,2,mercado,71.27,2025-08-05
5722,83,2,mercado,42.75,2025-04-19
5723,701,2,mercado,112.67,2025-05-21
5724,201,3,electronica,118.06,2025-02-15
5725,419,3,ropa,210.51,2025-04-23
5726,784,3,electronica,18.37,2025-03-22
5727,190,1,mercado,26.84,2025-04-09
5728,179,2,libros,46.07,2025-01-12
5729,383,1,libros,35.09,2025-02-04
5730,538,1,mercado,36.19,2025-05-17
5731,638,3,libros,6.93,2025-05-22
5732,177,1,ropa,36.89,2025-07-12
5733,520,3,ropa,155.23,2025-01-25
5734,657,2,mercado,49.34,2025-10-20
5735,642,4,juguetes,22.44,2025-06-19
5736,764,6,juguetes,12.92,2025-10-05
5737,34,4,electronica,433.15,2025-12-13
5738,290,5,electronica,17.06,2025-11-01
5739,313,2,electronica,139.55,2025-03-08
5740,209,4,electronica,42.23,2025-03-18
5741,603,1,hogar,124.86,2025-10-15
5742,584,1,mercado,200.45,2025-09-11
5743,766,2,hogar,33.71,2025-11-03
5744,132,1,electronica,56.66,2025-08-01
5745,330,6,electronica,113.65,2025-11-07
5746,752,1,electronica,168.92,2025-12-13
5747,446,2,electronica,169.16,2025-12-28
5748,45,2,deportes,16.51,2025-12-10
5749,23,3,electronica,367.51,2025-01-14
5750,428,1,hogar,225.15,2025-12-16
5751,562,1,electronica,132.4,2025-02-13
5752,287,1,ropa,81.46,2025-06-20
5753,441,2,mercado,111.11,2025-03-11
5754,575,3,deportes,321.48,2025-10-04
5755,431,1,electronica,195.38,2025-09-25
5756,467,6,libros,15.8,2025-07-10
5757,643,1,hogar,40.28,2025-06-27
5758,107,1,hogar,182.73,2025-06-19
5759,596,1,juguetes,105.18,2025-05-15
5760,800,1,mercado,45.91,2025-06-03
5761,415,1,hogar,95.18,2025-07-22
5762,104,1,hogar,11.2,2025-10-10
5763,378,4,electronica,58.62,2025-10-16
5764,239,2,hogar,53.98,2025-03-26
5765,335,3,electronica,80.77,2025-09-23
5766,379,2,mercado,44.27,2025-03-27
5767,137,2,ropa,326.61,2025-09-03
5768,54,2,ropa,89.76,2025-03-25
5769,779,4,electronica,581.65,2025-07-07
5770,214,2,ropa,133.9,2025-05-08
5771,247,4,electronica,396.9,2025-08-17
5772,277,3,libros,6.98,2025-03-21
5773,336,2,ropa,165.11,2025-07-09
5774,182,2,electronica,26.91,2025-10-19
5775,555,3,electronica,183.99,2025-06-18
5776,349,4,deportes,372.64,2025-06-09
5777,300,3,mercado,75.09,2025-06-20
5778,663,7,electronica,33.02,2025-01-12
5779,624,1,hogar,213.7,2025-12-01
5780,559,1,mercado,13.9,2025-11-27
5781,778,2,hogar,208.69,2025-09-26
5782,331,2,hogar,71.19,2025-02-18
5783,393,1,deportes,49.09,2025-04-25
5784,243,2,electronica,87.11,2025-09-26
5785,155,1,electronica,183.63,2025-07-07
5786,249,3,mercado,93.63,2025-11-21
5787,222,2,libros,9.73,2025-08-08
5788,757,1,electronica,299.43,2025-09-11
5789,675,6,juguetes,14.69,2025-07-14
5790,633,6,mercado,113.17,2025-11-06
5791,435,2,ropa,75.32,2025-12-28
5792,488,1,mercado,24.47,2025-11-19
5793,431,2,mercado,24.4,2025-07-23
5794,117,3,hogar,84.54,2025-02-22
5795,359,1,mercado,28.79,2025-05-22
5796,161,3,mercado,14.84,2025-09-10
5797,140,2,mercado,8.08,2025-09-13
5798,695,4,ropa,30.97,2025-05-14
5799,406,1,electronica,399.44,2025-12-22
5800,434,5,libros,11.72,2025-10-26
5801,53,1,electronica,302.64,2025-06-19
5802,550,1,ropa,55.35,2025-11-17
5803,286,3,ropa,6.37,2025-10-28
5804,681,2,hogar,77.26,2025-07-11
5805,457,2,electronica,248.27,2025-10-01
5806,1,7,ropa,78.0,2025-03-20
5807,705,4,hogar,62.98,2025-03-22
5808,107,3,ropa,33.88,2025-01-10
5809,307,5,ropa,85.29,2025-05-24
5810,479,2,mercado,136.87,2025-02-14
5811,71,1,ropa,55.8,2025-04-12
5812,726,2,electronica,64.01,2025-01-24
5813,545,2,mercado,117.26,2025-05-12
5814,601,1,mercado,59.44,2025-09-01
5815,414,1,ropa,82.66,2025-03-04
5816,108,1,deportes,38.88,2025-06-09
5817,548,1,mercado,186.44,2025-02-22
5818,565,7,ropa,75.08,2025-02-16
5819,321,2,electronica,116.41,2025-06-03
5820,725,2,mercado,62.22,2025-05-03
5821,159,1,electronica,117.27,2025-05-24
5822,388,2,electronica,123.93,2025-08-28
5823,28,3,ropa,73.54,2025-02-19
5824,422,1,electronica,75.78,2025-06-26
5825,181,1,electronica,20.89,2025-04-17
5826,378,2,electronica,151.37,2025-07-10
5827,398,4,mercado,60.1,2025-10-08
5828,138,1,hogar,244.81,2025-07-20
5829,615,1,libros,19.3,2025-01-16
5830,445,2,hogar,53.88,2025-11-12
5831,35,1,electronica,205.65,2025-01-07
5832,401,3,hogar,307.16,2025-12-10
5833,59,2,electronica,76.41,2025-07-24
5834,391,2,mercado,9.26,2025-03-27
5835,93,1,mercado,33.25,2025-11-02
5836,615,6,mercado,32.51,2025-08-05
5837,284,4,mercado,240.84,2025-12-18
5838,723,1,ropa,223.03,2025-12-26
5839,225,3,mercado,38.81,2025-02-01
5840,274,3,ropa,8.94,2025-10-01
5841,73,2,mercado,49.28,2025-12-23
5842,794,3,electronica,121.76,2025-05-27
5843,6,2,libros,5.12,2025-12-18
5844,417,3,electronica,313.28,2025-06-26
5845,32,2,electronica,63.59,2025-11-06
5846,702,2,deportes,40.71,2025-10-04
5847,335,7,hogar,281.88,2025-01-01
5848,648,3,deportes,38.13,2025-08-01
5849,17,2,ropa,97.48,2025-04-22
5850,19,3,electronica,122.6,2025-05-24
5851,214,1,deportes,49.47,2025-02-16
5852,479,1,mercado,17.5,2025-12-07
5853,347,3,hogar,41.46,2025-11-16
5854,754,2,libros,35.14,2025-04-08
5855,366,2,mercado,25.23,2025-06-15
5856,110,6,electronica,166.28,2025-02-01
5857,41,5,mercado,23.93,2025-09-26
5858,420,4,electronica,925.56,2025-08-01
5859,88,1,deportes,23.05,2025-10-09
5860,87,4,hogar,61.79,2025-10-09
5861,329,4,juguetes,37.72,2025-01-19
5862,142,1,deportes,51.59,2025-11-08
5863,103,3,mercado,141.38,2025-07-01
5864,68,2,deportes,99.78,2025-11-14
5865,651,2,juguetes,63.14,2025-04-04
5866,784,5,hogar,105.48,2025-09-27
5867,259,1,electronica,450.57,2025-10-14
5868,333,1,mercado,45.98,2025-03-06
5869,92,3,ropa,82.32,2025-08-20
5870,656,3,electronica,36.51,2025-12-19
5871,431,7,mercado,129.7,2025-12-22
5872,471,3,electronica,157.09,2025-09-02
5873,454,4,electronica,105.32,2025-01-17
5874,133,2,electronica,724.92,2025-06-26
5875,358,1,electronica,338.76,2025-08-13
5876,599,2,hogar,91.29,2025-10-21
5877,28,2,libros,58.23,2025-12-05
5878,666,2,ropa,104.37,2025-11-14
5879,552,1,hogar,26.64,2025-01-20
5880,37,2,mercado,12.73,2025-10-26
5881,215,3,hogar,15.26,2025-02-01
5882,342,2,libros,80.11,2025-04-13
5883,736,2,libros,32.2,2025-10-24
5884,162,4,electronica,1190.99,2025-02-15
5885,608,1,mercado,38.5,2025-03-22
5886,78,1,libros,22.54,2025-03-14
5887,146,2,libros,37.14,2025-05-18
5888,771,4,ropa,308.73,2025-07-23
5889,188,2,libros,129.3,2025-01-26
5890,441,1,juguetes,64.88,2025-09-02
5891,734,2,electronica,44.76,2025-07-02
5892,157,7,hogar,250.62,2025-06-22
5893,59,2,mercado,62.1,2025-07-05
5894,298,1,libros,14.23,2025-09-13
5895,307,4,electronica,246.07,2025-11-19
5896,44,1,ropa,48.67,2025-12-01
5897,243,2,deportes,17.7,2025-12-26
5898,310,2,libros,32.53,2025-07-20
5899,671,1,hogar,73.78,2025-02-13
5900,325,4,libros,33.23,2025-02-26
5901,705,6,mercado,35.03,2025-06-17
5902,301,2,mercado,34.7,2025-10-14
5903,364,2,electronica,713.7,2025-09-02
5904,533,1,electronica,68.14,2025-04-05
5905,424,2,libros,34.39,2025-05-06
5906,629,1,hogar,35.78,2025-09-01
5907,190,1,hogar,228.29,2025-11-17
5908,663,6,ropa,99.95,2025-10-17
5909,259,1,mercado,44.04,2025-05-07
5910,360,1,hogar,62.1,2025-11-18
5911,182,2,libros,149.39,2025-03-27
5912,96,4,hogar,127.9,2025-02-25
5913,148,2,electronica,364.49,2025-05-26
5914,15,1,mercado,8.15,2025-07-06
5915,226,2,hogar,53.36,2025-08-13
5916,767,3,mercado,18.79,2025-02-21
5917,125,2,ropa,56.3,2025-11-13
5918,600,2,mercado,71.98,2025-03-12
5919,693,4,juguetes,76.83,2025-02-03
5920,676,2,mercado,14.86,2025-08-28
5921,192,1,juguetes,13.33,2025-09-02
5922,189,2,ropa,17.1,2025-03-01
5923,587,4,libros,139.44,2025-02-06
5924,388,1,electronica,8.04,2025-04-16
5925,90,2,libros,38.23,2025-08-22
5926,248,3,electronica,27.65,2025-02-06
5927,37,1,ropa,123.25,2025-12-17
5928,271,2,mercado,7.49,2025-01-01
5929,64,1,ropa,78.84,2025-11-27
5930,2,4,electronica,104.58,2025-01-13
5931,139,2,hogar,74.73,2025-04-06
5932,741,1,hogar,54.52,2025-11-03
5933,686,2,hogar,848.28,2025-07-06
5934,479,2,ropa,44.69,2025-05-22
5935,448,1,deportes,16.4,2025-09-13
5936,24,1,electronica,982.41,2025-02-22
5937,595,2,electronica,113.54,2025-12-14
5938,143,1,deportes,114.1,2025-08-09
5939,483,3,electronica,51.06,2025-06-19
5940,523,1,mercado,34.84,2025-06-08
5941,473,1,electronica,231.06,2025-03-14
5942,105,2,hogar,143.01,2025-12-10
5943,755,2,electronica,705.17,2025-08-07
5944,637,3,hogar,49.69,2025-04-18
5945,329,1,juguetes,27.99,2025-11-24
5946,634,3,electronica,338.51,2025-07-03
5947,38,1,mercado,109.38,2025-03-18
5948,497,2,deportes,15.86,2025-04-21
5949,724,2,deportes,106.1,2025-09-13
5950,117,2,electronica,164.71,2025-06-25
5951,342,1,mercado,11.42,2025-09-12
5952,552,3,ropa,279.54,2025-07-24
5953,681,1,ropa,65.91,2025-05-08
5954,457,3,electronica,234.82,2025-09-23
5955,167,3,libros,70.86,2025-01-09
5956,178,3,mercado,89.13,2025-06-28
5957,775,6,mercado,100.75,2025-04-14
5958,420,1,ropa,35.83,2025-05-14
5959,84,2,electronica,420.35,2025-12-09
5960,757,1,hogar,48.47,2025-12-10
5961,407,2,electronica,202.42,2025-05-04
5962,534,1,hogar,21.53,2025-02-23
5963,416,2,electronica,427.33,2025-04-22
5964,99,1,ropa,54.8,2025-10-13
5965,546,4,mercado,6.57,2025-06-20
5966,719,1,electronica,37.03,2025-03-22
5967,654,3,hogar,91.0,2025-01-24
5968,610,1,electronica,89.86,2025-09-15
5969,17,1,libros,40.29,2025-04-14
5970,52,1,deportes,54.34,2025-06-09
5971,524,2,mercado,317.98,2025-04-08
5972,35,7,electronica,102.14,2025-02-13
5973,461,4,hogar,8.42,2025-12-02
5974,632,2,hogar,128.34,2025-07-25
5975,440,1,mercado,104.85,2025-01-27
5976,184,2,electronica,125.02,2025-02-04
5977,11,2,ropa,11.87,2025-01-12
5978,224,3,juguetes,35.89,2025-07-22
5979,229,3,mercado,112.34,2025-09-16
5980,471,2,mercado,56.2,2025-11-08
5981,134,1,mercado,53.91,2025-07-10
5982,449,3,hogar,33.08,2025-11-12
5983,35,1,electronica,146.14,2025-10-02
5984,501,1,electronica,1358.2,2025-01-27
5985,606,2,electronica,9.05,2025-04-21
5986,671,1,libros,25.36,2025-10-05
5987,632,7,hogar,198.33,2025-04-21
5988,44,7,hogar,149.69,2025-09-04
5989,218,3,electronica,25.88,2025-12-03
5990,66,1,hogar,155.61,2025-06-11
5991,691,4,mercado,216.58,2025-08-26
5992,394,1,mercado,59.49,2025-12-28
5993,430,4,ropa,201.66,2025-06-28
5994,619,2,electronica,428.61,2025-04-15
5995,419,1,electronica,5.32,2025-08-06
5996,288,2,ropa,48.08,2025-03-22
5997,314,2,mercado,30.19,2025-06-06
5998,3,2,mercado,51.37,2025-02-02
5999,760,2,ropa,57.33,2025-08-19
6000,635,2,hogar,148.78,2025-08-01
6001,425,4,electronica,262.8,2025-11-14
6002,174,4,ropa,10.21,2025-06-25
6003,200,1,deportes,39.6,2025-06-11
6004,652,2,hogar,21.5,2025-07-20
6005,104,1,mercado,86.18,2025-02-19
6006,724,1,libros,26.27,2025-09-18
6007,790,3,electronica,179.63,2025-02-01
6008,146,3,ropa,59.18,2025-06-17
6009,529,5,juguetes,15.0,2025-04-23
6010,347,1,ropa,157.85,2025-04-21
6011,437,2,hogar,85.66,2025-05-08
6012,524,1,electronica,93.62,2025-04-18
6013,473,2,electronica,1154.87,2025-06-25
6014,567,1,hogar,53.17,2025-10-25
6015,162,2,electronica,657.66,2025-02-16
6016,319,5,electronica,264.98,2025-04-27
6017,516,2,deportes,499.56,2025-02-03
6018,621,4,ropa,340.25,2025-06-23
6019,27,3,libros,81.59,2025-12-13
6020,142,3,deportes,77.12,2025-01-15
6021,687,2,hogar,200.76,2025-01-15
6022,323,2,hogar,254.88,2025-04-15
6023,279,2,electronica,145.24,2025-10-24
6024,474,2,mercado,58.48,2025-03-17
6025,745,2,deportes,53.55,2025-01-11
6026,138,3,ropa,75.5,2025-04-09
6027,685,1,mercado,13.41,2025-01-21
6028,588,6,hogar,18.29,2025-01-08
6029,102,2,electronica,65.76,2025-09-03
6030,561,1,ropa,203.43,2025-07-24
6031,457,1,mercado,101.37,2025-08-09
6032,574,4,ropa,150.93,2025-09-25
6033,781,2,electronica,126.72,2025-03-22
6034,410,1,deportes,82.35,2025-08-08
6035,298,1,ropa,47.66,2025-10-10
6036,433,1,mercado,34.44,2025-12-18
6037,177,3,hogar,32.09,2025-11-28
6038,640,1,juguetes,26.58,2025-05-04
6039,432,1,hogar,133.24,2025-01-15
6040,139,1,mercado,80.14,2025-08-02
6041,154,3,mercado,75.66,2025-10-13
6042,782,4,deportes,94.36,2025-01-08
6043,574,1,deportes,53.51,2025-07-13
6044,216,2,mercado,16.75,2025-02-01
6045,211,5,deportes,33.43,2025-09-14
6046,516,1,electronica,101.11,2025-03-04
6047,636,2,electronica,262.24,2025-06-21
6048,368,2,ropa,7.4,2025-02-12
6049,778,1,hogar,21.01,2025-01-04
6050,641,5,electronica,75.88,2025-05-12
6051,129,3,deportes,71.84,2025-10-23
6052,47,2,juguetes,20.15,2025-01-28
6053,199,3,electronica,746.45,2025-05-25
6054,799,1,mercado,28.38,2025-10-25
6055,321,6,deportes,103.18,2025-09-12
6056,669,5,ropa,31.57,2025-02-07
6057,23,3,ropa,16.86,2025-11-13
6058,629,5,electronica,219.37,2025-10-06
6059,429,1,mercado,54.28,2025-01-01
6060,611,2,electronica,1951.71,2025-09-07
6061,767,3,ropa,38.58,2025-09-26
6062,17,2,electronica,193.24,2025-06-10
6063,559,6,ropa,81.29,2025-04-09
6064,10,1,ropa,154.43,2025-02-13
6065,367,2,ropa,81.89,2025-08-15
6066,334,2,ropa,80.88,2025-11-25
6067,61,1,libros,32.68,2025-10-28
6068,148,6,electronica,276.15,2025-08-24
6069,708,1,ropa,21.73,2025-05-17
6070,672,3,deportes,17.05,2025-08-18
6071,650,2,ropa,76.39,2025-06-11
6072,7,4,ropa,132.98,2025-06-14
6073,726,2,deportes,8.54,2025-08-08
6074,688,2,hogar,98.81,2025-08-14
6075,177,3,electronica,49.8,2025-03-23
6076,744,1,deportes,412.01,2025-07-05
6077,708,6,hogar,51.17,2025-02-13
6078,287,2,libros,21.32,2025-04-23
6079,736,2,deportes,186.75,2025-07-22
6080,86,6,mercado,37.98,2025-06-06
6081,554,1,electronica,536.72,2025-11-01
6082,419,1,mercado,297.88,2025-11-28
6083,704,2,libros,6.79,2025-09-03
6084,370,2,mercado,70.76,2025-03-03
6085,30,4,libros,32.52,2025-02-11
6086,262,1,ropa,89.77,2025-09-27
6087,437,2,hogar,45.32,2025-07-08
6088,225,2,ropa,6.64,2025-03-25
6089,101,3,electronica,135.24,2025-01-18
6090,9,2,hogar,202.61,2025-10-12
6091,669,2,electronica,44.74,2025-03-21
6092,521,1,ropa,209.06,2025-08-13
6093,229,3,deportes,92.25,2025-09-07
6094,205,1,mercado,32.5,2025-11-25
6095,614,2,mercado,140.86,2025-05-26
6096,330,3,deportes,237.39,2025-07-08
6097,376,1,ropa,20.17,2025-04-05
6098,461,4,ropa,42.54,2025-09-08
6099,409,2,electronica,431.49,2025-10-08
6100,724,1,electronica,282.31,2025-10-07
6101,176,2,electronica,86.6,2025-04-13
6102,141,1,hogar,8.64,2025-08-20
6103,633,6,electronica,138.43,2025-02-28
6104,503,1,electronica,312.91,2025-11-27
6105,288,3,mercado,46.92,2025-05-16
6106,761,1,electronica,78.23,2025-01-19
6107,48,1,libros,12.74,2025-04-21
6108,378,3,ropa,51.05,2025-01-11
6109,468,1,mercado,30.28,2025-12-24
6110,230,1,hogar,69.59,2025-09-02
6111,27,3,deportes,18.37,2025-11-13
6112,432,3,electronica,238.93,2025-06-16
6113,640,1,electronica,12.3,2025-05-12
6114,188,2,electronica,961.12,2025-07-12
6115,491,4,hogar,531.16,2025-05-07
6116,262,1,ropa,37.83,2025-06-13
6117,165,3,mercado,20.2,2025-12-23
6118,615,2,electronica,669.66,2025-10-13
6119,8,2,libros,45.71,2025-03-07
6120,448,2,libros,15.12,2025-09-16
6121,792,4,electronica,298.02,2025-07-18
6122,60,2,libros,40.13,2025-09-02
6123,745,2,electronica,1094.52,2025-03-16
6124,456,2,libros,5.64,2025-07-16
6125,794,3,hogar,44.47,2025-04-06
6126,277,3,deportes,148.54,2025-04-11
6127,292,2,ropa,60.78,2025-01-27
6128,250,2,electronica,148.08,2025-12-15
6129,100,1,mercado,33.89,2025-06-02
6130,581,2,libros,10.29,2025-10-10
6131,33,4,juguetes,136.39,2025-11-15
6132,397,2,hogar,420.58,2025-02-04
6133,564,1,electronica,169.53,2025-09-19
6134,443,2,ropa,35.54,2025-11-23
6135,435,3,libros,71.5,2025-10-06
6136,49,3,electronica,1389.03,2025-01-23
6137,577,1,mercado,59.22,2025-11-15
6138,44,5,electronica,358.49,2025-12-22
6139,570,2,electronica,295.54,2025-09-04
6140,147,2,hogar,14.97,2025-11-28
6141,784,1,electronica,69.19,2025-11-13
6142,752,2,libros,28.83,2025-10-08
6143,494,2,juguetes,47.45,2025-12-19
6144,786,1,ropa,207.76,2025-07-08
6145,763,1,hogar,56.92,2025-06-17
6146,275,2,electronica,81.65,2025-08-27
6147,165,1,hogar,234.23,2025-09-01
6148,259,2,hogar,253.39,2025-07-27
6149,257,3,electronica,57.82,2025-12-08
6150,653,1,juguetes,184.54,2025-08-18
6151,128,3,deportes,277.25,2025-08-07
6152,243,2,electronica,81.89,2025-12-12
6153,542,3,hogar,254.75,2025-06-03
6154,263,7,mercado,86.58,2025-01-17
6155,40,1,ropa,22.1,2025-07-09
6156,226,1,electronica,57.66,2025-11-02
6157,664,2,mercado,203.16,2025-03-28
6158,667,4,electronica,675.74,2025-04-04
6159,437,1,ropa,120.02,2025-03-21
6160,216,2,mercado,50.67,2025-06-05
6161,195,1,ropa,9.06,2025-08-18
6162,610,1,electronica,77.98,2025-10-05
6163,139,3,mercado,44.38,2025-03-20
6164,170,4,electronica,412.31,2025-10-23
6165,166,4,ropa,203.05,2025-06-18
6166,534,5,ropa,28.9,2025-09-01
6167,337,3,hogar,56.06,2025-09-26
6168,748,2,electronica,177.34,2025-04-11
6169,114,2,mercado,142.54,2025-01-25
6170,742,1,hogar,44.24,2025-09-26
6171,315,3,mercado,45.46,2025-07-25
6172,622,2,ropa,161.37,2025-07-23
6173,60,2,mercado,36.93,2025-08-16
6174,572,7,electronica,177.74,2025-05-23
6175,563,4,electronica,582.49,2025-08-12
6176,417,2,juguetes,124.83,2025-02-26
6177,597,2,mercado,88.88,2025-11-04
6178,429,3,deportes,48.33,2025-06-02
6179,283,2,hogar,17.76,2025-04-18
6180,442,2,mercado,7.34,2025-12-27
6181,174,3,juguetes,29.65,2025-08-27
6182,244,2,ropa,71.84,2025-05-06
6183,681,2,electronica,641.38,2025-10-22
6184,274,2,electronica,399.09,2025-02-28
6185,322,2,ropa,13.57,2025-12-20
6186,7,2,hogar,156.39,2025-01-07
6187,551,2,electronica,529.22,2025-05-10
6188,203,6,mercado,7.01,2025-07-10
6189,499,3,electronica,235.61,2025-09-28
6190,436,2,ropa,50.57,2025-11-03
6191,383,2,deportes,46.67,2025-08-03
6192,493,1,hogar,126.38,2025-07-23
6193,561,3,hogar,256.83,2025-09-13
6194,568,6,hogar,141.52,2025-12-16
6195,270,2,hogar,136.57,2025-10-13
6196,781,1,ropa,19.09,2025-01-07
6197,262,1,mercado,37.44,2025-12-15
6198,217,1,electronica,212.48,2025-07-11
6199,669,2,electronica,398.06,2025-02-08
6200,533,3,mercado,44.65,2025-07-20
6201,306,1,mercado,41.24,2025-04-20
6202,291,6,electronica,97.19,2025-05-14
6203,460,3,mercado,18.99,2025-06-23
6204,501,1,mercado,30.09,2025-11-13
6205,562,2,hogar,170.35,2025-05-27
6206,528,3,ropa,22.7,2025-06-21
6207,83,6,hogar,28.31,2025-10-06
6208,477,2,ropa,324.27,2025-12-08
6209,303,4,mercado,55.22,2025-06-22
6210,116,4,mercado,17.44,2025-08-14
6211,453,5,electronica,149.47,2025-09-24
6212,509,2,hogar,401.29,2025-01-17
6213,630,1,electronica,240.37,2025-06-03
6214,400,1,libros,109.48,2025-11-27
6215,172,1,electronica,35.55,2025-10-03
6216,403,2,ropa,57.78,2025-01-22
6217,21,2,electronica,289.75,2025-05-28
6218,11,4,ropa,26.89,2025-11-18
6219,180,1,electronica,311.09,2025-10-24
6220,133,4,ropa,20.24,2025-04-04
6221,256,6,electronica,390.95,2025-06-08
6222,49,6,electronica,131.42,2025-02-21
6223,34,4,electronica,80.22,2025-02-01
6224,90,1,electronica,28.96,2025-02-24
6225,692,1,electronica,118.58,2025-05-02
6226,59,4,ropa,108.69,2025-05-10
6227,80,5,hogar,168.21,2025-10-23
6228,71,5,ropa,33.09,2025-02-26
6229,565,1,mercado,177.33,2025-09-26
6230,357,4,ropa,7.78,2025-03-07
6231,319,2,ropa,91.17,2025-08-25
6232,105,1,ropa,444.45,2025-02-12
6233,357,3,hogar,31.04,2025-07-01
6234,384,5,ropa,29.63,2025-12-03
6235,584,3,libros,36.76,2025-04-02
6236,654,2,libros,52.73,2025-12-27
6237,32,2,ropa,144.95,2025-03-16
6238,62,3,juguetes,100.11,2025-06-03
6239,211,3,hogar,280.3,2025-06-16
6240,394,4,electronica,978.21,2025-01-18
6241,84,2,deportes,95.49,2025-11-23
6242,148,1,mercado,53.73,2025-07-05
6243,247,2,hogar,83.24,2025-02-05
6244,47,2,ropa,82.85,2025-10-28
6245,318,1,mercado,146.54,2025-07-03
6246,529,1,electronica,182.66,2025-02-27
6247,390,2,juguetes,51.14,2025-09-07
6248,405,2,libros,17.98,2025-01-11
6249,290,4,ropa,109.23,2025-04-03
6250,669,1,libros,48.57,2025-07-02
6251,164,2,hogar,253.48,2025-09-15
6252,622,2,deportes,61.88,2025-08-27
6253,229,1,deportes,87.48,2025-02-11
6254,432,1,mercado,76.67,2025-04-04
6255,376,1,hogar,119.16,2025-01-26
6256,407,2,electronica,800.34,2025-09-01
6257,145,2,ropa,67.5,2025-12-12
6258,182,4,mercado,55.59,2025-11-12
6259,485,2,ropa,23.33,2025-05-15
6260,591,7,deportes,27.11,2025-04-20
6261,762,2,libros,18.62,2025-07-07
6262,538,2,ropa,139.09,2025-06-10
6263,307,2,electronica,174.63,2025-10-19
6264,673,7,ropa,462.36,2025-12-24
6265,196,2,electronica,50.76,2025-04-01
6266,201,4,ropa,114.14,2025-02-11
6267,59,1,ropa,309.56,2025-07-24
6268,738,1,ropa,111.39,2025-01-12
6269,277,3,electronica,27.58,2025-11-14
6270,593,2,libros,10.27,2025-10-27
6271,434,2,electronica,72.94,2025-11-02
6272,189,1,ropa,105.47,2025-10-02
6273,749,3,libros,53.07,2025-05-15
6274,790,3,ropa,6.05,2025-08-15
6275,635,2,mercado,62.92,2025-01-11
6276,640,2,ropa,67.62,2025-10-22
6277,261,6,electronica,369.6,2025-12-28
6278,568,2,electronica,49.74,2025-06-07
6279,548,1,electronica,124.02,2025-01-21
6280,205,1,electronica,410.56,2025-03-24
6281,501,4,ropa,8.61,2025-11-12
6282,89,3,libros,18.82,2025-12-27
6283,270,2,mercado,90.09,2025-01-03
6284,146,2,electronica,449.11,2025-02-17
6285,177,1,hogar,67.76,2025-06-23
6286,669,3,ropa,101.31,2025-02-22
6287,444,1,deportes,51.27,2025-10-21
6288,592,1,mercado,229.05,2025-08-21
6289,38,2,electronica,34.78,2025-08-02
6290,413,1,deportes,180.51,2025-11-11
6291,636,1,deportes,7.75,2025-06-24
6292,532,3,hogar,66.79,2025-08-15
6293,348,6,juguetes,11.64,2025-09-03
6294,558,2,electronica,77.5,2025-06-26
6295,737,1,electronica,690.03,2025-12-23
6296,640,6,ropa,141.06,2025-02-04
6297,138,2,ropa,103.62,2025-02-21
6298,794,2,hogar,23.4,2025-03-26
6299,61,2,ropa,209.49,2025-10-13
6300,243,1,hogar,495.34,2025-10-13
6301,333,2,electronica,95.23,2025-03-13
6302,394,1,deportes,29.15,2025-02-14
6303,71,6,electronica,163.65,2025-05-02
6304,378,2,mercado,8.1,2025-04-06
6305,129,2,mercado,27.92,2025-07-13
6306,673,2,mercado,173.14,2025-07-10
6307,238,1,ropa,8.76,2025-10-08
6308,588,2,libros,62.4,2025-11-23
6309,133,2,mercado,8.67,2025-04-11
6310,520,4,ropa,71.01,2025-11-26
6311,757,2,hogar,85.13,2025-05-23
6312,417,7,electronica,332.37,2025-06-07
6313,186,2,electronica,250.19,2025-01-19
6314,618,2,electronica,381.96,2025-04-15
6315,584,1,mercado,11.56,2025-02-24
6316,514,6,mercado,78.94,2025-04-02
6317,438,1,electronica,56.93,2025-02-17
6318,259,2,mercado,8.82,2025-10-22
6319,135,2,electronica,65.29,2025-08-25
6320,393,1,hogar,256.15,2025-02-22
6321,374,1,deportes,45.27,2025-09-02
6322,231,2,mercado,27.55,2025-04-23
6323,226,3,electronica,205.8,2025-10-28
6324,247,2,mercado,62.44,2025-06-02
6325,682,1,juguetes,17.21,2025-07-24
6326,304,2,hogar,227.58,2025-03-23
6327,356,1,electronica,13.71,2025-05-28
6328,296,3,hogar,464.71,2025-07-25
6329,658,1,ropa,44.17,2025-02-01
6330,460,2,deportes,432.45,2025-02-16
6331,72,2,mercado,47.6,2025-01-26
6332,13,3,electronica,550.8,2025-12-05
6333,120,1,libros,59.33,2025-07-13
6334,716,3,hogar,322.75,2025-04-20
6335,77,2,electronica,118.78,2025-06-04
6336,491,4,electronica,5.58,2025-07-28
6337,729,2,hogar,269.95,2025-01-21
6338,303,4,electronica,334.15,2025-11-10
6339,789,1,ropa,35.64,2025-05-09
6340,620,2,mercado,11.93,2025-05-18
6341,173,1,electronica,584.76,2025-06-09
6342,396,2,hogar,15.93,2025-01-01
6343,245,1,libros,32.61,2025-05-23
6344,551,1,ropa,161.23,2025-02-05
6345,407,2,hogar,43.21,2025-07-10
6346,114,2,mercado,136.37,2025-02-11
6347,266,2,hogar,95.43,2025-09-01
6348,130,1,electronica,328.0,2025-10-17
6349,204,5,electronica,162.05,2025-12-12
6350,369,4,ropa,485.13,2025-12-05
6351,34,1,ropa,25.0,2025-01-11
6352,33,4,electronica,381.49,2025-06-27
6353,334,1,electronica,135.32,2025-08-17
6354,433,2,electronica,261.52,2025-01-28
6355,488,4,hogar,96.01,2025-11-22
6356,469,2,mercado,74.54,2025-03-17
6357,544,7,ropa,29.0,2025-09-13
6358,151,2,electronica,45.19,2025-05-20
6359,191,1,electronica,310.62,2025-12-12
6360,632,1,deportes,32.99,2025-04-25
6361,477,1,electronica,514.45,2025-03-05
6362,181,3,mercado,29.32,2025-05-08
6363,377,1,electronica,227.49,2025-09-21
6364,258,2,mercado,42.14,2025-03-11
6365,510,4,ropa,36.6,2025-08-23
6366,295,2,hogar,64.35,2025-02-16
6367,113,3,hogar,180.95,2025-03-10
6368,63,1,ropa,19.6,2025-07-05
6369,65,1,ropa,15.27,2025-10-09
6370,461,1,juguetes,24.44,2025-05-07
6371,780,3,mercado,140.79,2025-01-03
6372,329,1,libros,20.18,2025-06-28
6373,215,3,deportes,182.29,2025-09-04
6374,792,2,ropa,14.82,2025-05-28
6375,160,2,hogar,290.82,2025-04-03
6376,767,2,libros,127.75,2025-09-14
6377,399,1,mercado,69.26,2025-02-19
6378,408,6,ropa,59.67,2025-11-22
6379,560,1,mercado,23.04,2025-01-14
6380,189,3,electronica,181.2,2025-03-22
6381,787,2,hogar,73.56,2025-06-14
6382,300,4,hogar,374.65,2025-02-21
6383,497,4,electronica,40.34,2025-04-18
6384,457,4,hogar,160.58,2025-11-19
6385,625,2,ropa,58.63,2025-03-12
6386,173,1,mercado,308.49,2025-06-25
6387,602,1,electronica,81.33,2025-07-26
6388,171,3,electronica,129.78,2025-05-27
6389,261,2,electronica,330.48,2025-01-14
6390,266,4,ropa,14.68,2025-11-18
6391,649,6,ropa,130.43,2025-11-17
6392,278,1,hogar,69.42,2025-06-10
6393,532,2,mercado,21.94,2025-05-07
6394,743,2,hogar,82.76,2025-07-03
6395,303,4,ropa,38.13,2025-12-19
6396,570,2,libros,16.05,2025-06-08
6397,675,2,hogar,315.8,2025-06-10
6398,658,2,mercado,5.15,2025-09-25
6399,293,1,ropa,20.92,2025-04-09
6400,331,1,libros,17.65,2025-05-25
6401,517,4,libros,41.05,2025-10-03
6402,436,2,hogar,104.76,2025-08-08
6403,37,5,juguetes,181.54,2025-07-22
6404,274,3,ropa,189.48,2025-05-25
6405,78,4,libros,50.3,2025-06-20
6406,288,6,hogar,69.84,2025-09-20
6407,725,2,electronica,725.59,2025-09-07
6408,685,6,ropa,139.98,2025-11-07
6409,253,1,electronica,152.08,2025-09-20
6410,623,5,ropa,60.66,2025-05-14
6411,688,2,mercado,94.57,2025-12-17
6412,738,1,electronica,62.17,2025-03-01
6413,651,2,ropa,36.32,2025-07-26
6414,484,4,mercado,22.49,2025-10-14
6415,70,1,hogar,55.19,2025-06-08
6416,405,2,ropa,123.8,2025-05-03
6417,255,3,mercado,121.24,2025-03-23
6418,495,2,ropa,79.59,2025-07-08
6419,503,2,ropa,30.03,2025-11-27
6420,97,2,mercado,70.28,2025-08-19
6421,162,2,electronica,982.27,2025-02-12
6422,414,2,ropa,115.92,2025-03-15
6423,224,1,mercado,14.67,2025-10-03
6424,416,1,juguetes,9.21,2025-09-12
6425,519,3,ropa,28.95,2025-01-09
6426,273,1,electronica,75.81,2025-02-03
6427,308,3,ropa,148.4,2025-03-03
6428,232,3,mercado,64.48,2025-05-17
6429,550,1,electronica,84.32,2025-08-05
6430,726,3,hogar,161.73,2025-06-14
6431,405,2,mercado,9.45,2025-07-01
6432,559,1,libros,71.76,2025-01-10
6433,712,1,hogar,258.22,2025-08-11
6434,332,6,electronica,121.97,2025-09-08
6435,115,4,libros,93.92,2025-07-09
6436,611,3,mercado,60.05,2025-07-08
6437,65,1,ropa,56.91,2025-03-13
6438,789,4,electronica,32.86,2025-06-17
6439,484,2,hogar,160.37,2025-02-04
6440,455,2,electronica,205.18,2025-11-14
6441,226,1,libros,41.37,2025-11-15
6442,766,5,mercado,30.49,2025-12-11
6443,655,1,libros,6.68,2025-05-21
6444,757,1,mercado,111.22,2025-06-24
6445,297,3,ropa,54.91,2025-03-22
6446,356,2,ropa,111.64,2025-05-12
6447,348,3,electronica,363.51,2025-08-17
6448,625,2,ropa,16.9,2025-05-25
6449,122,2,libros,46.59,2025-02-12
6450,795,7,libros,23.91,2025-11-01
6451,222,2,hogar,6.94,2025-02-07
6452,8,3,mercado,71.9,2025-01-26
6453,767,2,mercado,25.02,2025-09-22
6454,316,3,mercado,92.36,2025-07-28
6455,491,3,ropa,17.38,2025-01-26
6456,707,2,mercado,15.85,2025-11-05
6457,20,2,electronica,178.58,2025-12-17
6458,347,3,electronica,413.64,2025-09-24
6459,237,2,hogar,113.37,2025-02-27
6460,641,1,ropa,31.43,2025-09-23
6461,215,2,ropa,18.79,2025-12-03
6462,257,2,libros,30.28,2025-10-28
6463,341,2,electronica,101.39,2025-10-23
6464,112,5,electronica,135.54,2025-11-21
6465,85,2,ropa,215.25,2025-10-11
6466,620,1,electronica,166.07,2025-12-14
6467,166,4,mercado,67.15,2025-03-14
6468,626,5,electronica,623.63,2025-02-16
6469,756,2,electronica,24.47,2025-09-03
6470,320,3,electronica,6.19,2025-03-09
6471,1,2,electronica,304.81,2025-11-06
6472,36,4,hogar,38.84,2025-07-15
6473,267,3,electronica,85.75,2025-10-06
6474,378,2,ropa,144.0,2025-04-02
6475,692,4,electronica,204.96,2025-10-16
6476,726,2,mercado,8.17,2025-11-17
6477,415,1,ropa,66.3,2025-11-23
6478,388,3,mercado,28.69,2025-01-23
6479,438,2,electronica,71.97,2025-04-17
6480,308,2,hogar,209.1,2025-11-15
6481,61,4,electronica,399.77,2025-05-08
6482,635,1,hogar,44.4,2025-08-26
6483,709,1,electronica,113.69,2025-12-07
6484,143,2,electronica,361.45,2025-06-07
6485,423,1,electronica,154.39,2025-04-09
6486,631,2,hogar,85.1,2025-06-26
6487,525,1,juguetes,12.64,2025-02-17
6488,592,3,mercado,80.83,2025-07-05
6489,351,2,libros,26.43,2025-04-02
6490,321,2,mercado,18.06,2025-05-20
6491,392,2,electronica,395.69,2025-06-11
6492,319,1,juguetes,137.07,2025-11-15
6493,89,1,mercado,10.17,2025-06-27
6494,221,1,juguetes,33.61,2025-12-25
6495,203,1,ropa,91.33,2025-03-09
6496,246,1,ropa,83.04,2025-08-09
6497,121,3,ropa,77.54,2025-08-22
6498,449,1,electronica,292.67,2025-08-04
6499,352,2,electronica,61.25,2025-07-18
6500,8,2,hogar,33.87,2025-05-15
6501,339,1,electronica,354.73,2025-04-07
6502,671,2,deportes,230.54,2025-01-08
6503,792,1,electronica,302.44,2025-01-01
6504,655,2,deportes,36.09,2025-09-11
6505,158,1,mercado,45.29,2025-04-16
6506,777,2,libros,61.03,2025-09-16
6507,767,5,deportes,27.04,2025-03-18
6508,274,7,electronica,100.45,2025-02-03
6509,271,4,hogar,39.44,2025-02-17
6510,383,2,mercado,82.69,2025-10-27
6511,110,3,ropa,179.35,2025-04-21
6512,117,1,electronica,442.32,2025-01-11
6513,412,3,ropa,218.32,2025-07-18
6514,427,2,hogar,259.63,2025-04-27
6515,39,6,electronica,168.35,2025-11-09
6516,43,1,libros,109.32,2025-09-28
6517,150,1,mercado,90.12,2025-07-25
6518,245,2,ropa,95.9,2025-03-02
6519,446,3,hogar,178.92,2025-10-05
6520,50,3,hogar,252.97,2025-02-25
6521,411,2,mercado,16.41,2025-01-22
6522,248,2,ropa,9.71,2025-10-18
6523,623,2,mercado,75.66,2025-09-21
6524,784,5,deportes,65.82,2025-12-27
6525,399,2,mercado,7.1,2025-11-26
6526,757,5,deportes,7.43,2025-05-10
6527,723,6,hogar,110.94,2025-12-25
6528,140,5,ropa,65.0,2025-12-17
6529,284,1,mercado,17.03,2025-03-19
6530,194,2,libros,12.76,2025-03-11
6531,450,3,deportes,61.81,2025-04-18
6532,79,2,ropa,25.87,2025-01-27
6533,392,7,ropa,26.72,2025-10-23
6534,118,1,electronica,539.67,2025-03-01
6535,158,1,ropa,25.85,2025-09-06
6536,535,2,electronica,140.82,2025-01-02
6537,481,7,mercado,159.02,2025-03-21
6538,180,1,electronica,73.49,2025-09-23
6539,689,1,ropa,22.24,2025-05-13
6540,92,2,hogar,9.32,2025-12-04
6541,8,4,ropa,112.77,2025-03-09
6542,747,2,hogar,116.87,2025-10-04
6543,38,4,juguetes,34.19,2025-04-18
6544,259,2,mercado,18.26,2025-04-27
6545,786,1,electronica,285.13,2025-04-22
6546,269,2,mercado,31.19,2025-05-20
6547,51,5,electronica,39.05,2025-01-24
6548,390,2,deportes,127.19,2025-07-17
6549,54,1,deportes,85.66,2025-08-19
6550,131,7,mercado,38.94,2025-12-17
6551,256,1,hogar,105.21,2025-12-21
6552,537,2,electronica,406.44,2025-07-11
6553,704,1,juguetes,37.42,2025-08-19
6554,558,3,mercado,94.67,2025-04-06
6555,90,2,juguetes,64.66,2025-12-23
6556,175,2,electronica,496.85,2025-08-20
6557,239,1,ropa,67.05,2025-12-14
6558,670,2,electronica,70.37,2025-04-12
6559,23,2,hogar,101.29,2025-06-13
6560,136,2,mercado,47.41,2025-03-27
6561,641,4,electronica,107.43,2025-04-15
6562,40,2,mercado,24.64,2025-01-17
6563,8,1,libros,93.46,2025-11-17
6564,517,2,electronica,122.08,2025-09-10
6565,180,1,hogar,19.55,2025-02-27
6566,659,3,hogar,227.49,2025-01-15
6567,795,1,ropa,8.27,2025-01-07
6568,484,1,electronica,35.09,2025-01-28
6569,332,2,electronica,152.82,2025-02-09
6570,265,2,ropa,121.8,2025-05-18
6571,201,1,mercado,6.74,2025-10-13
6572,699,5,deportes,390.58,2025-05-07
6573,566,3,hogar,107.96,2025-09-07
6574,49,1,mercado,56.52,2025-12-15
6575,518,2,ropa,48.22,2025-07-26
6576,519,4,hogar,102.09,2025-09-21
6577,448,2,mercado,6.27,2025-06-07
6578,311,1,mercado,12.24,2025-12-20
6579,288,7,electronica,203.69,2025-07-06
6580,564,5,hogar,13.84,2025-11-26
6581,631,3,deportes,96.12,2025-04-24
6582,89,2,electronica,435.65,2025-03-15
6583,96,2,hogar,139.36,2025-02-17
6584,20,1,hogar,260.05,2025-03-02
6585,340,5,electronica,503.86,2025-04-19
6586,91,2,libros,69.83,2025-02-16
6587,393,3,mercado,20.35,2025-03-28
6588,178,1,electronica,84.17,2025-12-06
6589,446,2,mercado,27.83,2025-07-26
6590,589,2,hogar,44.44,2025-12-20
6591,678,4,libros,48.95,2025-01-25
6592,748,3,ropa,398.94,2025-08-15
6593,204,1,hogar,38.34,2025-03-09
6594,609,1,deportes,20.27,2025-01-18
6595,661,2,ropa,16.7,2025-03-12
6596,568,2,hogar,43.17,2025-02-23
6597,201,2,mercado,44.48,2025-01-06
6598,346,2,electronica,512.63,2025-06-25
6599,91,1,ropa,59.6,2025-04-10
6600,767,1,hogar,664.29,2025-06-03
6601,503,6,mercado,6.96,2025-09-20
6602,350,1,electronica,209.07,2025-06-18
6603,667,1,ropa,107.03,2025-10-17
6604,391,2,deportes,33.67,2025-03-18
6605,510,2,deportes,156.49,2025-11-17
6606,203,2,electronica,732.38,2025-12-19
6607,297,2,electronica,32.39,2025-12-07
6608,664,4,ropa,250.08,2025-10-26
6609,557,1,hogar,82.54,2025-06-14
6610,474,2,libros,114.09,2025-12-21
6611,415,2,hogar,176.39,2025-12-01
6612,369,2,electronica,155.12,2025-01-19
6613,319,2,mercado,184.59,2025-03-13
6614,494,3,ropa,394.42,2025-10-04
6615,549,1,electronica,88.97,2025-08-05
6616,70,6,hogar,318.86,2025-11-25
6617,80,1,mercado,10.78,2025-09-28
6618,129,4,hogar,161.31,2025-05-07
6619,338,1,hogar,219.87,2025-05-27
6620,333,7,juguetes,78.12,2025-04-28
6621,478,1,hogar,68.15,2025-09-20
6622,71,4,deportes,118.21,2025-04-15
6623,705,2,ropa,76.53,2025-04-16
6624,161,6,ropa,18.98,2025-11-27
6625,71,2,ropa,289.35,2025-03-23
6626,587,5,hogar,134.68,2025-06-27
6627,434,1,mercado,53.4,2025-08-12
6628,565,7,electronica,91.23,2025-10-17
6629,427,2,electronica,48.58,2025-12-21
6630,647,3,electronica,16.27,2025-01-16
6631,519,1,deportes,248.51,2025-06-06
6632,406,2,mercado,5.79,2025-02-21
6633,174,1,mercado,5.8,2025-12-27
6634,656,1,ropa,108.47,2025-06-10
6635,6,1,deportes,34.07,2025-04-06
6636,598,1,libros,14.91,2025-03-15
6637,775,2,electronica,57.63,2025-01-21
6638,129,1,hogar,240.04,2025-08-22
6639,715,5,mercado,49.26,2025-06-17
6640,429,2,libros,8.29,2025-11-10
6641,548,4,electronica,400.44,2025-10-22
6642,251,2,ropa,17.55,2025-01-08
6643,11,1,libros,58.68,2025-12-14
6644,292,2,ropa,6.28,2025-09-12
6645,641,4,juguetes,37.9,2025-04-13
6646,203,2,ropa,97.59,2025-02-05
6647,715,1,ropa,167.84,2025-01-07
6648,392,2,libros,32.89,2025-12-07
6649,252,2,hogar,288.01,2025-10-22
6650,563,1,mercado,93.18,2025-07-23
6651,121,3,libros,45.96,2025-02-24
6652,54,2,mercado,46.24,2025-04-28
6653,360,4,mercado,155.06,2025-06-23
6654,337,2,deportes,37.03,2025-08-10
6655,309,1,libros,41.11,2025-02-15
6656,272,1,electronica,270.94,2025-05-19
6657,711,3,electronica,284.84,2025-07-15
6658,765,1,libros,40.85,2025-10-09
6659,537,2,electronica,72.76,2025-06-26
6660,628,5,hogar,242.34,2025-09-07
6661,235,3,mercado,29.95,2025-01-12
6662,637,5,hogar,6.87,2025-04-06
6663,375,1,electronica,402.13,2025-03-27
6664,459,4,mercado,107.29,2025-03-10
6665,302,1,hogar,165.23,2025-07-17
6666,44,6,ropa,35.32,2025-10-08
6667,258,1,ropa,10.99,2025-08-03
6668,257,3,mercado,26.42,2025-05-27
6669,663,2,electronica,194.73,2025-05-10
6670,55,1,electronica,129.57,2025-02-13
6671,316,3,deportes,149.04,2025-12-25
6672,172,2,mercado,63.16,2025-02-13
6673,513,2,hogar,55.61,2025-02-04
6674,597,3,ropa,32.77,2025-09-18
6675,424,2,juguetes,12.56,2025-08-12
6676,204,1,ropa,150.87,2025-11-27
6677,530,1,hogar,261.51,2025-03-04
6678,583,2,electronica,124.71,2025-05-09
6679,618,3,mercado,48.58,2025-06-07
6680,457,4,electronica,40.96,2025-05-15
6681,524,2,libros,16.58,2025-05-03
6682,786,2,ropa,148.78,2025-12-08
6683,158,5,ropa,49.99,2025-02-13
6684,573,4,ropa,119.93,2025-12-20
6685,785,3,deportes,122.27,2025-08-26
6686,721,1,mercado,7.68,2025-12-23
6687,512,1,ropa,288.6,2025-10-06
6688,86,3,ropa,103.13,2025-06-01
6689,322,1,mercado,257.17,2025-12-24
6690,169,2,mercado,24.79,2025-07-16
6691,148,4,mercado,151.55,2025-03-21
6692,518,2,mercado,74.88,2025-10-12
6693,374,2,mercado,165.76,2025-07-16
6694,523,2,mercado,32.46,2025-09-03
6695,435,5,electronica,335.43,2025-10-13
6696,662,3,ropa,76.71,2025-09-22
6697,282,5,electronica,1007.0,2025-05-02
6698,63,5,juguetes,18.96,2025-10-06
6699,126,2,hogar,189.15,2025-10-28
6700,169,3,mercado,63.96,2025-03-12
6701,137,2,electronica,148.06,2025-08-06
6702,610,2,ropa,65.12,2025-06-12
6703,403,3,electronica,744.62,2025-03-25
6704,257,2,electronica,28.34,2025-07-27
6705,707,6,deportes,19.87,2025-10-20
6706,264,4,electronica,145.2,2025-04-08
6707,503,2,electronica,95.18,2025-03-04
6708,341,2,hogar,27.8,2025-01-02
6709,456,2,libros,17.26,2025-01-24
6710,757,1,electronica,574.8,2025-11-20
6711,15,2,mercado,67.81,2025-08-28
6712,163,2,ropa,105.72,2025-02-12
6713,21,2,electronica,47.63,2025-11-18
6714,347,3,libros,15.34,2025-04-17
6715,592,5,ropa,68.53,2025-10-14
6716,125,3,deportes,126.79,2025-10-23
6717,579,3,deportes,100.08,2025-05-21
6718,443,1,electronica,59.44,2025-07-20
6719,118,1,ropa,216.68,2025-02-07
6720,583,2,ropa,13.1,2025-10-13
6721,581,2,hogar,49.73,2025-08-19
6722,307,2,electronica,1396.22,2025-03-02
6723,470,2,mercado,54.36,2025-03-26
6724,347,1,deportes,59.06,2025-01-07
6725,158,4,ropa,48.57,2025-03-01
6726,599,4,hogar,51.1,2025-01-09
6727,667,5,electronica,65.39,2025-11-17
6728,170,2,electronica,201.83,2025-10-27
6729,47,1,electronica,897.22,2025-12-05
6730,483,2,deportes,46.21,2025-08-12
6731,591,2,hogar,220.19,2025-03-15
6732,762,3,juguetes,125.23,2025-08-13
6733,790,2,hogar,102.02,2025-06-10
6734,266,5,deportes,66.48,2025-05-03
6735,495,2,ropa,44.86,2025-05-20
6736,701,1,ropa,60.85,2025-02-12
6737,218,2,mercado,141.02,2025-04-18
6738,31,2,electronica,347.43,2025-05-21
6739,314,2,ropa,30.19,2025-09-13
6740,421,3,hogar,200.02,2025-06-15
6741,687,2,mercado,43.43,2025-09-14
6742,405,1,electronica,247.93,2025-12-25
6743,754,7,deportes,241.16,2025-02-12
6744,696,2,libros,104.18,2025-01-18
6745,69,1,hogar,170.53,2025-08-10
6746,389,2,hogar,103.12,2025-03-26
6747,114,1,ropa,19.88,2025-12-06
6748,720,1,deportes,215.3,2025-03-28
6749,749,3,deportes,155.23,2025-06-15
6750,722,2,ropa,18.89,2025-04-14
6751,81,5,electronica,500.34,2025-01-06
6752,59,4,mercado,72.62,2025-08-12
6753,71,2,mercado,42.0,2025-11-03
6754,704,6,electronica,94.22,2025-01-26
6755,566,3,mercado,88.74,2025-03-18
6756,616,3,hogar,236.09,2025-03-21
6757,74,4,deportes,156.51,2025-08-05
6758,516,2,mercado,74.45,2025-04-11
6759,299,7,mercado,26.48,2025-06-10
6760,768,2,libros,23.62,2025-04-06
6761,355,1,electronica,8.08,2025-08-05
6762,230,2,hogar,25.8,2025-09-17
6763,195,4,mercado,225.31,2025-11-18
6764,351,3,electronica,103.03,2025-05-09
6765,342,4,mercado,19.34,2025-07-28
6766,713,2,ropa,45.16,2025-12-21
6767,98,2,hogar,74.53,2025-02-21
6768,75,4,hogar,39.98,2025-04-07
6769,303,1,ropa,213.28,2025-01-17
6770,618,2,ropa,11.26,2025-05-08
6771,310,2,libros,35.1,2025-05-06
6772,156,5,electronica,256.58,2025-02-01
6773,574,2,juguetes,10.18,2025-11-18
6774,165,4,ropa,18.33,2025-12-27
6775,584,1,deportes,121.27,2025-12-11
6776,696,1,mercado,118.7,2025-12-12
6777,505,4,mercado,11.66,2025-01-12
6778,669,2,mercado,42.83,2025-09-06
6779,684,1,mercado,17.53,2025-01-19
6780,146,2,ropa,22.51,2025-12-11
6781,403,3,juguetes,10.7,2025-02-06
6782,120,1,deportes,53.13,2025-01-11
6783,792,1,mercado,8.73,2025-03-18
6784,346,3,ropa,113.14,2025-10-10
6785,345,2,mercado,32.32,2025-08-25
6786,301,1,juguetes,47.03,2025-02-16
6787,309,2,electronica,6.62,2025-01-13
6788,362,2,mercado,79.94,2025-08-20
6789,129,2,ropa,26.96,2025-04-22
6790,434,1,mercado,37.69,2025-02-17
6791,202,6,deportes,161.37,2025-08-09
6792,279,3,ropa,90.66,2025-11-08
6793,635,2,electronica,98.59,2025-09-12
6794,661,3,electronica,73.28,2025-10-27
6795,45,5,deportes,172.55,2025-11-24
6796,522,2,hogar,119.31,2025-03-14
6797,580,6,deportes,6.74,2025-04-06
6798,383,3,electronica,32.21,2025-02-07
6799,214,2,mercado,67.71,2025-01-16
6800,505,2,electronica,70.09,2025-02-19
6801,37,2,hogar,137.11,2025-09-20
6802,487,2,ropa,75.15,2025-03-10
6803,503,3,deportes,236.69,2025-08-04
6804,156,2,deportes,52.14,2025-04-04
6805,364,4,ropa,17.88,2025-04-28
6806,423,1,hogar,159.18,2025-01-17
6807,488,1,electronica,8.17,2025-09-27
6808,655,1,deportes,256.95,2025-06-08
6809,277,1,mercado,82.26,2025-03-04
6810,739,2,ropa,65.95,2025-11-04
6811,516,2,libros,167.48,2025-08-27
6812,563,4,mercado,32.79,2025-08-12
6813,505,4,hogar,117.84,2025-08-20
6814,785,5,libros,17.46,2025-02-05
6815,28,5,mercado,48.68,2025-10-16
6816,154,4,mercado,100.07,2025-12-22
6817,531,4,deportes,84.03,2025-06-08
6818,787,1,hogar,58.03,2025-02-03
6819,714,5,hogar,210.17,2025-10-02
6820,348,3,electronica,335.73,2025-08-13
6821,743,3,electronica,157.71,2025-01-12
6822,555,2,juguetes,96.79,2025-11-06
6823,119,1,mercado,37.79,2025-07-01
6824,542,1,mercado,5.73,2025-02-21
6825,297,2,mercado,103.82,2025-05-02
6826,134,2,hogar,259.75,2025-05-26
6827,800,2,electronica,104.22,2025-11-19
6828,731,1,electronica,1010.65,2025-12-11
6829,136,2,electronica,206.22,2025-05-10
6830,757,1,hogar,66.26,2025-06-08
6831,522,2,electronica,45.57,2025-08-26
6832,439,2,mercado,88.9,2025-06-22
6833,91,2,libros,153.57,2025-03-11
6834,749,1,ropa,64.29,2025-06-02
6835,487,2,mercado,98.41,2025-09-09
6836,88,4,mercado,48.12,2025-02-08
6837,519,2,ropa,89.87,2025-01-18
6838,546,2,libros,29.17,2025-04-21
6839,794,4,juguetes,6.44,2025-08-11
6840,296,2,electronica,81.34,2025-12-16
6841,574,1,ropa,71.66,2025-08-23
6842,611,1,electronica,328.85,2025-04-01
6843,148,3,electronica,448.91,2025-08-19
6844,185,1,libros,11.9,2025-05-02
6845,638,2,ropa,76.18,2025-08-23
6846,294,4,electronica,16.58,2025-08-05
6847,103,2,juguetes,5.3,2025-04-25
6848,368,7,juguetes,48.94,2025-11-02
6849,550,2,deportes,11.57,2025-07-20
6850,362,1,hogar,33.09,2025-01-12
6851,524,2,mercado,93.96,2025-06-10
6852,755,1,mercado,46.53,2025-12-24
6853,455,3,electronica,104.44,2025-12-21
6854,573,5,libros,86.35,2025-01-18
6855,598,2,libros,164.23,2025-12-18
6856,568,1,hogar,78.18,2025-06-17
6857,649,1,mercado,15.6,2025-04-03
6858,290,3,electronica,315.37,2025-12-26
6859,303,3,electronica,735.07,2025-08-09
6860,260,1,mercado,25.76,2025-06-02
6861,411,3,ropa,30.29,2025-03-24
6862,491,1,ropa,72.04,2025-06-14
6863,7,1,hogar,31.89,2025-01-26
6864,643,1,ropa,15.94,2025-03-07
6865,61,1,hogar,122.55,2025-11-26
6866,187,2,ropa,60.13,2025-05-19
6867,14,1,ropa,109.01,2025-05-24
6868,624,4,hogar,167.04,2025-03-22
6869,39,2,ropa,76.15,2025-02-22
6870,583,2,hogar,53.45,2025-07-20
6871,200,3,libros,43.15,2025-10-17
6872,369,1,juguetes,15.94,2025-10-24
6873,34,2,electronica,263.31,2025-08-25
6874,41,2,electronica,121.63,2025-03-05
6875,531,2,mercado,33.24,2025-07-05
6876,566,3,ropa,73.64,2025-03-09
6877,129,1,ropa,83.74,2025-03-08
6878,423,1,hogar,85.13,2025-10-14
6879,509,3,libros,31.02,2025-05-22
6880,242,6,deportes,118.05,2025-10-20
6881,443,7,mercado,103.05,2025-02-01
6882,633,5,ropa,5.74,2025-02-06
6883,632,1,mercado,9.49,2025-02-27
6884,418,2,electronica,403.38,2025-04-18
6885,359,1,hogar,321.35,2025-06-26
6886,79,2,mercado,25.59,2025-07-12
6887,707,4,mercado,52.79,2025-11-07
6888,270,2,mercado,12.54,2025-03-12
6889,215,2,electronica,41.01,2025-01-11
6890,511,1,mercado,98.0,2025-07-09
6891,144,5,electronica,1201.36,2025-01-22
6892,240,2,hogar,10.42,2025-09-04
6893,559,2,electronica,112.8,2025-02-03
6894,395,3,hogar,257.08,2025-12-22
6895,261,3,hogar,29.63,2025-01-11
6896,376,1,electronica,353.63,2025-01-25
6897,459,2,deportes,24.46,2025-09-26
6898,264,7,juguetes,107.69,2025-04-22
6899,643,2,electronica,269.88,2025-10-20
6900,668,5,juguetes,35.15,2025-12-09
6901,751,2,ropa,30.21,2025-01-22
6902,184,2,ropa,129.56,2025-12-04
6903,467,4,deportes,8.51,2025-07-18
6904,632,1,electronica,307.45,2025-12-08
6905,448,2,mercado,69.54,2025-11-02
6906,735,7,juguetes,8.77,2025-02-22
6907,652,2,hogar,70.48,2025-07-13
6908,286,2,juguetes,100.03,2025-05-18
6909,60,1,electronica,77.8,2025-01-07
6910,155,6,ropa,14.58,2025-09-06
6911,212,4,hogar,59.83,2025-01-27
6912,118,1,mercado,78.0,2025-02-28
6913,343,2,electronica,541.2,2025-12-16
6914,74,1,mercado,29.22,2025-12-16
6915,771,1,mercado,14.38,2025-03-28
6916,1,1,mercado,13.19,2025-09-24
6917,761,2,hogar,193.09,2025-12-28
6918,8,1,juguetes,39.45,2025-12-08
6919,221,6,electronica,51.88,2025-07-10
6920,72,2,ropa,230.21,2025-12-28
6921,788,2,electronica,753.63,2025-09-18
6922,3,3,mercado,27.41,2025-06-04
6923,364,1,electronica,140.98,2025-10-02
6924,774,7,ropa,11.61,2025-06-02
6925,180,3,mercado,28.44,2025-04-20
6926,32,1,mercado,27.6,2025-07-08
6927,175,2,libros,20.94,2025-02-26
6928,187,2,mercado,23.43,2025-10-14
6929,72,1,mercado,60.71,2025-04-26
6930,153,1,ropa,473.19,2025-08-24
6931,190,5,ropa,64.36,2025-11-12
6932,513,3,deportes,37.73,2025-04-22
6933,279,2,mercado,6.13,2025-02-10
6934,497,1,ropa,89.74,2025-07-19
6935,244,2,hogar,31.49,2025-03-26
6936,42,1,ropa,5.23,2025-12-28
6937,484,1,ropa,61.79,2025-05-24
6938,582,2,hogar,63.89,2025-02-24
6939,303,1,mercado,232.05,2025-12-24
6940,794,1,hogar,112.97,2025-08-17
6941,511,1,electronica,463.91,2025-06-10
6942,616,1,deportes,151.02,2025-01-19
6943,610,2,deportes,20.36,2025-03-01
6944,124,6,hogar,89.2,2025-01-24
6945,649,2,libros,25.86,2025-09-02
6946,452,1,hogar,178.6,2025-10-17
6947,602,1,hogar,29.47,2025-03-03
6948,40,2,mercado,198.97,2025-04-23
6949,275,7,deportes,107.21,2025-07-21
6950,127,2,hogar,180.45,2025-11-19
6951,728,1,libros,38.42,2025-04-06
6952,412,1,libros,39.08,2025-07-12
6953,21,5,mercado,19.09,2025-03-03
6954,170,3,hogar,34.92,2025-09-12
6955,493,2,mercado,301.33,2025-05-02
6956,179,4,mercado,68.97,2025-05-04
6957,580,2,mercado,11.4,2025-10-20
6958,551,6,electronica,86.05,2025-10-24
6959,61,3,electronica,165.03,2025-04-28
6960,654,3,electronica,1114.05,2025-05-02
6961,57,2,ropa,159.15,2025-05-27
6962,56,2,mercado,30.55,2025-01-15
6963,547,1,hogar,109.49,2025-09-04
6964,785,4,hogar,82.57,2025-01-15
6965,108,2,electronica,686.78,2025-05-10
6966,761,3,hogar,137.39,2025-02-25
6967,24,1,libros,37.38,2025-06-25
6968,720,3,ropa,118.49,2025-08-14
6969,293,1,ropa,201.0,2025-10-02
6970,276,4,deportes,129.4,2025-01-25
6971,742,2,mercado,74.51,2025-08-21
6972,539,1,electronica,152.95,2025-11-17
6973,506,3,deportes,35.09,2025-09-10
6974,462,1,mercado,94.66,2025-10-13
6975,621,2,libros,92.84,2025-04-09
6976,498,3,ropa,75.04,2025-11-10
6977,81,2,electronica,19.97,2025-08-03
6978,753,4,hogar,18.35,2025-10-10
6979,719,2,hogar,375.61,2025-01-13
6980,691,1,ropa,30.48,2025-01-21
6981,506,2,hogar,26.92,2025-03-20
6982,450,1,ropa,196.33,2025-08-12
6983,173,2,mercado,122.34,2025-04-02
6984,245,2,hogar,168.84,2025-05-11
6985,87,2,electronica,9.81,2025-12-15
6986,240,2,ropa,66.14,2025-05-26
6987,787,4,mercado,45.61,2025-06-28
6988,208,7,juguetes,28.39,2025-09-26
6989,409,3,electronica,369.49,2025-01-13
6990,219,1,hogar,52.82,2025-09-13
6991,259,2,juguetes,97.1,2025-02-23
6992,745,1,deportes,27.98,2025-10-21
6993,632,4,ropa,48.36,2025-07-16
6994,353,2,electronica,81.58,2025-12-03
6995,583,1,hogar,43.53,2025-02-25
6996,691,3,ropa,10.21,2025-12-14
6997,770,1,ropa,40.3,2025-01-26
6998,323,1,electronica,844.11,2025-10-16
6999,220,1,electronica,491.05,2025-09-12
7000,614,2,electronica,497.87,2025-04-26
7001,761,2,ropa,134.97,2025-02-26
7002,194,4,electronica,63.9,2025-05-17
7003,210,1,deportes,7.05,2025-07-12
7004,61,5,libros,8.88,2025-05-16
7005,552,1,electronica,230.11,2025-11-16
7006,800,2,mercado,57.95,2025-07-11
7007,233,2,juguetes,11.31,2025-06-16
7008,47,2,hogar,360.02,2025-04-12
7009,8,5,electronica,1234.89,2025-10-09
7010,99,3,electronica,68.78,2025-01-28
7011,389,5,hogar,85.27,2025-03-14
7012,622,1,ropa,24.4,2025-09-06
7013,85,1,mercado,101.71,2025-10-03
7014,243,2,libros,87.95,2025-11-13
7015,231,1,hogar,174.44,2025-11-15
7016,510,1,electronica,118.44,2025-04-07
7017,156,1,electronica,25.73,2025-05-04
7018,406,3,ropa,159.87,2025-06-28
7019,396,1,libros,57.25,2025-08-12
7020,36,3,hogar,36.89,2025-07-15
7021,105,6,ropa,17.97,2025-03-06
7022,391,3,electronica,111.86,2025-09-02
7023,581,1,mercado,40.45,2025-04-13
7024,768,3,electronica,5.48,2025-09-05
7025,196,2,mercado,43.15,2025-01-10
7026,307,3,electronica,409.56,2025-03-10
7027,370,1,hogar,62.37,2025-01-25
7028,756,2,hogar,52.2,2025-02-17
7029,742,1,electronica,196.86,2025-10-05
7030,239,3,ropa,56.37,2025-02-05
7031,557,3,mercado,65.31,2025-05-04
7032,723,3,deportes,15.57,2025-11-06
7033,114,3,libros,46.62,2025-08-05
7034,93,1,electronica,607.64,2025-03-13
7035,729,6,hogar,77.18,2025-06-07
7036,705,1,libros,6.02,2025-08-07
7037,743,1,hogar,263.51,2025-11-07
7038,470,2,hogar,81.26,2025-11-20
7039,386,3,electronica,189.44,2025-01-07
7040,293,4,electronica,708.1,2025-07-08
7041,321,4,hogar,194.65,2025-12-22
7042,431,3,mercado,7.34,2025-11-13
7043,55,3,electronica,22.69,2025-05-10
7044,525,1,deportes,150.06,2025-01-26
7045,592,1,ropa,184.63,2025-08-11
7046,692,1,ropa,167.26,2025-10-19
7047,109,3,electronica,87.11,2025-01-26
7048,98,1,electronica,73.0,2025-06-02
7049,728,2,electronica,116.84,2025-12-08
7050,14,3,electronica,166.76,2025-08-15
7051,264,2,ropa,21.39,2025-09-20
7052,200,5,electronica,232.8,2025-12-04
7053,124,2,deportes,125.79,2025-02-06
7054,72,1,libros,108.0,2025-12-21
7055,742,6,juguetes,63.41,2025-03-13
7056,619,3,hogar,128.84,2025-06-05
7057,647,2,hogar,22.4,2025-03-16
7058,95,1,libros,10.81,2025-04-19
7059,124,4,mercado,16.25,2025-12-28
7060,111,5,electronica,77.35,2025-11-11
7061,618,1,hogar,248.2,2025-01-05
7062,429,2,ropa,88.77,2025-10-05
7063,589,3,hogar,69.58,2025-10-08
7064,646,3,electronica,887.5,2025-07-20
7065,206,3,mercado,63.26,2025-03-15
7066,521,2,electronica,156.52,2025-08-23
7067,55,2,electronica,316.71,2025-06-15
7068,68,1,ropa,11.13,2025-01-27
7069,672,5,ropa,179.35,2025-05-28
7070,171,7,electronica,309.29,2025-02-16
7071,517,3,juguetes,37.99,2025-10-28
7072,731,1,electronica,104.21,2025-11-08
7073,313,2,ropa,23.71,2025-02-23
7074,614,2,juguetes,121.59,2025-05-10
7075,321,2,libros,57.37,2025-03-09
7076,592,3,electronica,62.53,2025-05-09
7077,431,1,deportes,30.8,2025-11-04
7078,226,4,hogar,354.09,2025-12-20
7079,170,1,ropa,14.02,2025-12-28
7080,659,3,libros,24.94,2025-01-10
7081,749,1,ropa,90.92,2025-07-27
7082,414,3,electronica,612.62,2025-02-02
7083,733,1,electronica,804.72,2025-10-08
7084,115,6,mercado,54.2,2025-03-12
7085,477,3,electronica,93.54,2025-03-13
7086,469,3,mercado,104.69,2025-08-14
7087,227,2,ropa,411.48,2025-01-17
7088,155,1,mercado,101.06,2025-01-02
7089,177,1,libros,66.23,2025-09-05
7090,211,1,hogar,159.27,2025-04-13
7091,637,3,mercado,26.3,2025-08-21
7092,390,6,hogar,59.8,2025-10-18
7093,21,2,deportes,182.5,2025-06-06
7094,406,2,hogar,151.61,2025-12-04
7095,48,2,electronica,294.82,2025-01-16
7096,301,1,juguetes,56.49,2025-05-24
7097,563,2,hogar,208.65,2025-04-28
7098,229,3,electronica,36.11,2025-11-13
7099,634,3,ropa,14.55,2025-11-14
7100,374,1,ropa,197.78,2025-06-24
7101,631,2,mercado,26.85,2025-05-19
7102,318,2,juguetes,14.62,2025-05-13
7103,517,3,deportes,236.38,2025-11-03
7104,525,4,ropa,121.12,2025-12-16
7105,728,1,ropa,91.56,2025-01-04
7106,337,3,deportes,125.47,2025-12-21
7107,378,2,mercado,61.82,2025-05-11
7108,153,5,mercado,49.92,2025-04-21
7109,307,2,electronica,64.76,2025-10-26
7110,90,2,deportes,81.39,2025-03-16
7111,780,2,electronica,129.76,2025-07-27
7112,277,2,juguetes,26.4,2025-05-26
7113,36,1,electronica,15.88,2025-10-01
7114,723,2,electronica,38.37,2025-12-10
7115,386,2,ropa,145.65,2025-09-13
7116,206,2,deportes,163.2,2025-04-16
7117,646,2,electronica,425.17,2025-07-10
7118,626,1,electronica,147.8,2025-09-02
7119,794,2,electronica,177.75,2025-12-11
7120,23,2,deportes,101.04,2025-01-28
7121,800,3,juguetes,17.01,2025-02-22
7122,692,1,libros,85.29,2025-03-13
7123,537,2,hogar,39.06,2025-03-01
7124,56,2,libros,24.97,2025-05-25
7125,122,5,electronica,361.35,2025-08-17
7126,684,6,deportes,64.95,2025-12-15
7127,98,1,libros,108.78,2025-03-28
7128,377,2,ropa,24.58,2025-07-23
7129,223,1,mercado,18.38,2025-01-21
7130,629,3,juguetes,21.73,2025-05-26
7131,127,5,mercado,9.07,2025-05-03
7132,533,3,juguetes,41.57,2025-09-20
7133,588,1,hogar,119.49,2025-12-22
7134,570,4,electronica,23.85,2025-12-12
7135,5,2,deportes,55.71,2025-03-22
7136,507,1,libros,73.14,2025-01-27
7137,491,2,hogar,267.3,2025-04-01
7138,496,1,libros,18.01,2025-11-22
7139,423,7,mercado,54.03,2025-07-21
7140,624,4,mercado,20.12,2025-05-05
7141,629,1,ropa,119.44,2025-09-15
7142,443,3,deportes,251.38,2025-09-24
7143,663,1,ropa,235.45,2025-04-07
7144,572,2,ropa,107.23,2025-03-23
7145,771,2,electronica,28.31,2025-12-26
7146,671,3,libros,18.21,2025-12-19
7147,594,1,hogar,89.56,2025-02-17
7148,734,5,hogar,162.15,2025-09-27
7149,33,4,juguetes,7.19,2025-04-05
7150,178,1,hogar,13.55,2025-04-16
7151,702,1,electronica,327.22,2025-03-07
7152,228,1,ropa,90.27,2025-03-08
7153,93,7,mercado,14.74,2025-05-13
7154,496,2,electronica,249.45,2025-08-13
7155,698,2,deportes,83.08,2025-07-24
7156,350,7,mercado,48.24,2025-10-06
7157,175,1,libros,73.01,2025-03-24
7158,152,1,mercado,13.5,2025-09-06
7159,591,1,electronica,154.08,2025-03-15
7160,199,3,mercado,19.71,2025-12-11
7161,330,1,ropa,42.26,2025-05-17
7162,563,1,ropa,22.97,2025-10-10
7163,204,2,hogar,192.26,2025-04-17
7164,783,1,electronica,1155.33,2025-09-02
7165,118,2,ropa,36.26,2025-10-24
7166,575,3,ropa,92.6,2025-01-17
7167,525,2,mercado,19.12,2025-09-24
7168,230,1,deportes,197.98,2025-04-19
7169,608,6,ropa,10.25,2025-12-04
7170,758,2,mercado,52.86,2025-01-19
7171,407,4,mercado,101.92,2025-03-12
7172,498,2,ropa,75.79,2025-07-10
7173,337,2,mercado,44.11,2025-01-09
7174,21,3,electronica,449.13,2025-11-18
7175,572,2,ropa,165.17,2025-01-12
7176,599,1,mercado,12.56,2025-04-15
7177,465,3,ropa,21.02,2025-12-21
7178,29,2,mercado,17.33,2025-03-04
7179,645,1,electronica,957.69,2025-01-07
7180,265,2,deportes,10.49,2025-01-27
7181,716,3,hogar,19.1,2025-01-05
7182,150,1,mercado,262.61,2025-07-13
7183,406,1,electronica,371.39,2025-12-21
7184,317,2,juguetes,10.44,2025-12-15
7185,607,4,hogar,38.12,2025-02-23
7186,449,2,libros,36.96,2025-04-17
7187,76,2,deportes,146.01,2025-09-04
7188,477,2,mercado,204.89,2025-06-20
7189,251,1,deportes,40.12,2025-04-04
7190,761,4,electronica,230.77,2025-04-06
7191,122,4,deportes,49.84,2025-07-20
7192,120,1,electronica,679.11,2025-04-15
7193,648,2,deportes,76.59,2025-05-03
7194,45,5,ropa,18.53,2025-03-11
7195,567,1,ropa,65.36,2025-08-04
7196,547,1,mercado,96.96,2025-09-11
7197,242,1,hogar,9.24,2025-09-08
7198,565,3,ropa,25.47,2025-03-07
7199,193,3,electronica,845.25,2025-01-26
7200,500,3,hogar,75.54,2025-02-20
7201,26,3,mercado,30.09,2025-12-12
7202,242,3,libros,52.62,2025-09-21
7203,69,2,deportes,37.69,2025-08-24
7204,650,1,hogar,30.88,2025-12-14
7205,224,1,libros,54.59,2025-08-25
7206,334,2,ropa,30.89,2025-12-01
7207,385,3,ropa,22.59,2025-03-14
7208,12,2,hogar,120.33,2025-12-28
7209,791,2,juguetes,52.95,2025-10-03
7210,111,3,hogar,46.11,2025-11-14
7211,599,1,juguetes,100.74,2025-09-21
7212,151,2,electronica,509.29,2025-09-27
7213,62,2,electronica,36.12,2025-09-16
7214,571,7,mercado,124.78,2025-06-09
7215,416,1,mercado,8.2,2025-10-28
7216,426,1,ropa,254.46,2025-11-10
7217,483,1,mercado,113.71,2025-06-19
7218,4,2,ropa,102.8,2025-11-09
7219,251,3,hogar,226.25,2025-04-16
7220,84,3,electronica,120.45,2025-08-21
7221,374,1,deportes,151.1,2025-05-08
7222,619,2,electronica,97.06,2025-11-09
7223,62,7,ropa,38.94,2025-08-22
7224,379,2,deportes,103.54,2025-02-25
7225,139,3,mercado,21.39,2025-01-25
7226,182,1,deportes,34.97,2025-09-25
7227,251,1,deportes,324.74,2025-02-08
7228,527,2,electronica,423.95,2025-06-17
7229,60,2,hogar,273.0,2025-11-10
7230,681,1,electronica,551.29,2025-08-16
7231,216,2,ropa,277.37,2025-06-06
7232,312,3,ropa,158.05,2025-05-17
7233,487,2,electronica,199.27,2025-11-05
7234,791,2,ropa,64.28,2025-08-11
7235,615,2,electronica,190.1,2025-01-04
7236,571,3,ropa,99.01,2025-09-25
7237,101,1,electronica,578.25,2025-01-19
7238,339,3,libros,5.88,2025-12-24
7239,98,3,ropa,124.45,2025-09-20
7240,315,3,ropa,211.46,2025-03-19
7241,258,1,deportes,24.51,2025-09-18
7242,138,2,mercado,43.8,2025-05-08
7243,15,1,ropa,8.17,2025-11-03
7244,421,2,electronica,90.24,2025-04-06
7245,679,1,hogar,113.69,2025-02-17
7246,594,2,mercado,39.76,2025-04-20
7247,46,1,libros,137.37,2025-03-24
7248,616,6,mercado,7.54,2025-04-08
7249,55,2,mercado,187.37,2025-02-19
7250,564,2,deportes,211.32,2025-05-25
7251,33,2,hogar,52.7,2025-09-10
7252,219,4,ropa,155.39,2025-10-01
7253,186,3,electronica,14.81,2025-05-15
7254,608,2,electronica,845.05,2025-08-06
7255,363,3,electronica,107.09,2025-09-15
7256,402,1,electronica,314.56,2025-10-23
7257,445,1,ropa,42.72,2025-02-09
7258,428,3,ropa,15.78,2025-10-03
7259,543,1,juguetes,130.59,2025-03-25
7260,248,2,electronica,52.26,2025-11-04
7261,452,6,hogar,14.25,2025-05-28
7262,215,2,hogar,17.07,2025-03-21
7263,704,6,electronica,68.48,2025-09-02
7264,36,2,electronica,417.46,2025-10-01
7265,465,6,electronica,602.99,2025-08-13
7266,669,3,electronica,303.12,2025-02-27
7267,141,1,juguetes,49.64,2025-01-08
7268,89,1,ropa,27.65,2025-07-02
7269,69,4,mercado,48.76,2025-09-05
7270,287,3,electronica,458.86,2025-12-24
7271,89,5,libros,87.05,2025-03-03
7272,436,6,ropa,132.79,2025-03-03
7273,691,2,deportes,13.44,2025-12-15
7274,277,1,electronica,992.79,2025-05-10
7275,431,2,electronica,11.8,2025-02-26
7276,424,3,ropa,37.86,2025-12-23
7277,321,4,libros,14.68,2025-10-21
7278,80,3,ropa,222.85,2025-10-21
7279,725,1,mercado,9.08,2025-08-09
7280,177,2,mercado,16.87,2025-06-14
7281,619,2,mercado,52.25,2025-07-16
7282,350,3,juguetes,48.68,2025-12-06
7283,744,1,ropa,6.45,2025-11-15
7284,625,2,libros,22.75,2025-04-02
7285,299,5,hogar,42.9,2025-06-11
7286,324,4,ropa,316.92,2025-01-26
7287,278,2,ropa,56.19,2025-06-05
7288,594,2,ropa,40.56,2025-05-07
7289,636,2,ropa,83.22,2025-07-21
7290,256,2,ropa,89.28,2025-10-11
7291,491,4,libros,6.25,2025-03-27
7292,230,1,ropa,277.26,2025-05-19
7293,261,7,deportes,61.17,2025-11-15
7294,118,4,mercado,34.2,2025-04-09
7295,491,1,libros,87.86,2025-09-01
7296,51,2,electronica,446.87,2025-03-25
7297,334,1,electronica,914.66,2025-11-13
7298,218,1,electronica,650.97,2025-05-21
7299,470,2,mercado,54.15,2025-04-01
7300,714,5,ropa,112.57,2025-08-02
7301,603,1,mercado,85.0,2025-07-19
7302,623,2,hogar,202.12,2025-02-02
7303,458,1,ropa,117.94,2025-11-15
7304,81,3,ropa,215.13,2025-03-18
7305,644,6,electronica,42.38,2025-03-10
7306,480,2,ropa,10.3,2025-05-15
7307,221,3,juguetes,12.38,2025-02-05
7308,57,3,libros,111.18,2025-04-14
7309,141,6,mercado,91.85,2025-12-12
7310,57,2,libros,9.02,2025-06-08
7311,571,1,electronica,181.27,2025-01-20
7312,495,2,hogar,10.78,2025-12-04
7313,435,2,ropa,6.46,2025-10-20
7314,216,2,electronica,394.89,2025-05-18
7315,604,2,electronica,743.67,2025-10-28
7316,469,3,ropa,120.35,2025-09-26
7317,381,3,mercado,165.86,2025-06-01
7318,703,1,ropa,58.28,2025-04-22
7319,475,6,electronica,384.06,2025-12-17
7320,66,4,mercado,29.01,2025-02-27
7321,24,2,mercado,107.35,2025-11-24
7322,631,2,electronica,297.63,2025-08-08
7323,171,1,ropa,10.84,2025-01-17
7324,743,2,hogar,207.56,2025-08-26
7325,193,1,mercado,66.73,2025-05-06
7326,382,2,ropa,38.03,2025-12-28
7327,476,2,electronica,237.85,2025-07-16
7328,248,2,deportes,43.48,2025-11-11
7329,414,1,electronica,303.68,2025-03-01
7330,32,2,electronica,71.32,2025-10-08
7331,702,4,hogar,9.95,2025-02-14
7332,434,3,electronica,1273.75,2025-04-24
7333,297,2,hogar,35.65,2025-02-03
7334,154,7,libros,39.69,2025-04-16
7335,316,2,electronica,135.08,2025-06-09
7336,92,2,mercado,109.82,2025-03-28
7337,685,3,hogar,132.49,2025-06-15
7338,608,2,mercado,124.07,2025-03-13
7339,207,1,mercado,145.34,2025-04-01
7340,519,2,ropa,551.24,2025-08-12
7341,522,5,electronica,93.84,2025-04-28
7342,239,6,hogar,138.45,2025-09-18
7343,712,2,electronica,312.99,2025-11-27
7344,42,5,electronica,45.82,2025-04-22
7345,279,2,mercado,12.26,2025-04-23
7346,539,1,electronica,45.8,2025-02-20
7347,233,2,mercado,167.08,2025-07-25
7348,232,4,libros,45.64,2025-10-04
7349,104,4,electronica,403.77,2025-01-01
7350,793,1,ropa,17.31,2025-01-25
7351,599,1,electronica,108.58,2025-11-17
7352,617,1,mercado,34.59,2025-03-23
7353,291,2,mercado,69.84,2025-06-17
7354,81,5,ropa,53.0,2025-03-25
7355,565,2,deportes,44.64,2025-01-27
7356,194,2,mercado,90.81,2025-06-15
7357,545,1,libros,26.98,2025-08-09
7358,538,2,mercado,17.81,2025-04-22
7359,772,1,libros,43.27,2025-10-02
7360,388,3,deportes,101.03,2025-12-10
7361,84,2,deportes,31.03,2025-06-14
7362,611,3,libros,42.65,2025-04-21
7363,179,7,juguetes,64.22,2025-09-04
7364,89,2,electronica,265.98,2025-11-28
7365,50,3,electronica,184.89,2025-01-18
7366,100,3,mercado,28.55,2025-12-20
7367,548,2,deportes,146.87,2025-12-20
7368,14,2,electronica,18.36,2025-08-03
7369,737,3,libros,84.21,2025-06-12
7370,116,2,ropa,33.19,2025-03-25
7371,156,2,mercado,33.26,2025-12-27
7372,519,3,hogar,28.12,2025-09-22
7373,544,3,hogar,41.74,2025-09-06
7374,130,3,electronica,673.57,2025-02-02
7375,294,6,deportes,74.93,2025-04-16
7376,479,2,libros,22.95,2025-08-25
7377,536,1,ropa,58.47,2025-06-18
7378,436,2,ropa,38.36,2025-05-26
7379,272,1,hogar,83.19,2025-02-08
7380,494,1,electronica,75.24,2025-10-10
7381,12,1,ropa,11.15,2025-05-12
7382,673,3,ropa,11.03,2025-06-22
7383,77,5,ropa,137.28,2025-04-12
7384,562,1,ropa,134.81,2025-06-19
7385,532,4,hogar,118.46,2025-06-27
7386,484,1,juguetes,26.25,2025-09-01
7387,48,3,ropa,12.86,2025-12-05
7388,696,1,electronica,304.2,2025-10-17
7389,566,2,electronica,141.17,2025-01-21
7390,222,2,mercado,59.89,2025-01-11
7391,433,1,juguetes,11.49,2025-08-28
7392,243,2,mercado,35.1,2025-02-26
7393,340,2,mercado,30.7,2025-04-06
7394,159,7,hogar,55.63,2025-08-17
7395,48,3,hogar,69.92,2025-08-25
7396,384,4,hogar,7.49,2025-12-01
7397,699,3,ropa,6.81,2025-06-28
7398,430,2,ropa,27.95,2025-06-12
7399,436,5,mercado,104.09,2025-10-17
7400,60,2,ropa,87.63,2025-11-13
7401,599,4,electronica,304.66,2025-12-19
7402,197,2,libros,29.16,2025-10-20
7403,485,2,libros,36.4,2025-05-25
7404,510,3,deportes,456.29,2025-04-22
7405,284,2,mercado,103.23,2025-08-18
7406,282,4,mercado,11.0,2025-02-17
7407,763,1,ropa,19.15,2025-11-19
7408,429,4,ropa,181.96,2025-10-17
7409,209,2,electronica,372.81,2025-09-09
7410,336,2,ropa,136.81,2025-09-11
7411,483,3,hogar,78.71,2025-04-07
7412,452,1,hogar,147.35,2025-09-28
7413,135,1,electronica,79.91,2025-03-15
7414,628,5,mercado,66.67,2025-11-12
7415,69,1,electronica,615.36,2025-12-27
7416,554,1,mercado,18.72,2025-03-22
7417,598,2,electronica,531.77,2025-12-04
7418,766,4,mercado,12.19,2025-01-05
7419,766,1,juguetes,192.47,2025-07-07
7420,178,1,electronica,172.96,2025-09-15
7421,183,1,ropa,59.09,2025-03-25
7422,707,3,ropa,58.54,2025-06-10
7423,613,3,mercado,45.48,2025-03-07
7424,72,2,ropa,65.54,2025-11-10
7425,12,1,mercado,14.41,2025-07-15
7426,663,2,mercado,10.37,2025-09-14
7427,752,2,mercado,62.15,2025-09-19
7428,193,2,mercado,57.06,2025-06-07
7429,728,4,mercado,46.46,2025-04-02
7430,441,2,mercado,178.38,2025-02-09
7431,627,7,mercado,30.27,2025-12-21
7432,376,1,electronica,1485.17,2025-10-27
7433,531,1,hogar,24.16,2025-10-11
7434,747,1,mercado,82.64,2025-01-14
7435,792,2,electronica,397.72,2025-09-21
7436,273,2,hogar,115.82,2025-09-22
7437,229,2,electronica,60.3,2025-06-12
7438,144,5,libros,18.04,2025-03-11
7439,416,5,electronica,311.76,2025-05-16
7440,788,1,mercado,11.75,2025-10-22
7441,516,6,ropa,8.92,2025-02-11
7442,513,2,mercado,6.5,2025-06-18
7443,203,2,ropa,43.81,2025-12-23
7444,281,2,electronica,237.35,2025-05-18
7445,728,1,ropa,19.47,2025-09-04
7446,127,1,deportes,20.72,2025-10-21
7447,200,1,hogar,265.47,2025-05-03
7448,298,2,electronica,67.65,2025-12-16
7449,372,1,electronica,69.59,2025-01-16
7450,321,1,electronica,64.82,2025-02-11
7451,552,6,hogar,224.53,2025-12-18
7452,661,5,electronica,290.5,2025-06-28
7453,516,1,deportes,232.9,2025-02-05
7454,234,2,deportes,17.38,2025-10-22
7455,474,1,ropa,131.91,2025-09-21
7456,314,2,hogar,22.19,2025-06-21
7457,128,2,ropa,104.97,2025-06-10
7458,574,1,hogar,130.01,2025-04-24
7459,111,2,mercado,59.63,2025-06-27
7460,791,2,ropa,15.58,2025-09-23
7461,339,2,ropa,262.29,2025-03-11
7462,698,2,mercado,7.6,2025-09-16
7463,195,2,hogar,75.91,2025-10-09
7464,730,3,ropa,35.88,2025-03-19
7465,523,6,ropa,34.04,2025-05-09
7466,509,1,ropa,36.07,2025-08-14
7467,312,1,mercado,132.72,2025-04-09
7468,105,1,deportes,210.38,2025-07-26
7469,478,7,ropa,91.72,2025-01-12
7470,500,3,hogar,83.95,2025-10-06
7471,347,2,mercado,10.6,2025-09-13
7472,618,2,deportes,194.87,2025-06-02
7473,772,7,mercado,120.28,2025-12-09
7474,503,2,juguetes,8.57,2025-10-02
7475,478,4,ropa,22.51,2025-07-01
7476,240,4,hogar,33.67,2025-07-03
7477,794,2,mercado,48.28,2025-01-26
7478,509,2,electronica,147.48,2025-10-19
7479,152,2,mercado,11.11,2025-06-12
7480,152,1,electronica,129.03,2025-06-14
7481,189,1,libros,90.62,2025-11-13
7482,360,2,mercado,33.14,2025-02-20
7483,21,2,mercado,43.93,2025-01-27
7484,321,3,mercado,18.86,2025-07-23
7485,650,2,libros,256.63,2025-11-28
7486,584,1,electronica,115.58,2025-04-15
7487,235,1,mercado,94.45,2025-07-07
7488,562,3,mercado,46.57,2025-08-13
7489,154,3,hogar,451.98,2025-01-02
7490,1,1,mercado,29.73,2025-02-06
7491,180,2,libros,7.6,2025-10-18
7492,749,2,mercado,24.32,2025-01-02
7493,528,2,electronica,217.2,2025-09-06
7494,133,2,ropa,22.5,2025-06-24
7495,416,2,hogar,430.7,2025-07-16
7496,210,2,electronica,350.95,2025-03-12
7497,63,5,ropa,26.0,2025-12-24
7498,315,4,ropa,11.67,2025-03-02
7499,96,1,deportes,52.07,2025-09-03
7500,274,2,libros,7.34,2025-04-28
7501,23,1,electronica,476.38,2025-01-01
7502,502,1,hogar,185.38,2025-01-17
7503,76,1,electronica,69.4,2025-10-03
7504,634,4,electronica,236.0,2025-06-07
7505,771,5,ropa,99.3,2025-11-15
7506,394,2,ropa,25.26,2025-07-05
7507,655,2,electronica,797.21,2025-08-07
7508,484,2,electronica,206.04,2025-07-09
7509,190,3,electronica,1103.2,2025-06-05
7510,63,3,ropa,41.83,2025-12-03
7511,407,1,ropa,109.97,2025-04-27
7512,500,1,mercado,217.39,2025-05-09
7513,522,3,libros,13.25,2025-07-26
7514,695,3,ropa,72.31,2025-11-25
7515,471,2,ropa,78.77,2025-05-23
7516,563,6,mercado,46.2,2025-05-09
7517,127,1,electronica,660.75,2025-07-26
7518,717,1,hogar,25.21,2025-02-13
7519,534,2,electronica,9.35,2025-09-12
7520,382,2,ropa,29.28,2025-03-06
7521,3,3,hogar,19.15,2025-12-28
7522,141,2,ropa,111.29,2025-09-20
7523,143,2,ropa,165.59,2025-08-05
7524,614,2,mercado,177.96,2025-08-21
7525,716,2,ropa,225.66,2025-09-18
7526,116,2,hogar,129.4,2025-12-10
7527,87,1,mercado,8.38,2025-09-06
7528,369,1,mercado,81.5,2025-04-07
7529,131,2,ropa,24.44,2025-04-25
7530,396,2,hogar,59.54,2025-07-23
7531,9,3,hogar,99.94,2025-02-01
7532,724,2,hogar,68.82,2025-02-11
7533,228,3,mercado,57.24,2025-04-11
7534,86,3,libros,146.56,2025-10-12
7535,102,1,electronica,900.15,2025-08-03
7536,328,7,ropa,28.48,2025-03-09
7537,224,2,mercado,22.92,2025-02-05
7538,208,6,electronica,209.84,2025-12-20
7539,428,2,deportes,133.56,2025-04-15
7540,249,5,deportes,17.12,2025-12-20
7541,3,2,mercado,34.73,2025-11-07
7542,168,2,ropa,62.15,2025-07-06
7543,328,2,ropa,52.21,2025-09-22
7544,148,2,ropa,15.51,2025-10-25
7545,538,2,hogar,7.6,2025-12-26
7546,150,3,mercado,97.48,2025-03-19
7547,40,2,ropa,74.53,2025-06-20
7548,686,2,mercado,30.18,2025-10-12
7549,738,3,ropa,5.14,2025-07-04
7550,357,1,electronica,67.52,2025-02-03
7551,223,1,mercado,13.01,2025-10-08
7552,700,2,electronica,426.88,2025-10-08
7553,408,1,ropa,102.75,2025-03-13
7554,67,2,deportes,207.92,2025-02-21
7555,738,2,ropa,62.33,2025-10-09
7556,771,3,libros,30.95,2025-01-19
7557,33,2,libros,50.05,2025-02-06
7558,196,2,electronica,833.44,2025-04-27
7559,531,2,deportes,76.04,2025-09-02
7560,767,2,hogar,214.11,2025-04-28
7561,655,3,ropa,8.9,2025-11-05
7562,175,2,libros,34.43,2025-08-28
7563,201,2,hogar,150.39,2025-11-06
7564,256,4,deportes,52.41,2025-12-18
7565,148,1,electronica,125.76,2025-07-03
7566,644,2,ropa,5.1,2025-08-09
7567,333,2,ropa,188.59,2025-05-25
7568,778,2,mercado,15.87,2025-01-04
7569,312,2,deportes,28.16,2025-03-12
7570,301,1,mercado,79.27,2025-01-06
7571,755,3,hogar,33.03,2025-06-20
7572,185,5,deportes,99.97,2025-03-04
7573,771,1,hogar,769.28,2025-12-14
7574,264,2,electronica,103.1,2025-01-01
7575,595,1,electronica,109.0,2025-10-27
7576,378,3,hogar,380.11,2025-08-12
7577,184,1,electronica,773.05,2025-03-03
7578,77,2,juguetes,23.81,2025-03-07
7579,643,5,deportes,5.91,2025-01-12
7580,191,1,mercado,38.03,2025-03-16
7581,608,2,deportes,142.69,2025-11-08
7582,113,2,mercado,65.73,2025-03-12
7583,579,2,hogar,30.35,2025-07-23
7584,454,1,libros,17.89,2025-12-20
7585,414,1,hogar,45.48,2025-10-01
7586,399,3,hogar,210.6,2025-11-09
7587,577,1,mercado,162.36,2025-08-18
7588,514,2,ropa,53.62,2025-10-14
7589,41,1,ropa,90.09,2025-06-09
7590,792,1,hogar,20.41,2025-11-26
7591,412,2,libros,9.92,2025-02-23
7592,709,1,mercado,90.31,2025-07-21
7593,786,1,ropa,24.83,2025-07-21
7594,370,4,deportes,28.13,2025-03-22
7595,711,1,juguetes,30.79,2025-05-07
7596,477,1,electronica,216.13,2025-10-17
7597,552,2,deportes,67.01,2025-08-01
7598,299,2,electronica,345.73,2025-12-21
7599,11,5,electronica,80.2,2025-08-06
7600,17,4,hogar,30.42,2025-08-09
7601,675,1,electronica,32.06,2025-10-17
7602,765,2,ropa,13.37,2025-07-04
7603,406,2,deportes,31.73,2025-01-13
7604,517,1,deportes,342.79,2025-01-05
7605,391,1,deportes,109.89,2025-10-06
7606,409,2,deportes,30.8,2025-02-17
7607,3,2,hogar,34.6,2025-05-25
7608,544,3,mercado,71.7,2025-08-27
7609,711,2,ropa,137.69,2025-06-18
7610,458,3,electronica,26.9,2025-04-18
7611,526,1,juguetes,7.04,2025-07-11
7612,410,2,hogar,125.74,2025-12-26
7613,435,2,ropa,305.37,2025-10-22
7614,228,7,ropa,46.05,2025-09-23
7615,29,2,juguetes,22.69,2025-06-16
7616,136,1,electronica,178.37,2025-04-26
7617,530,4,libros,39.18,2025-04-26
7618,610,6,libros,38.11,2025-08-02
7619,214,2,electronica,555.26,2025-10-07
7620,347,5,hogar,349.85,2025-03-20
7621,135,3,electronica,964.59,2025-01-08
7622,236,1,deportes,275.21,2025-12-19
7623,70,1,deportes,48.69,2025-02-12
7624,497,2,libros,10.77,2025-11-07
7625,266,2,ropa,50.19,2025-07-04
7626,351,1,hogar,18.85,2025-02-07
7627,458,1,mercado,117.49,2025-04-24
7628,388,1,mercado,42.13,2025-11-19
7629,192,1,mercado,13.44,2025-08-23
7630,530,2,ropa,133.0,2025-11-09
7631,745,2,deportes,141.37,2025-06-13
7632,484,2,electronica,1011.9,2025-02-26
7633,782,4,deportes,347.85,2025-01-20
7634,633,1,mercado,58.62,2025-03-17
7635,541,1,hogar,275.54,2025-12-21
7636,337,2,mercado,8.39,2025-06-03
7637,502,1,juguetes,29.2,2025-01-16
7638,437,3,electronica,773.49,2025-05-22
7639,208,4,hogar,85.82,2025-02-16
7640,155,3,hogar,369.7,2025-06-20
7641,180,3,ropa,203.97,2025-11-22
7642,102,1,mercado,8.78,2025-06-18
7643,384,1,juguetes,8.69,2025-01-28
7644,537,3,hogar,334.77,2025-02-17
7645,474,3,juguetes,14.21,2025-05-20
7646,745,2,deportes,257.23,2025-02-27
7647,489,5,electronica,476.81,2025-06-22
7648,648,2,electronica,60.09,2025-02-28
7649,419,3,ropa,101.0,2025-06-23
7650,219,1,electronica,311.84,2025-03-09
7651,17,1,hogar,128.16,2025-11-21
7652,350,2,ropa,116.3,2025-10-20
7653,370,1,ropa,78.86,2025-10-10
7654,592,2,electronica,221.82,2025-02-28
7655,173,3,electronica,175.44,2025-01-15
7656,123,2,electronica,107.35,2025-10-11
7657,679,4,hogar,10.93,2025-12-15
7658,572,2,mercado,20.11,2025-09-18
7659,748,1,electronica,117.62,2025-09-05
7660,688,2,deportes,92.79,2025-04-13
7661,591,6,ropa,106.63,2025-05-03
7662,449,2,juguetes,39.59,2025-05-28
7663,750,4,libros,5.02,2025-11-20
7664,648,1,hogar,132.78,2025-01-27
7665,362,2,deportes,256.69,2025-03-27
7666,502,2,deportes,268.8,2025-10-22
7667,297,2,libros,106.52,2025-07-12
7668,730,2,ropa,35.4,2025-01-24
7669,15,4,hogar,218.32,2025-03-24
7670,246,3,ropa,206.55,2025-03-02
7671,379,1,juguetes,24.44,2025-04-19
7672,679,2,juguetes,19.06,2025-08-28
7673,444,1,electronica,338.35,2025-09-02
7674,656,4,hogar,41.79,2025-07-09
7675,685,2,ropa,55.29,2025-11-15
7676,131,1,juguetes,30.57,2025-11-12
7677,116,1,hogar,71.45,2025-02-09
7678,325,1,deportes,13.07,2025-07-14
7679,295,3,ropa,59.93,2025-01-15
7680,135,2,electronica,52.53,2025-08-09
7681,639,1,mercado,34.1,2025-08-16
7682,66,1,juguetes,81.38,2025-04-27
7683,373,1,electronica,131.73,2025-06-18
7684,64,2,electronica,122.76,2025-02-21
7685,407,1,electronica,167.94,2025-02-03
7686,762,7,electronica,60.28,2025-04-03
7687,154,2,electronica,114.62,2025-09-18
7688,532,3,hogar,243.42,2025-01-23
7689,363,2,hogar,204.51,2025-09-05
7690,598,1,electronica,631.68,2025-01-04
7691,735,3,deportes,26.5,2025-02-23
7692,126,2,mercado,12.24,2025-06-01
7693,426,2,electronica,200.21,2025-06-15
7694,467,2,mercado,64.17,2025-08-03
7695,144,1,electronica,988.89,2025-03-03
7696,288,1,mercado,95.94,2025-10-09
7697,564,5,electronica,65.08,2025-06-09
7698,712,3,electronica,390.29,2025-09-28
7699,487,1,mercado,227.79,2025-12-03
7700,446,2,hogar,67.1,2025-03-02
7701,340,1,hogar,265.01,2025-12-01
7702,202,1,electronica,965.68,2025-03-26
7703,448,4,mercado,158.86,2025-03-02
7704,301,1,libros,56.5,2025-02-07
7705,504,5,ropa,173.67,2025-03-10
7706,612,1,libros,24.93,2025-12-10
7707,66,4,mercado,10.14,2025-08-15
7708,108,4,electronica,209.8,2025-03-10
7709,720,2,ropa,6.02,2025-09-20
7710,344,1,deportes,260.81,2025-08-12
7711,793,2,juguetes,90.62,2025-04-11
7712,621,3,mercado,8.05,2025-08-08
7713,301,4,mercado,16.83,2025-12-04
7714,306,3,ropa,98.58,2025-07-10
7715,10,4,mercado,92.54,2025-09-06
7716,165,1,ropa,13.94,2025-06-23
7717,151,1,mercado,37.12,2025-10-12
7718,160,4,hogar,118.66,2025-10-13
7719,664,1,ropa,83.21,2025-07-12
7720,777,1,electronica,293.59,2025-07-03
7721,586,3,electronica,301.64,2025-03-03
7722,728,1,hogar,222.53,2025-07-14
7723,644,2,hogar,42.0,2025-12-22
7724,755,2,ropa,50.25,2025-02-27
7725,4,3,juguetes,109.52,2025-11-07
7726,422,2,mercado,13.57,2025-01-03
7727,443,3,deportes,18.34,2025-09-03
7728,183,4,hogar,496.87,2025-12-04
7729,734,5,hogar,206.93,2025-11-06
7730,258,3,electronica,276.22,2025-03-22
7731,33,1,mercado,56.32,2025-05-17
7732,642,1,mercado,41.96,2025-09-14
7733,109,3,electronica,249.73,2025-01-02
7734,649,4,electronica,278.78,2025-10-26
7735,96,5,electronica,1081.98,2025-06-11
7736,426,1,hogar,42.41,2025-05-09
7737,318,7,mercado,62.7,2025-11-20
7738,641,1,electronica,655.54,2025-02-04
7739,539,3,mercado,57.04,2025-10-26
7740,254,2,deportes,240.47,2025-11-22
7741,192,1,mercado,37.43,2025-06-10
7742,626,1,ropa,44.93,2025-09-17
7743,72,2,electronica,809.31,2025-06-02
7744,381,3,juguetes,19.38,2025-12-21
7745,49,2,hogar,7.0,2025-06-11
7746,489,3,electronica,22.28,2025-04-06
7747,771,2,deportes,28.9,2025-06-28
7748,653,2,electronica,115.9,2025-07-10
7749,239,4,mercado,148.11,2025-07-24
7750,187,2,mercado,32.72,2025-11-28
7751,672,1,ropa,71.21,2025-12-01
7752,2,1,ropa,11.86,2025-07-26
7753,133,1,electronica,607.16,2025-05-20
7754,336,4,electronica,243.44,2025-09-01
7755,82,1,electronica,211.62,2025-05-06
7756,659,1,ropa,9.07,2025-05-28
7757,746,2,electronica,497.64,2025-04-13
7758,242,2,hogar,66.85,2025-06-09
7759,186,1,electronica,1068.48,2025-03-21
7760,16,2,hogar,33.47,2025-06-07
7761,533,1,deportes,47.87,2025-04-01
7762,743,3,hogar,185.56,2025-09-01
7763,512,1,mercado,19.69,2025-05-28
7764,302,2,electronica,346.11,2025-07-08
7765,717,2,libros,9.7,2025-05-06
7766,377,3,mercado,61.73,2025-04-14
7767,454,2,deportes,24.56,2025-06-07
7768,351,7,ropa,26.94,2025-10-04
7769,176,2,juguetes,25.84,2025-06-06
7770,236,3,deportes,67.72,2025-08-09
7771,601,2,deportes,68.17,2025-11-26
7772,163,3,libros,13.62,2025-02-16
7773,13,2,hogar,881.35,2025-07-07
7774,799,2,mercado,37.74,2025-12-12
7775,635,4,hogar,139.05,2025-08-24
7776,129,4,hogar,202.84,2025-11-08
7777,663,4,mercado,114.43,2025-12-08
7778,413,1,mercado,35.56,2025-06-16
7779,720,1,hogar,68.01,2025-08-20
7780,620,6,mercado,64.39,2025-02-28
7781,603,3,hogar,79.14,2025-08-18
7782,577,6,hogar,152.91,2025-02-13
7783,133,2,hogar,61.07,2025-05-27
7784,219,1,ropa,228.4,2025-02-04
7785,645,2,ropa,79.24,2025-06-09
7786,603,2,deportes,178.35,2025-09-16
7787,630,2,deportes,112.61,2025-07-20
7788,321,3,electronica,226.91,2025-09-09
7789,202,5,ropa,88.24,2025-09-23
7790,117,5,ropa,34.19,2025-01-19
7791,591,7,mercado,74.17,2025-12-09
7792,220,1,deportes,56.34,2025-09-09
7793,299,3,electronica,410.69,2025-10-22
7794,732,1,electronica,498.97,2025-10-19
7795,720,1,ropa,265.87,2025-12-11
7796,760,2,deportes,327.54,2025-09-25
7797,236,4,mercado,104.11,2025-07-25
7798,192,4,juguetes,7.07,2025-05-03
7799,100,2,mercado,15.97,2025-03-07
7800,710,3,hogar,276.03,2025-06-12
7801,72,1,electronica,536.54,2025-04-14
7802,124,3,ropa,6.24,2025-08-12
7803,95,2,hogar,12.5,2025-09-07
7804,702,3,juguetes,20.71,2025-10-25
7805,347,7,electronica,301.76,2025-05-14
7806,776,2,mercado,58.54,2025-10-19
7807,551,3,electronica,631.15,2025-07-28
7808,32,2,juguetes,30.69,2025-08-25
7809,550,2,libros,43.64,2025-03-11
7810,196,4,ropa,137.6,2025-12-27
7811,6,2,electronica,359.76,2025-01-22
7812,473,2,deportes,202.06,2025-08-08
7813,66,1,ropa,20.79,2025-04-26
7814,152,2,hogar,70.89,2025-03-16
7815,233,4,hogar,157.58,2025-11-10
7816,83,2,mercado,75.15,2025-06-19
7817,590,1,juguetes,63.8,2025-05-04
7818,614,2,deportes,5.77,2025-03-24
7819,177,6,ropa,52.95,2025-03-08
7820,693,1,mercado,120.33,2025-01-03
7821,596,1,deportes,35.93,2025-01-09
7822,599,3,ropa,53.65,2025-10-01
7823,630,6,ropa,8.23,2025-07-07
7824,370,3,hogar,68.36,2025-04-15
7825,79,1,libros,88.66,2025-01-11
7826,326,6,ropa,97.93,2025-08-02
7827,560,3,electronica,73.13,2025-10-10
7828,457,3,libros,7.8,2025-04-06
7829,421,5,hogar,153.4,2025-05-27
7830,759,1,hogar,24.63,2025-09-25
7831,400,2,ropa,44.27,2025-08-06
7832,308,1,ropa,52.88,2025-08-14
7833,565,4,electronica,198.47,2025-09-14
7834,108,4,deportes,184.33,2025-01-05
7835,48,6,ropa,46.5,2025-05-04
7836,451,1,mercado,185.22,2025-04-19
7837,657,1,hogar,185.64,2025-01-10
7838,336,1,electronica,159.63,2025-03-12
7839,706,2,libros,62.97,2025-09-03
7840,513,2,electronica,607.32,2025-10-25
7841,686,1,mercado,44.67,2025-06-21
7842,556,2,electronica,157.85,2025-12-03
7843,6,7,hogar,19.69,2025-01-23
7844,53,1,libros,46.82,2025-01-18
7845,195,3,deportes,7.05,2025-02-08
7846,351,1,hogar,71.58,2025-08-28
7847,647,1,electronica,78.96,2025-05-03
7848,147,2,mercado,155.89,2025-05-10
7849,737,2,electronica,207.78,2025-02-23
7850,752,3,mercado,119.93,2025-12-16
7851,243,2,hogar,220.45,2025-03-25
7852,484,6,mercado,48.06,2025-09-24
7853,639,1,electronica,279.68,2025-09-01
7854,541,2,hogar,130.0,2025-06-06
7855,317,1,ropa,30.79,2025-06-21
7856,146,1,mercado,127.49,2025-08-16
7857,162,3,libros,123.99,2025-06-02
7858,585,6,deportes,90.82,2025-08-17
7859,490,1,libros,81.61,2025-08-21
7860,488,2,electronica,109.01,2025-10-14
7861,766,1,ropa,58.86,2025-09-28
7862,204,2,mercado,22.97,2025-09-19
7863,308,2,electronica,714.81,2025-11-01
7864,581,3,electronica,31.42,2025-07-09
7865,157,2,ropa,42.11,2025-08-01
7866,266,5,libros,9.58,2025-01-21
7867,169,3,deportes,94.41,2025-08-14
7868,627,1,ropa,161.87,2025-04-20
7869,249,7,mercado,160.0,2025-02-25
7870,634,2,electronica,646.58,2025-03-21
7871,48,1,electronica,100.94,2025-07-16
7872,579,1,ropa,74.77,2025-07-10
7873,298,1,electronica,502.06,2025-05-18
7874,478,2,mercado,43.6,2025-09-22
7875,245,1,juguetes,17.96,2025-05-23
7876,134,1,mercado,72.2,2025-05-01
7877,633,1,ropa,15.03,2025-11-02
7878,161,1,mercado,132.96,2025-11-26
7879,106,2,hogar,202.36,2025-05-06
7880,211,2,electronica,225.47,2025-08-25
7881,700,2,libros,7.66,2025-02-11
7882,193,1,electronica,399.85,2025-02-17
7883,123,2,ropa,8.62,2025-05-26
7884,717,2,hogar,240.59,2025-04-23
7885,350,1,juguetes,264.24,2025-02-13
7886,52,4,electronica,1379.66,2025-06-26
7887,694,2,juguetes,83.01,2025-08-10
7888,310,1,libros,29.31,2025-06-12
7889,186,3,libros,48.63,2025-12-14
7890,123,1,juguetes,55.61,2025-07-15
7891,144,2,deportes,51.46,2025-10-20
7892,757,2,juguetes,10.6,2025-02-13
7893,173,3,libros,12.28,2025-03-07
7894,413,5,electronica,854.86,2025-02-20
7895,86,2,mercado,129.4,2025-11-07
7896,575,4,ropa,12.99,2025-12-06
7897,798,4,electronica,183.73,2025-08-20
7898,42,3,electronica,614.86,2025-02-11
7899,743,3,ropa,32.23,2025-11-05
7900,561,2,electronica,15.92,2025-07-02
7901,336,4,hogar,33.45,2025-04-16
7902,592,2,deportes,47.86,2025-09-21
7903,697,6,ropa,155.54,2025-07-24
7904,678,2,hogar,187.93,2025-02-26
7905,161,3,hogar,17.59,2025-12-02
7906,589,3,deportes,68.97,2025-10-23
7907,153,2,ropa,48.16,2025-06-22
7908,217,5,libros,75.71,2025-09-04
7909,474,2,electronica,204.66,2025-09-19
7910,509,4,hogar,541.61,2025-04-19
7911,690,2,libros,20.48,2025-08-25
7912,664,2,electronica,452.98,2025-05-21
7913,193,2,libros,36.91,2025-09-11
7914,774,2,electronica,35.77,2025-01-02
7915,436,6,ropa,73.4,2025-09-07
7916,182,2,mercado,126.57,2025-04-03
7917,770,2,deportes,110.57,2025-11-02
7918,761,1,electronica,583.12,2025-10-06
7919,146,2,ropa,34.58,2025-05-01
7920,723,3,hogar,45.45,2025-09-01
7921,82,3,hogar,218.43,2025-10-13
7922,145,2,hogar,368.79,2025-02-12
7923,120,2,electronica,1084.25,2025-11-16
7924,422,6,deportes,82.8,2025-10-04
7925,211,5,ropa,7.66,2025-01-23
7926,628,2,deportes,347.52,2025-01-08
7927,660,1,mercado,103.13,2025-12-05
7928,646,5,juguetes,34.96,2025-07-22
7929,320,2,libros,25.97,2025-09-10
7930,442,2,juguetes,53.85,2025-06-19
7931,177,2,hogar,120.25,2025-08-22
7932,125,2,mercado,72.95,2025-11-10
7933,492,1,hogar,54.16,2025-06-24
7934,159,4,electronica,18.65,2025-12-28
7935,490,4,libros,29.07,2025-12-25
7936,37,1,libros,20.91,2025-03-25
7937,738,3,mercado,30.96,2025-08-14
7938,17,3,electronica,19.08,2025-04-19
7939,323,2,deportes,447.84,2025-01-07
7940,723,3,libros,128.15,2025-06-07
7941,364,3,mercado,32.1,2025-01-09
7942,114,2,mercado,21.72,2025-02-10
7943,92,1,electronica,201.96,2025-09-14
7944,10,6,electronica,1042.56,2025-08-07
7945,544,3,mercado,10.78,2025-06-07
7946,557,1,ropa,82.66,2025-08-19
7947,16,3,electronica,141.79,2025-04-01
7948,505,2,mercado,173.67,2025-01-15
7949,564,2,hogar,39.81,2025-01-07
7950,9,2,ropa,101.53,2025-10-02
7951,695,6,libros,25.45,2025-07-02
7952,642,2,ropa,84.85,2025-07-11
7953,132,1,mercado,31.31,2025-08-23
7954,26,2,ropa,23.85,2025-06-02
7955,641,2,deportes,133.55,2025-09-26
7956,628,1,libros,34.51,2025-11-22
7957,461,2,hogar,373.61,2025-05-18
7958,741,1,juguetes,33.29,2025-09-20
7959,312,1,hogar,586.98,2025-11-19
7960,63,3,mercado,207.86,2025-01-02
7961,311,1,electronica,392.74,2025-07-02
7962,603,1,hogar,120.71,2025-12-09
7963,7,1,hogar,102.88,2025-02-25
7964,468,4,electronica,120.33,2025-06-17
7965,275,3,electronica,360.07,2025-10-26
7966,656,1,mercado,41.5,2025-07-06
7967,419,3,electronica,38.79,2025-01-01
7968,553,1,hogar,50.52,2025-07-04
7969,700,2,libros,28.1,2025-12-13
7970,71,2,electronica,44.34,2025-10-20
7971,511,1,juguetes,50.0,2025-09-24
7972,447,2,ropa,11.15,2025-09-02
7973,480,1,deportes,101.15,2025-01-26
7974,401,1,mercado,121.19,2025-08-15
7975,566,7,mercado,29.84,2025-12-15
7976,549,1,libros,96.69,2025-06-24
7977,502,2,ropa,51.78,2025-08-07
7978,192,2,ropa,61.55,2025-11-16
7979,177,2,hogar,30.27,2025-05-21
7980,605,2,mercado,164.94,2025-12-12
7981,359,1,ropa,56.57,2025-09-05
7982,200,2,mercado,77.24,2025-04-06
7983,356,1,mercado,41.08,2025-04-06
7984,57,1,electronica,184.24,2025-12-18
7985,196,2,mercado,49.32,2025-09-14
7986,116,5,mercado,40.03,2025-08-05
7987,628,4,mercado,30.96,2025-03-21
7988,709,1,ropa,151.21,2025-05-08
7989,587,2,deportes,47.29,2025-09-18
7990,662,3,hogar,88.18,2025-05-16
7991,744,2,deportes,48.37,2025-09-12
7992,591,1,electronica,450.79,2025-06-25
7993,316,2,hogar,315.5,2025-11-06
7994,678,2,electronica,151.85,2025-06-22
7995,264,4,ropa,10.13,2025-06-08
7996,221,2,mercado,24.27,2025-08-13
7997,364,2,electronica,559.57,2025-06-27
7998,701,1,deportes,36.87,2025-03-22
7999,737,2,mercado,116.26,2025-09-12
8000,495,2,mercado,83.1,2025-03-11
8001,404,1,mercado,11.76,2025-05-28
8002,19,3,libros,23.53,2025-11-03
8003,658,2,mercado,117.29,2025-05-09
8004,8,7,ropa,32.13,2025-03-25
8005,248,1,hogar,78.72,2025-11-24
8006,94,2,ropa,43.27,2025-10-07
8007,486,2,ropa,82.53,2025-07-08
8008,305,2,ropa,39.93,2025-11-21
8009,570,1,electronica,237.25,2025-07-24
8010,714,2,deportes,72.55,2025-01-09
8011,244,1,ropa,96.33,2025-05-01
8012,609,1,electronica,198.23,2025-06-21
8013,241,2,ropa,42.64,2025-03-28
8014,204,1,mercado,160.58,2025-11-17
8015,144,2,ropa,132.77,2025-09-10
8016,754,2,deportes,22.09,2025-12-25
8017,382,1,hogar,7.25,2025-10-22
8018,154,1,deportes,7.43,2025-03-06
8019,99,1,electronica,22.94,2025-02-10
8020,15,1,libros,30.54,2025-11-09
8021,412,3,deportes,68.07,2025-03-05
8022,781,2,electronica,65.78,2025-04-09
8023,334,2,ropa,43.79,2025-08-27
8024,425,2,mercado,54.57,2025-10-20
8025,186,1,juguetes,86.17,2025-09-02
8026,264,2,mercado,33.79,2025-11-04
8027,94,3,mercado,63.67,2025-10-10
8028,726,1,libros,36.55,2025-11-25
8029,747,1,mercado,36.43,2025-05-15
8030,371,1,mercado,14.2,2025-06-03
8031,333,4,hogar,262.8,2025-09-03
8032,681,4,juguetes,119.67,2025-02-17
8033,82,2,hogar,146.52,2025-11-17
8034,146,2,mercado,58.53,2025-04-14
8035,426,2,libros,31.79,2025-01-10
8036,427,1,ropa,47.36,2025-11-11
8037,652,2,mercado,269.41,2025-07-13
8038,113,1,hogar,26.43,2025-01-03
8039,260,2,ropa,165.16,2025-08-05
8040,118,1,electronica,410.66,2025-02-06
8041,88,2,electronica,264.97,2025-04-05
8042,685,2,hogar,52.12,2025-06-01
8043,358,4,ropa,36.71,2025-02-10
8044,650,3,deportes,129.91,2025-04-28
8045,481,5,hogar,319.93,2025-04-24
8046,166,2,juguetes,14.95,2025-12-19
8047,101,2,deportes,86.49,2025-11-25
8048,666,4,libros,10.28,2025-08-03
8049,713,2,electronica,239.66,2025-01-06
8050,242,6,mercado,134.42,2025-08-14
8051,106,2,electronica,13.45,2025-10-19
8052,520,1,mercado,16.85,2025-07-07
8053,323,4,electronica,329.08,2025-12-08
8054,117,6,libros,18.41,2025-04-12
8055,75,2,ropa,38.9,2025-12-10
8056,100,2,electronica,468.42,2025-04-17
8057,42,3,hogar,46.74,2025-10-12
8058,260,2,electronica,108.9,2025-07-13
8059,600,2,libros,17.05,2025-11-17
8060,54,2,electronica,246.45,2025-02-01
8061,232,3,juguetes,37.0,2025-05-08
8062,122,3,electronica,8.14,2025-06-11
8063,496,1,mercado,80.32,2025-07-02
8064,414,1,libros,31.95,2025-07-06
8065,629,3,mercado,18.1,2025-02-23
8066,397,2,mercado,123.51,2025-05-09
8067,60,1,mercado,13.87,2025-02-19
8068,494,4,electronica,482.47,2025-08-10
8069,223,3,deportes,113.5,2025-01-01
8070,127,2,electronica,330.9,2025-05-19
8071,224,3,mercado,44.85,2025-01-12
8072,316,2,hogar,60.01,2025-08-10
8073,396,1,mercado,180.72,2025-10-03
8074,714,2,ropa,57.14,2025-04-08
8075,216,2,electronica,99.31,2025-02-21
8076,732,3,hogar,118.93,2025-11-05
8077,183,1,deportes,172.52,2025-08-18
8078,401,1,electronica,45.89,2025-06-01
8079,768,7,mercado,155.93,2025-04-10
8080,358,2,mercado,89.12,2025-08-26
8081,628,2,ropa,61.1,2025-05-01
8082,216,1,electronica,63.35,2025-11-21
8083,487,1,ropa,120.06,2025-02-08
8084,178,2,mercado,143.83,2025-08-26
8085,736,1,electronica,517.06,2025-11-06
8086,571,3,hogar,47.05,2025-12-24
8087,341,2,electronica,914.42,2025-07-08
8088,224,4,mercado,67.85,2025-11-09
8089,157,2,ropa,271.26,2025-10-20
8090,633,1,ropa,52.48,2025-04-05
8091,753,1,mercado,213.66,2025-12-26
8092,176,3,mercado,9.47,2025-01-14
8093,148,1,hogar,49.94,2025-02-26
8094,307,1,electronica,512.99,2025-07-23
8095,643,4,ropa,109.47,2025-09-21
8096,782,3,electronica,531.77,2025-03-03
8097,754,1,electronica,50.91,2025-05-14
8098,662,6,ropa,86.11,2025-01-05
8099,37,4,ropa,10.33,2025-12-21
8100,422,2,electronica,21.93,2025-03-25
8101,662,2,ropa,215.05,2025-11-12
8102,348,1,ropa,40.19,2025-07-16
8103,675,2,libros,88.12,2025-03-19
8104,442,2,electronica,387.74,2025-06-15
8105,533,6,electronica,314.33,2025-05-09
8106,455,2,mercado,64.5,2025-03-24
8107,532,2,electronica,21.72,2025-06-28
8108,165,5,electronica,47.69,2025-01-18
8109,273,2,libros,21.37,2025-02-09
8110,306,2,juguetes,43.44,2025-05-11
8111,290,3,juguetes,9.94,2025-12-15
8112,381,1,libros,16.38,2025-03-04
8113,25,3,electronica,755.68,2025-05-09
8114,262,3,electronica,87.94,2025-09-23
8115,14,4,deportes,314.81,2025-10-28
8116,33,3,ropa,333.56,2025-08-07
8117,509,2,hogar,172.72,2025-12-15
8118,394,2,ropa,83.14,2025-11-17
8119,541,1,hogar,253.3,2025-05-26
8120,403,3,ropa,342.42,2025-10-03
8121,116,2,ropa,45.01,2025-07-17
8122,94,4,deportes,46.71,2025-05-03
8123,276,3,mercado,177.54,2025-05-03
8124,233,1,hogar,76.93,2025-04-22
8125,163,1,mercado,19.04,2025-02-19
8126,609,3,deportes,84.82,2025-04-15
8127,466,3,electronica,87.65,2025-03-14
8128,531,2,ropa,44.17,2025-11-10
8129,66,3,juguetes,127.22,2025-12-14
8130,681,2,ropa,10.69,2025-08-26
8131,249,1,electronica,579.74,2025-10-02
8132,272,3,libros,94.9,2025-07-10
8133,244,2,mercado,54.64,2025-07-03
8134,754,1,mercado,39.39,2025-10-15
8135,458,2,ropa,121.48,2025-09-12
8136,43,1,electronica,461.73,2025-07-13
8137,207,3,mercado,120.91,2025-03-21
8138,260,2,hogar,12.11,2025-08-18
8139,577,6,mercado,25.97,2025-06-08
8140,35,2,mercado,53.78,2025-12-24
8141,620,7,electronica,41.57,2025-06-27
8142,743,2,hogar,203.95,2025-12-14
8143,425,4,electronica,463.29,2025-09-02
8144,241,2,electronica,36.8,2025-08-15
8145,464,2,libros,39.18,2025-08-15
8146,600,1,mercado,35.41,2025-01-15
8147,789,2,hogar,144.41,2025-11-19
8148,685,1,deportes,137.49,2025-01-23
8149,273,3,electronica,190.62,2025-07-24
8150,261,3,deportes,27.8,2025-09-18
8151,35,3,hogar,6.9,2025-02-18
8152,411,6,libros,24.12,2025-05-09
8153,94,3,deportes,126.71,2025-05-01
8154,223,5,mercado,52.31,2025-03-07
8155,245,4,ropa,14.09,2025-12-11
8156,415,2,juguetes,48.58,2025-02-15
8157,431,5,electronica,172.94,2025-12-02
8158,15,1,electronica,503.9,2025-02-18
8159,606,3,mercado,55.91,2025-12-27
8160,641,2,mercado,11.88,2025-07-08
8161,520,4,mercado,171.37,2025-12-16
8162,146,1,hogar,354.15,2025-04-08
8163,731,2,hogar,97.28,2025-04-20
8164,212,4,mercado,42.09,2025-08-21
8165,192,2,electronica,851.27,2025-02-11
8166,412,1,deportes,164.74,2025-04-24
8167,407,1,hogar,20.35,2025-06-01
8168,265,2,mercado,12.36,2025-08-09
8169,274,1,hogar,21.9,2025-12-10
8170,311,7,libros,34.68,2025-09-23
8171,658,3,mercado,23.73,2025-09-11
8172,300,4,deportes,11.4,2025-11-26
8173,141,5,hogar,161.18,2025-07-10
8174,663,1,juguetes,34.89,2025-03-24
8175,775,3,electronica,777.85,2025-07-10
8176,213,1,ropa,80.04,2025-01-10
8177,419,3,hogar,24.21,2025-07-25
8178,218,1,electronica,454.85,2025-04-23
8179,336,1,mercado,16.38,2025-05-10
8180,661,2,deportes,146.48,2025-04-28
8181,636,1,electronica,74.6,2025-06-01
8182,8,4,ropa,81.32,2025-07-01
8183,58,1,deportes,11.84,2025-11-02
8184,596,1,electronica,238.19,2025-04-02
8185,790,2,deportes,6.63,2025-12-14
8186,472,1,deportes,50.07,2025-06-01
8187,203,1,hogar,266.16,2025-08-07
8188,230,1,ropa,115.78,2025-07-19
8189,432,3,ropa,57.9,2025-12-05
8190,289,2,electronica,12.31,2025-04-10
8191,502,2,hogar,28.12,2025-02-24
8192,308,2,electronica,38.12,2025-07-11
8193,676,1,electronica,426.7,2025-06-10
8194,587,6,deportes,58.99,2025-02-27
8195,554,3,electronica,83.36,2025-02-08
8196,604,7,hogar,267.54,2025-08-21
8197,495,1,hogar,59.35,2025-05-17
8198,798,4,ropa,199.54,2025-04-02
8199,170,1,hogar,51.94,2025-08-18
8200,550,1,deportes,58.93,2025-05-15
8201,660,1,electronica,264.75,2025-01-01
8202,332,1,ropa,110.27,2025-04-02
8203,168,5,hogar,198.27,2025-09-06
8204,537,1,hogar,156.06,2025-12-20
8205,3,2,hogar,42.35,2025-10-16
8206,632,5,juguetes,36.27,2025-05-04
8207,317,1,mercado,20.23,2025-11-21
8208,199,2,ropa,292.0,2025-12-13
8209,760,2,deportes,229.06,2025-03-28
8210,378,2,deportes,632.54,2025-02-19
8211,275,1,mercado,9.37,2025-08-16
8212,445,2,mercado,118.05,2025-07-24
8213,735,1,mercado,17.35,2025-08-02
8214,535,7,mercado,129.25,2025-06-04
8215,549,1,juguetes,9.53,2025-09-19
8216,468,2,mercado,54.9,2025-08-14
8217,263,2,hogar,26.38,2025-02-27
8218,370,2,electronica,103.95,2025-09-28
8219,459,2,electronica,313.19,2025-09-06
8220,565,5,deportes,284.31,2025-06-22
8221,684,2,mercado,33.06,2025-07-16
8222,9,1,mercado,15.08,2025-09-07
8223,4,1,mercado,9.66,2025-05-28
8224,746,2,mercado,213.42,2025-04-24
8225,95,2,deportes,157.84,2025-12-07
8226,182,2,mercado,68.88,2025-11-12
8227,135,2,deportes,117.48,2025-02-08
8228,110,2,hogar,334.97,2025-12-12
8229,628,1,hogar,37.32,2025-07-13
8230,721,1,libros,62.08,2025-07-19
8231,756,3,deportes,47.27,2025-08-19
8232,364,2,electronica,617.86,2025-03-27
8233,756,4,mercado,55.23,2025-05-19
8234,139,2,electronica,423.38,2025-09-28
8235,499,1,electronica,114.68,2025-01-15
8236,762,1,libros,12.79,2025-05-19
8237,23,2,ropa,340.19,2025-05-16
8238,465,3,electronica,594.76,2025-06-12
8239,707,2,electronica,829.81,2025-09-14
8240,472,3,deportes,198.26,2025-05-06
8241,217,1,mercado,44.29,2025-01-25
8242,422,2,mercado,22.49,2025-12-05
8243,632,1,ropa,51.43,2025-11-16
8244,462,3,mercado,202.94,2025-06-17
8245,427,3,electronica,109.46,2025-11-21
8246,582,5,mercado,14.23,2025-09-17
8247,513,1,libros,32.39,2025-10-18
8248,126,1,deportes,57.15,2025-02-03
8249,686,1,ropa,51.92,2025-01-24
8250,647,2,ropa,78.0,2025-12-25
8251,721,1,electronica,212.83,2025-07-03
8252,533,2,electronica,291.26,2025-05-13
8253,653,2,electronica,384.82,2025-04-16
8254,540,2,mercado,55.07,2025-10-09
8255,653,2,electronica,179.38,2025-08-25
8256,464,2,deportes,9.88,2025-04-10
8257,777,1,ropa,30.17,2025-12-10
8258,452,5,mercado,33.79,2025-07-13
8259,56,3,deportes,295.44,2025-05-21
8260,240,1,mercado,22.39,2025-02-28
8261,493,2,electronica,502.68,2025-03-12
8262,260,2,electronica,319.95,2025-07-13
8263,204,2,juguetes,5.39,2025-01-14
8264,454,1,hogar,320.27,2025-05-20
8265,670,5,juguetes,42.59,2025-10-15
8266,512,4,electronica,390.73,2025-07-19
8267,127,5,electronica,682.76,2025-10-21
8268,789,1,libros,5.97,2025-10-11
8269,467,2,electronica,366.97,2025-06-02
8270,686,1,mercado,33.83,2025-12-28
8271,46,1,mercado,9.21,2025-01-18
8272,203,1,deportes,91.33,2025-09-11
8273,713,3,mercado,24.38,2025-06-11
8274,349,1,mercado,106.76,2025-09-07
8275,504,1,electronica,73.02,2025-04-15
8276,227,2,hogar,8.23,2025-09-09
8277,605,6,mercado,69.23,2025-01-20
8278,452,2,hogar,161.69,2025-11-13
8279,388,3,mercado,18.31,2025-01-15
8280,267,1,mercado,34.65,2025-05-13
8281,756,2,mercado,24.0,2025-11-10
8282,127,2,mercado,27.87,2025-06-23
8283,672,1,hogar,107.38,2025-03-01
8284,469,4,mercado,125.07,2025-06-24
8285,269,2,mercado,163.35,2025-04-12
8286,276,3,ropa,54.23,2025-12-17
8287,629,5,ropa,94.53,2025-11-21
8288,534,3,ropa,123.72,2025-07-03
8289,203,3,hogar,161.34,2025-02-18
8290,790,2,deportes,21.15,2025-09-16
8291,106,2,electronica,799.58,2025-10-28
8292,283,1,mercado,29.1,2025-07-23
8293,206,2,hogar,108.27,2025-08-28
8294,252,2,mercado,12.73,2025-03-10
8295,437,2,ropa,30.2,2025-03-06
8296,481,2,ropa,31.48,2025-03-06
8297,306,2,mercado,43.3,2025-01-11
8298,42,1,juguetes,46.55,2025-01-19
8299,161,5,electronica,279.94,2025-10-01
8300,263,1,electronica,12.6,2025-07-12
8301,168,2,electronica,1191.82,2025-01-05
8302,413,1,libros,54.09,2025-10-25
8303,454,2,mercado,39.66,2025-02-14
8304,205,2,ropa,51.72,2025-08-09
8305,535,2,mercado,42.46,2025-07-15
8306,237,1,electronica,856.97,2025-11-12
8307,257,2,libros,65.01,2025-05-20
8308,544,3,juguetes,65.86,2025-08-01
8309,287,1,libros,99.37,2025-09-18
8310,675,1,deportes,137.69,2025-08-08
8311,223,1,ropa,84.61,2025-06-20
8312,718,2,deportes,34.65,2025-07-23
8313,688,2,deportes,60.91,2025-07-20
8314,288,2,hogar,30.18,2025-11-26
8315,100,1,electronica,180.27,2025-12-23
8316,381,2,ropa,15.63,2025-07-28
8317,302,1,mercado,50.59,2025-07-17
8318,221,3,ropa,256.2,2025-11-07
8319,553,1,electronica,1319.1,2025-02-22
8320,375,1,juguetes,32.89,2025-09-21
8321,626,3,deportes,220.02,2025-11-25
8322,390,2,electronica,12.38,2025-09-19
8323,498,1,hogar,143.74,2025-08-27
8324,18,1,juguetes,65.67,2025-10-08
8325,323,1,ropa,10.5,2025-12-06
8326,105,1,ropa,120.63,2025-01-16
8327,240,1,ropa,168.25,2025-11-08
8328,334,1,hogar,108.05,2025-06-27
8329,503,2,deportes,57.82,2025-06-02
8330,410,5,ropa,208.6,2025-04-20
8331,670,2,hogar,221.3,2025-10-21
8332,396,1,electronica,121.54,2025-11-21
8333,364,2,juguetes,37.95,2025-07-19
8334,426,2,libros,5.83,2025-02-27
8335,324,3,hogar,321.26,2025-10-19
8336,463,3,hogar,156.67,2025-10-16
8337,312,6,juguetes,36.36,2025-10-11
8338,177,1,hogar,88.43,2025-02-01
8339,717,1,electronica,115.48,2025-04-03
8340,10,1,mercado,19.55,2025-09-28
8341,288,1,ropa,183.73,2025-01-22
8342,546,2,mercado,66.41,2025-06-14
8343,596,2,electronica,35.75,2025-06-09
8344,701,5,hogar,39.95,2025-01-08
8345,186,1,hogar,64.45,2025-06-09
8346,264,3,hogar,223.05,2025-12-24
8347,145,4,libros,37.66,2025-07-18
8348,201,1,ropa,141.08,2025-11-05
8349,215,2,mercado,55.73,2025-10-08
8350,334,6,ropa,136.48,2025-01-13
8351,714,4,libros,20.96,2025-05-10
8352,589,1,hogar,9.91,2025-07-18
8353,782,2,mercado,21.36,2025-07-24
8354,498,3,ropa,95.13,2025-01-04
8355,693,1,electronica,130.51,2025-07-06
8356,592,2,electronica,377.68,2025-06-23
8357,683,3,hogar,98.24,2025-07-27
8358,211,3,electronica,46.1,2025-03-11
8359,413,1,hogar,57.53,2025-08-04
8360,360,3,mercado,79.13,2025-06-16
8361,57,1,electronica,171.9,2025-09-21
8362,106,1,mercado,154.16,2025-03-10
8363,739,2,deportes,15.28,2025-12-03
8364,192,5,electronica,70.03,2025-12-27
8365,600,1,electronica,206.07,2025-09-17
8366,705,2,mercado,38.54,2025-02-17
8367,374,1,ropa,154.41,2025-11-20
8368,282,5,electronica,153.62,2025-09-01
8369,526,6,hogar,166.24,2025-02-16
8370,245,2,deportes,83.67,2025-07-14
8371,625,2,ropa,204.51,2025-03-01
8372,118,1,electronica,428.42,2025-06-18
8373,516,2,hogar,81.15,2025-09-03
8374,443,6,hogar,35.78,2025-06-23
8375,340,1,juguetes,55.13,2025-03-04
8376,517,2,libros,53.0,2025-12-23
8377,512,2,electronica,118.66,2025-05-09
8378,796,3,electronica,8.39,2025-02-12
8379,226,1,ropa,79.06,2025-04-13
8380,127,5,electronica,34.34,2025-10-12
8381,403,1,ropa,88.91,2025-11-13
8382,473,1,electronica,372.52,2025-11-21
8383,778,2,electronica,32.78,2025-03-15
8384,268,1,ropa,87.51,2025-08-11
8385,452,7,hogar,128.66,2025-07-08
8386,425,2,ropa,104.37,2025-08-11
8387,455,2,mercado,22.79,2025-11-04
8388,215,1,juguetes,53.65,2025-08-04
8389,533,5,mercado,60.94,2025-09-25
8390,48,3,juguetes,36.92,2025-01-04
8391,416,1,electronica,73.63,2025-01-13
8392,384,2,libros,10.08,2025-11-08
8393,390,1,libros,27.33,2025-05-03
8394,348,1,hogar,134.95,2025-11-12
8395,719,2,mercado,51.54,2025-03-21
8396,318,2,libros,67.58,2025-02-06
8397,134,2,hogar,33.36,2025-10-18
8398,755,6,ropa,45.71,2025-04-11
8399,704,2,electronica,353.04,2025-04-23
8400,405,1,hogar,216.55,2025-06-15
8401,568,2,electronica,756.66,2025-11-22
8402,455,4,hogar,19.65,2025-11-18
8403,313,5,hogar,12.85,2025-03-01
8404,106,5,mercado,13.5,2025-01-07
8405,220,2,mercado,18.03,2025-09-17
8406,333,1,hogar,42.22,2025-02-16
8407,771,2,electronica,286.35,2025-05-27
8408,787,2,hogar,110.17,2025-10-03
8409,575,2,juguetes,204.59,2025-12-04
8410,145,1,deportes,317.88,2025-01-22
8411,47,2,ropa,45.61,2025-01-22
8412,470,1,mercado,45.36,2025-06-12
8413,581,1,mercado,169.47,2025-09-21
8414,328,1,deportes,47.14,2025-01-21
8415,491,2,hogar,153.3,2025-02-17
8416,138,1,hogar,170.68,2025-09-07
8417,713,1,libros,116.45,2025-06-02
8418,670,3,hogar,190.6,2025-07-14
8419,266,2,libros,39.0,2025-11-17
8420,190,1,hogar,46.77,2025-06-24
8421,731,7,electronica,407.03,2025-02-16
8422,710,2,juguetes,27.36,2025-04-06
8423,511,2,electronica,318.51,2025-12-25
8424,7,1,libros,69.56,2025-04-22
8425,585,2,ropa,5.47,2025-11-24
8426,30,3,mercado,57.23,2025-01-16
8427,103,1,deportes,33.82,2025-01-28
8428,390,5,electronica,104.94,2025-04-15
8429,29,2,electronica,373.29,2025-12-15
8430,765,1,libros,22.2,2025-02-10
8431,253,4,electronica,150.19,2025-01-01
8432,376,2,libros,24.28,2025-02-22
8433,673,2,ropa,16.85,2025-01-23
8434,217,6,electronica,8.37,2025-10-22
8435,750,1,deportes,103.19,2025-10-12
8436,613,3,mercado,60.56,2025-06-12
8437,695,4,ropa,143.89,2025-07-22
8438,121,3,hogar,235.8,2025-11-06
8439,204,5,deportes,46.12,2025-07-04
8440,434,3,ropa,162.41,2025-11-06
8441,169,3,libros,6.96,2025-11-17
8442,17,5,libros,31.53,2025-10-20
8443,80,3,electronica,32.18,2025-02-06
8444,132,6,ropa,144.06,2025-05-15
8445,504,2,mercado,76.48,2025-02-14
8446,33,1,ropa,61.96,2025-05-22
8447,617,1,electronica,106.37,2025-08-19
8448,11,1,electronica,634.04,2025-08-20
8449,357,7,ropa,50.0,2025-11-18
8450,378,5,hogar,277.67,2025-03-14
8451,151,3,juguetes,39.89,2025-01-21
8452,303,2,hogar,9.06,2025-01-16
8453,600,3,juguetes,184.43,2025-12-16
8454,469,1,hogar,191.76,2025-10-24
8455,723,3,electronica,12.96,2025-05-09
8456,699,2,hogar,35.28,2025-04-09
8457,225,3,mercado,64.32,2025-05-21
8458,702,2,electronica,76.52,2025-12-19
8459,682,2,electronica,360.16,2025-12-15
8460,259,1,ropa,16.79,2025-09-04
8461,334,1,mercado,39.54,2025-10-25
8462,16,3,hogar,86.13,2025-06-25
8463,271,2,electronica,311.51,2025-08-02
8464,679,1,ropa,53.52,2025-10-25
8465,245,2,libros,59.47,2025-02-10
8466,93,4,mercado,23.92,2025-09-18
8467,493,2,ropa,8.17,2025-09-25
8468,512,2,ropa,34.03,2025-09-14
8469,743,6,electronica,548.21,2025-06-27
8470,316,2,ropa,30.32,2025-02-18
8471,786,7,hogar,15.31,2025-09-24
8472,113,5,ropa,183.63,2025-02-01
8473,413,3,mercado,117.49,2025-07-06
8474,600,2,mercado,71.61,2025-12-06
8475,317,3,electronica,35.92,2025-08-22
8476,161,1,deportes,139.87,2025-06-20
8477,206,3,libros,5.22,2025-05-07
8478,571,5,electronica,205.75,2025-10-13
8479,264,2,juguetes,157.65,2025-05-27
8480,36,4,electronica,152.56,2025-07-15
8481,33,2,libros,109.61,2025-03-06
8482,790,2,deportes,126.11,2025-12-14
8483,264,1,electronica,109.77,2025-08-01
8484,143,3,ropa,188.84,2025-04-14
8485,455,3,ropa,28.07,2025-05-06
8486,412,2,mercado,19.77,2025-07-01
8487,366,3,electronica,166.33,2025-11-02
8488,230,1,ropa,392.39,2025-03-15
8489,513,6,mercado,101.21,2025-07-17
8490,527,2,mercado,21.59,2025-01-14
8491,255,1,ropa,111.65,2025-02-27
8492,510,2,electronica,18.09,2025-11-17
8493,546,2,mercado,69.38,2025-10-06
8494,321,1,mercado,15.97,2025-02-18
8495,776,2,hogar,118.43,2025-05-24
8496,450,2,deportes,167.46,2025-11-05
8497,448,6,electronica,271.47,2025-03-11
8498,397,1,ropa,154.51,2025-10-15
8499,35,2,mercado,14.9,2025-10-04
8500,263,1,mercado,42.8,2025-05-10
8501,544,3,electronica,101.98,2025-06-04
8502,147,1,deportes,71.82,2025-12-22
8503,382,3,juguetes,245.47,2025-10-25
8504,67,2,ropa,101.24,2025-02-19
8505,395,4,electronica,92.08,2025-01-04
8506,254,1,mercado,103.15,2025-05-09
8507,490,1,ropa,105.73,2025-05-23
8508,595,1,hogar,46.71,2025-03-22
8509,120,5,hogar,161.76,2025-01-08
8510,690,1,deportes,37.72,2025-06-28
8511,491,1,ropa,122.64,2025-09-01
8512,407,4,libros,87.8,2025-10-17
8513,359,3,ropa,113.36,2025-05-06
8514,529,4,hogar,593.42,2025-01-20
8515,578,2,ropa,32.35,2025-01-07
8516,499,5,hogar,85.34,2025-06-10
8517,533,2,deportes,77.26,2025-01-10
8518,365,1,juguetes,65.71,2025-11-24
8519,134,4,mercado,38.56,2025-03-24
8520,758,5,mercado,39.4,2025-05-15
8521,476,2,mercado,13.66,2025-03-18
8522,268,2,deportes,58.92,2025-07-05
8523,718,2,hogar,125.06,2025-10-12
8524,269,3,hogar,151.94,2025-04-01
8525,306,3,hogar,167.49,2025-11-06
8526,580,4,hogar,29.09,2025-02-11
8527,159,1,hogar,16.54,2025-01-13
8528,126,3,electronica,689.53,2025-12-16
8529,482,4,libros,37.18,2025-04-05
8530,337,2,libros,26.73,2025-11-13
8531,433,2,libros,76.63,2025-03-10
8532,387,2,libros,56.54,2025-02-16
8533,18,1,deportes,211.94,2025-05-24
8534,732,3,ropa,78.38,2025-03-11
8535,703,2,electronica,16.51,2025-10-11
8536,687,2,ropa,60.4,2025-10-24
8537,382,2,mercado,100.12,2025-04-24
8538,213,7,deportes,63.09,2025-04-05
8539,609,2,libros,49.51,2025-08-17
8540,416,2,hogar,56.01,2025-08-14
8541,122,3,mercado,301.55,2025-01-10
8542,71,1,libros,28.53,2025-03-05
8543,343,1,mercado,152.33,2025-01-20
8544,11,4,libros,38.17,2025-03-08
8545,379,4,mercado,95.75,2025-02-20
8546,135,2,mercado,148.77,2025-12-09
8547,204,3,electronica,975.63,2025-02-17
8548,772,2,electronica,158.38,2025-02-19
8549,785,5,mercado,28.83,2025-07-05
8550,700,1,mercado,30.42,2025-11-04
8551,763,7,hogar,82.83,2025-05-05
8552,57,6,juguetes,13.83,2025-02-13
8553,723,2,juguetes,114.47,2025-08-07
8554,387,2,electronica,714.39,2025-09-15
8555,134,2,ropa,14.42,2025-07-02
8556,488,3,ropa,15.83,2025-03-04
8557,628,4,mercado,45.46,2025-05-25
8558,584,2,hogar,134.14,2025-07-08
8559,360,4,deportes,91.09,2025-08-19
8560,619,1,electronica,785.19,2025-11-01
8561,538,2,juguetes,29.27,2025-07-14
8562,682,2,mercado,179.01,2025-05-03
8563,563,6,electronica,345.19,2025-07-01
8564,277,2,deportes,34.44,2025-07-17
8565,39,1,deportes,183.28,2025-11-16
8566,51,3,electronica,131.0,2025-09-21
8567,778,5,libros,20.54,2025-06-03
8568,493,1,ropa,163.46,2025-02-01
8569,159,2,deportes,23.26,2025-08-23
8570,19,2,ropa,180.4,2025-05-25
8571,383,2,mercado,141.79,2025-01-12
8572,489,4,hogar,95.66,2025-10-07
8573,571,4,ropa,7.44,2025-05-07
8574,786,3,mercado,30.07,2025-05-14
8575,120,2,hogar,71.57,2025-07-27
8576,142,2,mercado,19.4,2025-04-17
8577,366,5,deportes,35.91,2025-12-02
8578,495,4,electronica,154.42,2025-10-15
8579,242,4,deportes,38.24,2025-02-12
8580,233,2,hogar,71.83,2025-02-11
8581,331,2,electronica,527.95,2025-10-08
8582,621,3,mercado,101.05,2025-09-11
8583,52,3,electronica,62.24,2025-05-07
8584,739,2,deportes,17.31,2025-08-22
8585,424,1,electronica,371.11,2025-01-01
8586,570,1,hogar,151.96,2025-04-23
8587,467,2,electronica,374.88,2025-08-02
8588,736,2,mercado,226.18,2025-07-13
8589,161,1,hogar,57.78,2025-01-01
8590,643,2,hogar,18.11,2025-10-18
8591,629,2,electronica,275.49,2025-05-19
8592,76,2,hogar,126.05,2025-05-02
8593,514,3,mercado,15.3,2025-01-05
8594,225,2,ropa,137.24,2025-04-20
8595,585,3,electronica,840.97,2025-08-05
8596,219,3,hogar,134.71,2025-09-05
8597,538,3,hogar,246.77,2025-02-28
8598,794,6,mercado,11.42,2025-07-28
8599,564,1,ropa,41.29,2025-02-21
8600,375,3,hogar,95.66,2025-01-23
8601,156,5,electronica,453.43,2025-12-08
8602,302,2,libros,16.45,2025-03-14
8603,670,2,electronica,181.04,2025-02-19
8604,366,3,electronica,304.58,2025-05-16
8605,331,2,electronica,109.65,2025-02-18
8606,60,2,juguetes,53.69,2025-03-24
8607,661,2,hogar,190.75,2025-01-27
8608,193,2,electronica,128.84,2025-03-19
8609,443,1,electronica,825.05,2025-05-02
8610,548,2,libros,14.17,2025-06-23
8611,311,4,electronica,201.41,2025-05-03
8612,666,4,hogar,422.75,2025-01-28
8613,718,1,hogar,41.01,2025-08-09
8614,433,2,juguetes,36.13,2025-12-24
8615,264,1,hogar,237.55,2025-04-02
8616,391,1,hogar,27.83,2025-11-28
8617,665,2,ropa,97.2,2025-11-09
8618,501,5,deportes,103.91,2025-02-14
8619,182,2,electronica,5.41,2025-04-23
8620,338,5,electronica,172.05,2025-05-01
8621,389,2,electronica,439.83,2025-10-08
8622,151,1,electronica,18.3,2025-03-14
8623,119,1,hogar,108.24,2025-09-23
8624,182,3,electronica,411.93,2025-10-13
8625,428,6,mercado,93.0,2025-06-26
8626,368,1,electronica,480.05,2025-03-08
8627,503,1,ropa,35.79,2025-04-01
8628,66,2,deportes,111.59,2025-07-25
8629,118,2,libros,19.75,2025-01-26
8630,743,1,deportes,115.21,2025-10-14
8631,192,2,mercado,86.65,2025-11-08
8632,73,2,electronica,536.52,2025-01-08
8633,482,2,juguetes,16.73,2025-03-06
8634,608,1,hogar,107.58,2025-01-20
8635,362,2,hogar,509.48,2025-07-26
8636,276,1,mercado,55.27,2025-03-05
8637,190,1,ropa,54.58,2025-05-09
8638,323,1,ropa,62.15,2025-03-08
8639,124,3,ropa,90.65,2025-03-19
8640,421,2,ropa,97.83,2025-08-06
8641,769,7,ropa,14.36,2025-04-15
8642,84,3,mercado,22.61,2025-02-28
8643,566,5,electronica,361.75,2025-03-27
8644,268,5,electronica,397.87,2025-01-22
8645,349,2,ropa,29.61,2025-09-11
8646,780,2,electronica,11.64,2025-07-20
8647,620,4,hogar,30.59,2025-01-02
8648,532,2,ropa,45.24,2025-06-16
8649,362,2,mercado,29.62,2025-01-05
8650,90,3,mercado,12.52,2025-04-24
8651,382,2,ropa,23.58,2025-01-27
8652,287,2,hogar,183.79,2025-08-16
8653,752,2,electronica,36.38,2025-07-28
8654,139,2,juguetes,23.78,2025-05-19
8655,511,2,hogar,8.44,2025-03-14
8656,700,4,ropa,72.38,2025-03-23
8657,532,2,electronica,847.47,2025-01-07
8658,186,1,hogar,73.83,2025-04-23
8659,323,4,libros,74.45,2025-05-07
8660,378,1,electronica,601.36,2025-11-07
8661,592,2,electronica,619.44,2025-04-04
8662,486,2,ropa,121.63,2025-06-23
8663,48,2,juguetes,93.1,2025-06-13
8664,552,2,ropa,50.08,2025-12-19
8665,689,5,hogar,36.67,2025-07-01
8666,84,4,hogar,21.67,2025-01-14
8667,682,4,mercado,46.88,2025-06-15
8668,197,3,electronica,113.57,2025-02-04
8669,443,3,electronica,381.84,2025-01-12
8670,630,2,deportes,48.76,2025-11-25
8671,279,1,electronica,401.19,2025-03-06
8672,588,2,libros,51.04,2025-01-13
8673,316,6,hogar,225.56,2025-02-02
8674,96,3,electronica,168.13,2025-01-07
8675,26,3,ropa,23.01,2025-10-24
8676,424,2,mercado,58.22,2025-10-11
8677,664,2,deportes,325.14,2025-07-23
8678,677,2,mercado,39.55,2025-02-27
8679,445,4,deportes,41.26,2025-08-01
8680,71,3,electronica,112.47,2025-10-14
8681,193,5,ropa,62.51,2025-11-10
8682,213,1,electronica,103.66,2025-12-22
8683,8,1,hogar,85.49,2025-12-21
8684,612,4,ropa,11.45,2025-03-18
8685,605,3,mercado,158.86,2025-07-06
8686,316,2,mercado,133.03,2025-06-07
8687,256,4,ropa,25.8,2025-08-04
8688,240,7,mercado,154.05,2025-12-04
8689,517,3,libros,46.54,2025-07-24
8690,89,2,ropa,36.84,2025-10-04
8691,93,5,libros,64.84,2025-09-27
8692,347,1,electronica,462.96,2025-09-19
8693,451,3,ropa,113.1,2025-08-18
8694,103,4,ropa,62.86,2025-05-09
8695,134,2,electronica,165.95,2025-01-08
8696,334,1,mercado,33.47,2025-10-04
8697,528,2,deportes,10.52,2025-01-18
8698,254,3,mercado,20.64,2025-01-12
8699,375,5,hogar,43.92,2025-06-19
8700,218,2,mercado,42.25,2025-06-20
8701,377,2,ropa,51.91,2025-03-12
8702,699,2,mercado,71.32,2025-07-17
8703,414,4,juguetes,25.03,2025-11-03
8704,110,4,hogar,7.44,2025-08-26
8705,761,1,mercado,129.06,2025-05-20
8706,65,2,ropa,10.09,2025-08-19
8707,307,5,mercado,12.41,2025-09-12
8708,402,1,hogar,178.29,2025-05-14
8709,457,1,hogar,39.42,2025-04-11
8710,380,1,electronica,546.06,2025-08-26
8711,16,2,mercado,82.53,2025-08-12
8712,506,1,hogar,7.21,2025-12-09
8713,743,5,ropa,147.44,2025-09-22
8714,489,1,hogar,125.82,2025-09-05
8715,86,1,electronica,770.36,2025-04-15
8716,497,1,electronica,650.08,2025-01-21
8717,63,1,deportes,51.08,2025-01-09
8718,408,2,hogar,67.45,2025-02-01
8719,588,1,mercado,133.22,2025-04-25
8720,16,1,electronica,39.11,2025-05-10
8721,665,1,ropa,25.19,2025-04-04
8722,657,7,ropa,188.5,2025-06-05
8723,443,2,electronica,26.7,2025-03-09
8724,453,4,ropa,17.35,2025-06-01
8725,633,3,ropa,88.86,2025-05-20
8726,122,2,ropa,93.4,2025-07-09
8727,500,2,electronica,207.08,2025-12-13
8728,362,6,electronica,71.65,2025-12-12
8729,506,1,electronica,98.71,2025-02-20
8730,71,1,ropa,89.38,2025-07-02
8731,181,4,deportes,97.68,2025-09-02
8732,347,2,electronica,146.05,2025-11-19
8733,318,1,ropa,21.44,2025-12-25
8734,702,3,mercado,46.88,2025-08-07
8735,272,2,mercado,74.07,2025-07-10
8736,145,2,mercado,21.09,2025-01-01
8737,797,3,electronica,165.17,2025-04-01
8738,649,2,mercado,230.39,2025-09-14
8739,478,3,hogar,350.48,2025-03-07
8740,165,1,libros,20.65,2025-04-11
8741,268,1,juguetes,20.14,2025-06-18
8742,478,6,juguetes,58.41,2025-10-26
8743,664,1,mercado,22.85,2025-03-15
8744,574,2,libros,107.24,2025-06-08
8745,291,2,electronica,12.33,2025-05-07
8746,161,2,mercado,22.75,2025-06-13
8747,236,2,ropa,155.48,2025-10-07
8748,483,1,hogar,211.33,2025-04-18
8749,231,1,mercado,102.83,2025-09-22
8750,681,7,electronica,272.43,2025-06-28
8751,342,1,deportes,162.59,2025-10-25
8752,788,3,electronica,110.23,2025-04-09
8753,577,3,ropa,82.14,2025-09-19
8754,427,1,electronica,84.94,2025-12-26
8755,166,3,electronica,242.77,2025-02-20
8756,538,1,electronica,171.79,2025-11-19
8757,582,3,hogar,37.26,2025-11-18
8758,580,2,ropa,125.17,2025-03-17
8759,334,2,libros,32.19,2025-01-28
8760,254,1,mercado,23.73,2025-02-04
8761,799,2,electronica,294.3,2025-11-28
8762,408,2,electronica,44.04,2025-01-10
8763,289,3,electronica,185.11,2025-10-09
8764,713,1,mercado,98.79,2025-05-17
8765,747,3,electronica,505.99,2025-09-24
8766,611,2,hogar,158.07,2025-10-10
8767,338,4,ropa,86.82,2025-03-11
8768,229,3,electronica,267.04,2025-02-07
8769,556,2,electronica,276.04,2025-09-25
8770,151,1,electronica,364.12,2025-06-15
8771,6,1,mercado,28.33,2025-05-23
8772,598,2,electronica,387.14,2025-08-06
8773,176,1,ropa,344.82,2025-12-21
8774,740,1,ropa,146.26,2025-09-23
8775,450,3,ropa,193.28,2025-05-01
8776,614,6,ropa,103.34,2025-04-18
8777,480,3,hogar,119.56,2025-01-11
8778,200,3,deportes,68.5,2025-11-17
8779,292,4,mercado,25.22,2025-01-07
8780,686,5,electronica,544.3,2025-11-08
8781,601,1,deportes,60.77,2025-12-05
8782,396,2,ropa,203.61,2025-05-03
8783,399,5,electronica,871.8,2025-08-19
8784,796,4,juguetes,37.54,2025-11-03
8785,222,5,libros,23.91,2025-01-06
8786,598,6,deportes,20.62,2025-04-05
8787,650,1,hogar,218.04,2025-05-01
8788,186,2,ropa,343.9,2025-08-19
8789,109,4,ropa,513.23,2025-04-14
8790,163,3,electronica,502.49,2025-06-14
8791,503,1,hogar,66.92,2025-05-01
8792,381,6,libros,16.48,2025-07-07
8793,677,2,deportes,30.68,2025-04-15
8794,730,1,electronica,264.29,2025-10-21
8795,94,3,ropa,200.82,2025-05-17
8796,457,1,mercado,21.68,2025-08-06
8797,754,1,juguetes,79.96,2025-11-08
8798,90,3,electronica,703.59,2025-01-13
8799,542,4,ropa,202.03,2025-12-04
8800,730,4,hogar,141.05,2025-03-04
8801,399,3,electronica,1192.47,2025-06-04
8802,248,3,ropa,32.72,2025-05-09
8803,613,5,electronica,669.73,2025-03-21
8804,570,6,ropa,14.02,2025-05-11
8805,606,1,ropa,175.38,2025-10-02
8806,225,2,hogar,53.57,2025-09-28
8807,245,2,electronica,567.53,2025-07-25
8808,689,3,electronica,224.72,2025-01-14
8809,1,2,electronica,214.3,2025-03-16
8810,777,1,ropa,23.45,2025-11-28
8811,115,2,mercado,106.26,2025-03-19
8812,125,2,hogar,52.26,2025-11-15
8813,46,3,mercado,147.58,2025-09-03
8814,123,2,hogar,191.94,2025-06-23
8815,659,3,hogar,26.4,2025-03-11
8816,282,5,mercado,5.11,2025-01-19
8817,691,2,mercado,31.49,2025-02-21
8818,342,3,mercado,44.43,2025-03-20
8819,109,2,mercado,82.0,2025-06-01
8820,720,1,hogar,96.4,2025-12-18
8821,153,3,mercado,49.61,2025-09-17
8822,496,1,deportes,84.21,2025-10-13
8823,324,3,mercado,44.65,2025-10-15
8824,354,3,electronica,25.18,2025-02-22
8825,533,7,hogar,59.97,2025-03-17
8826,620,4,electronica,100.35,2025-09-13
8827,614,1,electronica,578.33,2025-03-06
8828,723,4,juguetes,31.15,2025-04-04
8829,100,2,hogar,8.15,2025-11-22
8830,800,1,libros,25.56,2025-11-21
8831,272,2,hogar,6.0,2025-12-04
8832,224,3,deportes,20.75,2025-06-16
8833,710,3,juguetes,19.04,2025-04-08
8834,585,2,hogar,44.54,2025-04-13
8835,424,3,juguetes,10.52,2025-08-16
8836,247,2,ropa,104.06,2025-04-20
8837,442,1,ropa,190.83,2025-01-26
8838,190,2,hogar,21.61,2025-12-10
8839,341,3,electronica,173.78,2025-10-02
8840,321,6,ropa,93.78,2025-07-02
8841,245,2,electronica,26.14,2025-01-04
8842,28,1,deportes,229.44,2025-05-06
8843,426,2,mercado,42.79,2025-11-24
8844,300,1,libros,41.17,2025-03-16
8845,225,1,hogar,289.62,2025-12-18
8846,212,7,mercado,19.64,2025-03-11
8847,683,3,electronica,1002.44,2025-05-03
8848,718,6,juguetes,110.59,2025-10-15
8849,688,1,mercado,49.85,2025-07-11
8850,86,2,libros,79.75,2025-07-27
8851,597,1,ropa,38.2,2025-10-16
8852,570,3,libros,159.39,2025-06-11
8853,142,1,ropa,118.65,2025-05-09
8854,193,2,electronica,156.51,2025-05-05
8855,601,2,mercado,18.41,2025-06-20
8856,546,2,hogar,174.8,2025-11-15
8857,550,3,electronica,118.74,2025-01-17
8858,700,5,hogar,227.31,2025-12-11
8859,791,5,mercado,43.17,2025-03-10
8860,171,2,libros,8.7,2025-11-12
8861,207,4,deportes,59.02,2025-02-01
8862,161,1,ropa,66.41,2025-03-06
8863,444,7,mercado,97.45,2025-08-14
8864,79,5,electronica,113.0,2025-04-12
8865,330,7,electronica,187.34,2025-04-10
8866,547,2,electronica,530.26,2025-12-01
8867,438,3,electronica,143.52,2025-02-14
8868,440,2,ropa,142.84,2025-05-11
8869,689,1,electronica,215.08,2025-04-05
8870,24,2,hogar,453.5,2025-07-08
8871,511,2,mercado,40.52,2025-01-14
8872,428,2,mercado,36.9,2025-07-01
8873,142,3,deportes,23.74,2025-01-26
8874,591,2,libros,58.32,2025-11-05
8875,513,1,juguetes,52.18,2025-12-09
8876,178,4,electronica,85.33,2025-09-13
8877,740,1,hogar,202.99,2025-07-12
8878,369,2,mercado,45.97,2025-05-26
8879,219,2,mercado,23.43,2025-06-22
8880,766,2,electronica,592.11,2025-06-19
8881,92,2,ropa,58.37,2025-04-23
8882,164,3,electronica,97.18,2025-12-26
8883,688,2,electronica,121.11,2025-04-10
8884,657,2,electronica,549.13,2025-02-20
8885,717,2,deportes,89.91,2025-11-09
8886,795,2,hogar,9.7,2025-10-19
8887,715,3,juguetes,71.46,2025-01-26
8888,60,1,mercado,25.14,2025-01-23
8889,615,1,electronica,313.95,2025-09-01
8890,687,7,electronica,573.81,2025-10-24
8891,43,5,electronica,877.18,2025-04-09
8892,363,2,mercado,65.99,2025-01-17
8893,311,1,libros,102.22,2025-09-17
8894,726,1,ropa,99.32,2025-05-28
8895,678,2,mercado,70.36,2025-07-13
8896,570,3,ropa,95.07,2025-09-22
8897,750,3,electronica,215.86,2025-01-10
8898,379,2,electronica,953.78,2025-12-24
8899,563,3,mercado,73.4,2025-08-02
8900,623,1,juguetes,55.24,2025-08-28
8901,679,6,hogar,331.27,2025-03-22
8902,135,2,electronica,79.08,2025-05-11
8903,789,1,hogar,69.05,2025-04-20
8904,167,2,ropa,87.22,2025-02-28
8905,62,2,ropa,239.04,2025-08-17
8906,726,4,electronica,93.9,2025-02-15
8907,119,2,ropa,50.62,2025-04-09
8908,76,3,ropa,70.28,2025-01-06
8909,463,7,mercado,33.3,2025-10-22
8910,644,2,deportes,56.78,2025-06-18
8911,487,4,ropa,45.06,2025-06-25
8912,653,2,ropa,131.34,2025-01-08
8913,232,3,electronica,293.66,2025-05-18
8914,220,3,mercado,75.35,2025-07-10
8915,469,2,hogar,66.93,2025-09-16
8916,523,2,hogar,29.71,2025-10-07
8917,252,2,mercado,7.86,2025-06-23
8918,319,2,ropa,5.83,2025-10-15
8919,129,1,mercado,136.04,2025-03-06
8920,656,1,mercado,62.67,2025-11-02
8921,591,5,electronica,667.39,2025-12-25
8922,423,2,mercado,78.09,2025-10-23
8923,471,4,hogar,12.55,2025-04-20
8924,69,3,juguetes,10.77,2025-04-19
8925,265,2,ropa,71.51,2025-03-24
8926,82,3,ropa,158.01,2025-02-25
8927,115,3,deportes,517.65,2025-02-27
8928,156,1,mercado,13.17,2025-04-13
8929,711,2,mercado,25.69,2025-02-07
8930,652,3,libros,8.43,2025-08-25
8931,289,2,mercado,44.05,2025-07-06
8932,306,2,electronica,134.73,2025-09-20
8933,34,1,ropa,137.59,2025-09-03
8934,24,2,deportes,109.16,2025-09-09
8935,739,2,ropa,75.24,2025-10-03
8936,493,1,mercado,46.59,2025-06-13
8937,771,3,electronica,26.76,2025-07-12
8938,68,2,deportes,51.75,2025-12-03
8939,582,2,juguetes,56.49,2025-10-11
8940,496,1,electronica,562.38,2025-07-17
8941,51,2,libros,11.13,2025-09-16
8942,598,4,mercado,42.5,2025-10-13
8943,382,3,hogar,9.78,2025-04-03
8944,19,5,electronica,19.13,2025-07-27
8945,582,1,juguetes,122.93,2025-06-07
8946,390,3,electronica,80.3,2025-01-28
8947,151,1,electronica,19.89,2025-10-07
8948,264,4,ropa,11.11,2025-12-12
8949,448,1,hogar,106.58,2025-07-18
8950,547,1,libros,21.18,2025-05-28
8951,698,2,hogar,30.88,2025-03-07
8952,341,6,juguetes,10.51,2025-12-22
8953,497,1,hogar,148.11,2025-01-17
8954,373,7,hogar,62.69,2025-08-21
8955,624,2,electronica,461.07,2025-09-20
8956,304,1,juguetes,131.91,2025-01-18
8957,224,1,electronica,54.87,2025-04-18
8958,277,4,juguetes,68.93,2025-01-16
8959,45,2,electronica,238.21,2025-12-27
8960,634,3,electronica,47.84,2025-09-23
8961,69,2,ropa,19.86,2025-05-14
8962,657,2,deportes,15.93,2025-03-07
8963,338,1,juguetes,16.99,2025-09-25
8964,272,4,mercado,56.32,2025-03-21
8965,327,2,deportes,207.18,2025-11-21
8966,658,2,ropa,40.65,2025-04-13
8967,19,4,electronica,694.37,2025-02-08
8968,154,2,ropa,46.06,2025-12-19
8969,715,2,juguetes,5.63,2025-02-28
8970,277,2,electronica,479.14,2025-01-07
8971,527,4,electronica,805.88,2025-09-19
8972,317,2,electronica,245.34,2025-01-09
8973,110,3,deportes,26.25,2025-09-12
8974,773,7,juguetes,20.62,2025-10-21
8975,125,1,libros,15.8,2025-12-22
8976,85,3,libros,162.48,2025-03-01
8977,208,2,mercado,55.85,2025-08-09
8978,788,2,mercado,48.29,2025-04-11
8979,641,5,mercado,67.16,2025-01-03
8980,590,1,ropa,9.92,2025-06-18
8981,315,2,libros,11.76,2025-01-07
8982,751,2,electronica,212.33,2025-04-26
8983,287,4,juguetes,42.22,2025-01-19
8984,699,1,electronica,299.21,2025-04-20
8985,473,3,hogar,163.33,2025-06-02
8986,124,2,hogar,120.09,2025-10-10
8987,13,2,hogar,72.77,2025-10-17
8988,728,1,deportes,29.94,2025-10-02
8989,646,4,mercado,114.07,2025-06-03
8990,307,2,hogar,84.37,2025-11-19
8991,752,2,hogar,47.86,2025-09-05
8992,746,2,ropa,15.04,2025-03-25
8993,111,1,electronica,156.11,2025-01-25
8994,106,2,juguetes,17.24,2025-08-02
8995,73,1,electronica,208.89,2025-06-21
8996,390,6,electronica,332.61,2025-11-12
8997,342,1,electronica,293.24,2025-09-20
8998,354,2,deportes,58.51,2025-01-08
8999,519,7,mercado,14.36,2025-02-28
9000,154,1,deportes,29.67,2025-12-27
9001,572,1,deportes,118.47,2025-04-17
9002,548,1,ropa,97.81,2025-11-05
9003,292,6,electronica,527.03,2025-07-26
9004,657,1,deportes,30.04,2025-08-12
9005,721,2,mercado,49.8,2025-07-07
9006,346,4,deportes,39.48,2025-01-17
9007,691,1,libros,5.14,2025-11-04
9008,268,1,deportes,55.14,2025-10-17
9009,501,2,libros,65.08,2025-02-02
9010,407,7,electronica,326.36,2025-02-19
9011,135,3,libros,17.59,2025-04-22
9012,194,1,mercado,91.68,2025-05-10
9013,330,6,juguetes,40.33,2025-10-06
9014,660,1,deportes,176.51,2025-12-27
9015,274,3,hogar,195.3,2025-04-13
9016,101,3,mercado,20.51,2025-09-20
9017,732,1,mercado,76.39,2025-11-20
9018,110,3,deportes,11.35,2025-05-02
9019,100,4,hogar,42.11,2025-06-25
9020,533,2,electronica,34.18,2025-10-28
9021,792,1,hogar,347.22,2025-11-09
9022,284,1,hogar,48.23,2025-06-14
9023,488,3,ropa,20.57,2025-02-17
9024,604,2,ropa,276.5,2025-05-04
9025,37,1,hogar,66.57,2025-08-03
9026,554,3,libros,16.1,2025-01-01
9027,229,1,hogar,79.98,2025-10-21
9028,668,2,hogar,12.24,2025-12-04
9029,194,3,mercado,21.74,2025-02-20
9030,12,1,mercado,15.62,2025-02-08
9031,722,5,hogar,175.4,2025-07-09
9032,585,2,ropa,114.28,2025-11-15
9033,160,3,electronica,22.21,2025-09-24
9034,593,2,ropa,93.89,2025-03-04
9035,311,2,mercado,44.17,2025-05-10
9036,268,3,deportes,77.58,2025-05-20
9037,98,2,deportes,28.04,2025-04-21
9038,294,3,mercado,24.3,2025-01-07
9039,119,4,electronica,552.83,2025-03-14
9040,308,2,electronica,115.26,2025-11-03
9041,136,3,electronica,764.35,2025-04-27
9042,270,1,mercado,151.56,2025-03-24
9043,386,2,hogar,56.46,2025-01-05
9044,473,3,mercado,73.52,2025-02-19
9045,528,1,libros,38.03,2025-09-26
9046,792,3,deportes,105.61,2025-07-20
9047,659,4,electronica,851.44,2025-05-15
9048,22,3,ropa,30.52,2025-09-17
9049,773,2,libros,39.92,2025-05-05
9050,241,2,hogar,9.73,2025-05-03
9051,486,1,ropa,9.45,2025-12-01
9052,267,6,libros,28.89,2025-07-01
9053,292,3,deportes,253.87,2025-01-10
9054,639,2,electronica,434.89,2025-03-25
9055,598,1,electronica,192.77,2025-10-21
9056,354,3,juguetes,42.55,2025-12-22
9057,447,6,hogar,82.31,2025-01-15
9058,736,6,juguetes,22.29,2025-11-19
9059,562,2,mercado,49.09,2025-04-01
9060,378,2,mercado,19.65,2025-11-05
9061,610,1,electronica,58.1,2025-03-16
9062,347,1,mercado,7.92,2025-09-23
9063,682,4,ropa,32.08,2025-03-20
9064,725,2,deportes,33.86,2025-03-24
9065,561,3,electronica,1209.2,2025-06-07
9066,499,2,mercado,53.94,2025-01-22
9067,107,1,mercado,14.66,2025-02-22
9068,88,2,hogar,158.0,2025-12-28
9069,562,5,mercado,12.02,2025-03-09
9070,423,2,mercado,25.93,2025-09-02
9071,570,1,ropa,16.11,2025-11-10
9072,278,2,libros,20.85,2025-05-06
9073,148,2,hogar,8.86,2025-02-22
9074,38,2,electronica,329.35,2025-05-28
9075,120,3,ropa,107.66,2025-03-24
9076,66,2,electronica,75.77,2025-04-06
9077,263,6,electronica,649.26,2025-09-26
9078,737,3,hogar,33.6,2025-09-23
9079,671,2,mercado,48.64,2025-11-16
9080,333,1,ropa,126.17,2025-11-17
9081,686,2,ropa,46.65,2025-10-06
9082,155,3,electronica,730.45,2025-07-27
9083,665,2,mercado,39.0,2025-08-06
9084,606,1,ropa,114.14,2025-08-18
9085,412,5,electronica,12.9,2025-09-27
9086,10,1,electronica,116.07,2025-12-23
9087,53,2,deportes,150.98,2025-01-17
9088,560,2,hogar,31.58,2025-05-21
9089,426,3,juguetes,123.56,2025-05-15
9090,446,1,ropa,129.57,2025-02-04
9091,612,1,libros,79.36,2025-11-02
9092,527,1,electronica,528.51,2025-11-03
9093,243,3,electronica,507.71,2025-09-23
9094,367,2,electronica,136.06,2025-05-02
9095,65,1,libros,19.88,2025-01-19
9096,241,3,ropa,38.09,2025-01-06
9097,185,4,ropa,80.59,2025-07-12
9098,196,1,ropa,10.87,2025-01-20
9099,720,4,libros,108.34,2025-04-25
9100,774,4,hogar,11.32,2025-11-09
9101,377,3,hogar,171.4,2025-01-16
9102,51,2,electronica,601.81,2025-07-16
9103,251,1,hogar,81.85,2025-06-03
9104,119,2,deportes,9.38,2025-03-07
9105,727,2,deportes,81.1,2025-10-14
9106,108,1,mercado,181.17,2025-05-13
9107,92,6,mercado,137.81,2025-08-12
9108,395,2,ropa,64.17,2025-11-17
9109,554,3,hogar,360.86,2025-08-16
9110,755,6,mercado,25.93,2025-09-04
9111,151,4,juguetes,38.86,2025-07-13
9112,463,1,hogar,55.38,2025-02-13
9113,36,1,electronica,167.36,2025-12-16
9114,27,2,hogar,53.68,2025-08-09
9115,6,7,electronica,138.81,2025-07-14
9116,169,6,electronica,540.24,2025-11-07
9117,208,2,ropa,6.46,2025-03-16
9118,241,1,electronica,757.59,2025-02-25
9119,320,2,hogar,38.6,2025-10-12
9120,589,1,ropa,26.2,2025-06-27
9121,248,2,deportes,86.48,2025-04-12
9122,750,2,mercado,13.04,2025-11-12
9123,454,2,libros,38.97,2025-01-09
9124,643,4,deportes,86.72,2025-04-28
9125,775,2,ropa,138.95,2025-12-28
9126,546,2,mercado,16.84,2025-12-01
9127,728,6,libros,6.35,2025-10-26
9128,178,1,mercado,64.79,2025-04-27
9129,366,1,electronica,66.85,2025-09-01
9130,341,2,mercado,39.91,2025-04-25
9131,298,3,libros,21.88,2025-11-12
9132,775,3,electronica,738.5,2025-02-27
9133,417,3,electronica,227.5,2025-05-10
9134,585,1,electronica,244.43,2025-09-21
9135,559,4,ropa,20.02,2025-09-11
9136,417,1,mercado,34.33,2025-10-14
9137,231,2,ropa,63.27,2025-05-27
9138,626,2,electronica,64.02,2025-11-18
9139,605,2,ropa,150.76,2025-07-12
9140,411,1,libros,33.02,2025-02-16
9141,101,2,mercado,222.32,2025-01-05
9142,199,2,mercado,58.62,2025-11-08
9143,68,4,hogar,15.28,2025-12-23
9144,276,1,electronica,414.26,2025-08-27
9145,323,3,electronica,62.64,2025-07-07
9146,449,1,electronica,108.65,2025-09-01
9147,149,6,ropa,122.51,2025-02-06
9148,734,2,ropa,188.74,2025-02-24
9149,225,1,mercado,86.08,2025-09-18
9150,10,3,ropa,10.72,2025-08-04
9151,369,1,ropa,16.96,2025-06-27
9152,232,4,ropa,13.07,2025-12-26
9153,568,7,mercado,56.55,2025-10-15
9154,660,6,mercado,14.5,2025-12-19
9155,217,4,electronica,167.98,2025-12-17
9156,128,3,electronica,100.68,2025-03-26
9157,554,5,ropa,34.82,2025-07-04
9158,524,1,deportes,63.72,2025-03-22
9159,595,1,ropa,29.33,2025-12-15
9160,729,6,mercado,240.53,2025-02-03
9161,123,2,deportes,75.5,2025-08-14
9162,95,5,libros,211.12,2025-12-25
9163,782,3,electronica,236.8,2025-09-28
9164,168,2,electronica,66.9,2025-04-08
9165,96,2,hogar,251.78,2025-04-02
9166,502,3,electronica,752.96,2025-12-04
9167,333,1,ropa,14.62,2025-12-10
9168,375,1,mercado,104.4,2025-02-25
9169,366,2,electronica,681.09,2025-12-05
9170,293,4,electronica,187.48,2025-09-18
9171,74,2,deportes,120.09,2025-05-09
9172,436,3,electronica,181.05,2025-04-05
9173,513,3,mercado,13.85,2025-11-25
9174,30,4,ropa,25.94,2025-01-21
9175,483,1,hogar,32.52,2025-07-15
9176,121,1,libros,87.63,2025-02-15
9177,102,2,electronica,222.64,2025-12-15
9178,134,4,libros,213.59,2025-09-12
9179,192,2,deportes,69.57,2025-07-25
9180,594,2,hogar,6.67,2025-10-27
9181,344,1,ropa,20.66,2025-03-24
9182,482,4,mercado,90.12,2025-12-10
9183,352,2,deportes,89.17,2025-03-09
9184,323,1,electronica,319.2,2025-01-22
9185,712,3,hogar,274.8,2025-01-25
9186,706,5,mercado,110.59,2025-05-26
9187,260,6,electronica,169.87,2025-11-26
9188,168,1,electronica,116.98,2025-02-26
9189,764,2,electronica,699.02,2025-08-08
9190,719,2,ropa,125.84,2025-01-14
9191,477,3,ropa,59.16,2025-12-25
9192,60,6,electronica,26.3,2025-05-07
9193,486,1,ropa,32.16,2025-09-03
9194,392,2,electronica,10.75,2025-08-02
9195,384,2,mercado,110.65,2025-04-26
9196,52,5,mercado,15.83,2025-06-01
9197,668,1,hogar,26.7,2025-09-05
9198,646,6,electronica,1016.88,2025-11-28
9199,699,1,mercado,39.27,2025-08-24
9200,164,2,libros,74.86,2025-04-01
9201,26,3,mercado,214.99,2025-03-06
9202,262,1,hogar,54.74,2025-12-04
9203,661,4,ropa,113.41,2025-03-28
9204,510,2,mercado,56.02,2025-11-20
9205,113,4,electronica,356.67,2025-12-21
9206,188,1,ropa,35.84,2025-07-14
9207,93,1,hogar,100.61,2025-02-25
9208,590,1,electronica,293.64,2025-01-12
9209,718,1,deportes,122.62,2025-09-14
9210,113,2,hogar,332.32,2025-05-08
9211,60,1,ropa,23.25,2025-12-04
9212,378,4,mercado,147.0,2025-09-11
9213,564,2,ropa,12.55,2025-12-19
9214,555,2,electronica,171.0,2025-04-17
9215,652,5,hogar,151.54,2025-08-24
9216,706,2,hogar,203.82,2025-03-23
9217,383,2,libros,24.51,2025-02-21
9218,213,4,electronica,134.66,2025-07-14
9219,726,2,mercado,5.61,2025-07-02
9220,372,2,ropa,72.14,2025-06-26
9221,611,1,ropa,81.93,2025-03-22
9222,209,2,electronica,784.15,2025-05-04
9223,259,3,mercado,72.74,2025-11-24
9224,80,3,electronica,218.67,2025-12-27
9225,345,2,deportes,357.51,2025-05-05
9226,479,3,libros,10.02,2025-03-12
9227,389,2,juguetes,13.93,2025-04-18
9228,330,1,electronica,120.84,2025-08-08
9229,494,3,mercado,101.83,2025-10-21
9230,333,2,electronica,156.49,2025-06-02
9231,252,2,electronica,43.63,2025-10-23
9232,501,6,hogar,100.47,2025-08-20
9233,760,4,juguetes,83.27,2025-03-06
9234,691,2,electronica,608.79,2025-10-24
9235,96,2,electronica,313.79,2025-03-10
9236,305,5,deportes,140.12,2025-05-22
9237,275,4,ropa,82.88,2025-07-01
9238,411,2,libros,38.35,2025-12-10
9239,685,1,mercado,16.06,2025-07-14
9240,673,3,ropa,37.38,2025-02-07
9241,217,1,mercado,46.14,2025-10-17
9242,797,1,electronica,420.35,2025-04-17
9243,464,1,juguetes,41.4,2025-08-12
9244,310,1,hogar,25.27,2025-08-08
9245,707,3,hogar,241.36,2025-04-28
9246,54,2,mercado,234.58,2025-02-05
9247,379,1,hogar,133.67,2025-07-26
9248,764,4,ropa,30.12,2025-09-07
9249,403,2,electronica,385.27,2025-07-25
9250,501,1,libros,22.58,2025-10-03
9251,759,5,ropa,246.79,2025-07-17
9252,424,2,ropa,32.06,2025-12-17
9253,233,6,electronica,508.76,2025-01-01
9254,708,5,hogar,52.66,2025-07-03
9255,112,4,ropa,165.71,2025-11-01
9256,95,1,mercado,16.54,2025-09-08
9257,746,2,mercado,97.75,2025-09-28
9258,546,6,hogar,183.55,2025-12-24
9259,401,3,ropa,23.34,2025-07-04
9260,272,2,deportes,173.7,2025-01-16
9261,710,1,hogar,70.21,2025-04-24
9262,162,2,libros,37.92,2025-01-11
9263,319,1,electronica,113.06,2025-08-03
9264,485,5,hogar,95.65,2025-01-23
9265,109,2,electronica,156.38,2025-03-16
9266,794,1,juguetes,28.36,2025-03-28
9267,383,6,electronica,197.19,2025-12-08
9268,512,2,ropa,99.5,2025-03-13
9269,662,2,libros,16.95,2025-03-14
9270,501,2,electronica,39.83,2025-03-04
9271,27,1,hogar,34.5,2025-08-13
9272,158,2,electronica,99.53,2025-04-24
9273,111,6,mercado,44.4,2025-04-22
9274,689,1,electronica,162.89,2025-09-08
9275,733,2,electronica,841.8,2025-08-10
9276,322,5,ropa,27.02,2025-08-03
9277,465,1,ropa,83.29,2025-10-21
9278,281,3,libros,36.2,2025-03-02
9279,21,6,libros,80.77,2025-06-01
9280,306,2,libros,29.75,2025-06-17
9281,221,1,electronica,578.38,2025-10-15
9282,581,1,hogar,275.63,2025-09-17
9283,273,2,ropa,24.14,2025-09-27
9284,435,2,electronica,746.75,2025-06-28
9285,36,1,libros,34.4,2025-08-04
9286,668,3,ropa,46.64,2025-10-28
9287,257,4,electronica,294.82,2025-03-25
9288,172,7,mercado,24.46,2025-06-26
9289,332,4,hogar,18.04,2025-01-18
9290,424,6,mercado,36.12,2025-03-10
9291,341,3,hogar,59.65,2025-12-14
9292,192,1,mercado,33.66,2025-01-27
9293,423,2,electronica,697.56,2025-01-02
9294,91,2,deportes,16.92,2025-03-09
9295,529,3,hogar,239.73,2025-05-16
9296,318,6,electronica,107.94,2025-02-05
9297,238,6,libros,7.02,2025-01-16
9298,474,1,electronica,167.25,2025-01-21
9299,521,2,ropa,31.89,2025-12-25
9300,706,2,mercado,36.33,2025-10-20
9301,758,4,ropa,199.3,2025-05-12
9302,706,2,hogar,270.69,2025-03-14
9303,380,2,electronica,78.11,2025-08-21
9304,152,3,hogar,108.25,2025-03-10
9305,391,2,electronica,244.16,2025-01-26
9306,421,3,libros,6.05,2025-04-09
9307,386,4,juguetes,21.46,2025-06-08
9308,187,2,electronica,89.07,2025-05-22
9309,566,2,electronica,579.83,2025-11-22
9310,516,1,libros,128.47,2025-11-05
9311,4,2,ropa,5.94,2025-11-02
9312,238,4,electronica,71.83,2025-07-07
9313,762,2,electronica,81.81,2025-03-05
9314,190,1,mercado,15.76,2025-01-15
9315,770,4,ropa,64.4,2025-12-25
9316,150,1,mercado,111.33,2025-09-03
9317,295,2,ropa,101.9,2025-06-27
9318,228,2,ropa,46.2,2025-10-21
9319,159,6,hogar,298.87,2025-06-22
9320,786,2,mercado,25.62,2025-03-04
9321,41,2,ropa,10.59,2025-04-16
9322,349,3,mercado,58.17,2025-07-03
9323,286,2,libros,46.26,2025-03-03
9324,405,5,electronica,541.99,2025-12-27
9325,472,2,deportes,99.37,2025-06-13
9326,417,3,mercado,27.03,2025-03-26
9327,748,1,electronica,206.65,2025-12-18
9328,540,1,mercado,143.85,2025-01-06
9329,785,6,ropa,5.58,2025-06-16
9330,311,1,hogar,227.69,2025-10-15
9331,289,2,ropa,102.1,2025-07-06
9332,245,7,libros,16.13,2025-11-03
9333,643,2,hogar,102.4,2025-06-15
9334,445,2,ropa,20.77,2025-10-02
9335,28,4,ropa,108.87,2025-02-24
9336,383,2,libros,48.8,2025-04-08
9337,314,4,electronica,355.06,2025-12-19
9338,601,3,ropa,131.49,2025-06-16
9339,405,1,hogar,33.38,2025-12-10
9340,151,1,deportes,86.31,2025-04-18
9341,215,3,deportes,111.4,2025-11-16
9342,488,1,mercado,18.26,2025-08-17
9343,169,2,deportes,57.89,2025-04-07
9344,349,1,electronica,490.64,2025-06-05
9345,355,1,electronica,21.7,2025-06-25
9346,437,2,electronica,250.39,2025-01-02
9347,187,2,ropa,52.14,2025-07-06
9348,20,2,mercado,192.89,2025-11-26
9349,72,1,ropa,19.13,2025-10-12
9350,674,1,electronica,85.01,2025-07-14
9351,769,3,electronica,230.65,2025-01-19
9352,325,1,electronica,672.96,2025-05-04
9353,170,2,mercado,58.58,2025-01-26
9354,439,2,electronica,22.93,2025-08-16
9355,562,3,mercado,74.96,2025-10-03
9356,188,1,electronica,323.58,2025-06-06
9357,691,2,mercado,111.1,2025-02-23
9358,748,1,electronica,258.5,2025-09-22
9359,291,4,ropa,12.78,2025-12-19
9360,118,3,electronica,783.85,2025-05-18
9361,688,3,electronica,27.17,2025-09-26
9362,702,2,electronica,151.22,2025-11-01
9363,441,2,ropa,47.01,2025-04-28
9364,522,2,hogar,36.95,2025-10-13
9365,673,3,ropa,32.62,2025-07-03
9366,379,5,hogar,13.24,2025-08-27
9367,664,3,deportes,363.03,2025-06-18
9368,142,3,mercado,56.96,2025-11-18
9369,688,1,mercado,174.48,2025-01-19
9370,33,7,deportes,133.52,2025-11-13
9371,376,1,electronica,238.43,2025-12-16
9372,85,1,ropa,268.46,2025-07-18
9373,792,1,electronica,363.79,2025-07-25
9374,538,2,mercado,69.84,2025-12-07
9375,530,2,mercado,110.94,2025-05-02
9376,772,2,electronica,107.79,2025-02-21
9377,775,3,ropa,99.78,2025-05-22
9378,313,1,ropa,8.06,2025-10-18
9379,26,3,mercado,7.73,2025-02-24
9380,739,2,electronica,132.62,2025-06-16
9381,496,2,electronica,267.19,2025-01-26
9382,231,1,hogar,198.73,2025-05-12
9383,40,1,electronica,222.65,2025-11-21
9384,274,2,deportes,226.17,2025-03-26
9385,781,2,deportes,34.95,2025-09-07
9386,430,2,electronica,484.7,2025-07-25
9387,19,4,ropa,61.23,2025-10-15
9388,163,4,electronica,60.54,2025-08-12
9389,27,1,libros,9.6,2025-03-21
9390,115,5,ropa,82.31,2025-05-11
9391,482,7,hogar,246.24,2025-02-19
9392,256,1,deportes,168.56,2025-01-12
9393,448,1,juguetes,114.02,2025-05-19
9394,219,1,mercado,66.31,2025-10-19
9395,351,4,ropa,6.53,2025-03-14
9396,251,1,ropa,140.11,2025-10-06
9397,726,1,mercado,7.17,2025-01-09
9398,289,3,libros,40.04,2025-10-20
9399,81,4,ropa,31.68,2025-07-07
9400,282,3,ropa,35.46,2025-06-20
9401,313,1,electronica,485.61,2025-12-22
9402,498,2,ropa,13.91,2025-10-06
9403,370,2,ropa,171.13,2025-02-08
9404,321,1,ropa,24.3,2025-12-11
9405,146,2,juguetes,20.21,2025-04-27
9406,135,1,hogar,61.55,2025-03-27
9407,55,1,mercado,64.28,2025-08-21
9408,692,3,ropa,64.5,2025-07-12
9409,135,1,libros,91.79,2025-02-04
9410,406,2,electronica,104.61,2025-02-24
9411,181,5,juguetes,18.05,2025-09-20
9412,467,2,electronica,58.07,2025-08-28
9413,313,4,hogar,134.51,2025-02-02
9414,683,1,mercado,201.73,2025-01-02
9415,492,3,ropa,34.78,2025-10-15
9416,497,1,juguetes,48.51,2025-02-21
9417,9,7,ropa,116.25,2025-01-02
9418,171,6,mercado,54.37,2025-09-21
9419,61,5,juguetes,5.2,2025-11-28
9420,782,4,electronica,374.41,2025-09-17
9421,593,1,ropa,9.43,2025-03-05
9422,94,7,ropa,42.95,2025-11-07
9423,497,1,mercado,8.86,2025-05-12
9424,358,1,mercado,32.58,2025-12-16
9425,686,2,electronica,146.14,2025-08-08
9426,385,3,ropa,41.08,2025-06-24
9427,622,3,electronica,67.58,2025-03-13
9428,267,6,mercado,70.95,2025-02-08
9429,354,3,deportes,175.93,2025-12-12
9430,120,6,ropa,21.4,2025-03-11
9431,82,1,ropa,60.05,2025-12-16
9432,721,2,electronica,6.53,2025-07-08
9433,628,1,mercado,143.15,2025-09-15
9434,381,1,electronica,34.26,2025-12-19
9435,727,4,deportes,68.48,2025-06-22
9436,419,1,deportes,100.93,2025-02-14
9437,119,2,mercado,40.95,2025-09-04
9438,692,2,hogar,419.5,2025-09-11
9439,602,4,juguetes,32.17,2025-03-13
9440,261,1,mercado,38.09,2025-07-06
9441,48,7,hogar,211.2,2025-07-16
9442,672,4,mercado,241.82,2025-03-23
9443,398,1,juguetes,18.78,2025-04-10
9444,537,1,deportes,20.48,2025-06-19
9445,605,7,mercado,25.54,2025-07-19
9446,329,3,libros,42.35,2025-09-07
9447,29,4,electronica,58.06,2025-10-09
9448,149,2,electronica,497.47,2025-07-22
9449,143,2,libros,74.0,2025-02-18
9450,660,2,electronica,604.23,2025-04-13
9451,295,2,hogar,146.91,2025-05-20
9452,440,2,juguetes,16.83,2025-03-27
9453,323,5,electronica,320.33,2025-06-16
9454,532,2,hogar,52.33,2025-12-07
9455,662,2,ropa,22.24,2025-01-15
9456,377,1,mercado,167.32,2025-09-15
9457,797,3,juguetes,33.18,2025-08-19
9458,531,3,ropa,41.79,2025-12-15
9459,551,4,ropa,66.5,2025-09-09
9460,705,1,ropa,37.99,2025-01-08
9461,536,2,deportes,109.19,2025-02-12
9462,38,1,hogar,187.95,2025-03-22
9463,411,2,hogar,117.33,2025-03-12
9464,216,2,electronica,238.61,2025-03-14
9465,567,2,ropa,46.68,2025-12-19
9466,137,1,electronica,59.83,2025-02-27
9467,263,2,electronica,55.97,2025-08-12
9468,395,3,ropa,221.82,2025-09-03
9469,420,7,hogar,17.72,2025-09-05
9470,606,7,electronica,321.58,2025-01-17
9471,639,6,hogar,499.77,2025-12-07
9472,552,2,hogar,513.2,2025-09-09
9473,585,1,electronica,208.58,2025-12-23
9474,399,2,mercado,14.57,2025-09-08
9475,231,1,mercado,10.8,2025-06-20
9476,591,1,libros,10.34,2025-05-02
9477,614,3,libros,20.32,2025-03-12
9478,380,5,hogar,80.52,2025-01-07
9479,282,2,libros,54.97,2025-11-27
9480,222,6,juguetes,10.83,2025-05-28
9481,681,1,mercado,22.02,2025-03-26
9482,413,1,ropa,104.42,2025-12-05
9483,175,4,juguetes,137.95,2025-05-28
9484,591,4,hogar,32.99,2025-01-09
9485,68,3,electronica,579.33,2025-08-25
9486,439,2,mercado,50.6,2025-10-04
9487,46,2,electronica,322.77,2025-02-04
9488,140,1,hogar,134.89,2025-01-17
9489,12,1,electronica,754.53,2025-11-09
9490,206,3,ropa,162.71,2025-07-26
9491,518,3,mercado,117.47,2025-12-21
9492,323,1,mercado,57.0,2025-05-21
9493,211,5,libros,16.62,2025-07-24
9494,637,2,electronica,63.21,2025-06-25
9495,712,7,mercado,85.49,2025-10-07
9496,293,2,ropa,117.94,2025-02-06
9497,152,3,hogar,177.09,2025-09-22
9498,344,4,mercado,8.69,2025-01-25
9499,423,3,ropa,17.06,2025-10-28
9500,105,2,ropa,195.79,2025-06-22
9501,786,3,deportes,27.68,2025-03-23
9502,558,2,ropa,57.05,2025-07-24
9503,608,1,deportes,190.0,2025-06-11
9504,123,5,ropa,111.64,2025-07-21
9505,340,4,electronica,22.14,2025-06-18
9506,172,4,ropa,35.68,2025-10-16
9507,581,2,ropa,105.68,2025-09-28
9508,484,5,hogar,13.63,2025-09-03
9509,516,2,mercado,44.46,2025-03-06
9510,491,3,electronica,448.65,2025-08-26
9511,141,1,electronica,55.66,2025-02-04
9512,558,2,electronica,5.32,2025-04-12
9513,356,1,ropa,20.83,2025-02-10
9514,287,5,hogar,42.23,2025-10-15
9515,436,1,electronica,289.59,2025-11-23
9516,207,5,hogar,86.25,2025-09-10
9517,216,2,ropa,43.82,2025-01-08
9518,64,3,ropa,76.45,2025-07-05
9519,204,3,mercado,67.68,2025-11-26
9520,381,3,electronica,46.83,2025-09-22
9521,25,2,ropa,6.66,2025-04-08
9522,94,3,hogar,183.62,2025-01-11
9523,144,1,electronica,151.34,2025-03-23
9524,139,6,electronica,64.12,2025-09-27
9525,42,1,deportes,108.36,2025-06-26
9526,637,2,libros,12.72,2025-02-02
9527,171,2,mercado,11.15,2025-11-04
9528,360,1,mercado,24.61,2025-05-09
9529,740,2,deportes,17.11,2025-10-07
9530,31,5,hogar,115.51,2025-05-21
9531,194,1,libros,5.38,2025-02-07
9532,371,1,hogar,16.79,2025-04-11
9533,38,6,ropa,45.81,2025-12-26
9534,110,2,ropa,139.23,2025-02-15
9535,734,4,ropa,52.53,2025-06-17
9536,721,2,hogar,248.54,2025-12-07
9537,690,3,electronica,364.46,2025-03-17
9538,718,7,hogar,132.55,2025-02-05
9539,413,1,juguetes,63.31,2025-07-22
9540,470,5,ropa,15.3,2025-11-10
9541,272,1,ropa,42.19,2025-11-25
9542,160,7,hogar,84.31,2025-01-04
9543,199,2,juguetes,10.82,2025-02-27
9544,569,2,hogar,209.15,2025-04-07
9545,450,4,ropa,35.81,2025-04-21
9546,98,2,mercado,37.95,2025-04-18
9547,38,6,libros,10.23,2025-11-21
9548,407,2,juguetes,38.06,2025-03-07
9549,322,1,mercado,136.38,2025-06-10
9550,314,4,hogar,82.79,2025-05-17
9551,555,2,juguetes,29.82,2025-07-22
9552,45,1,mercado,8.39,2025-10-19
9553,602,2,mercado,86.95,2025-08-24
9554,653,1,hogar,347.76,2025-01-20
9555,643,4,mercado,68.27,2025-09-28
9556,130,3,electronica,208.25,2025-07-17
9557,525,2,juguetes,91.61,2025-03-02
9558,394,1,electronica,8.13,2025-10-09
9559,142,7,hogar,121.89,2025-01-10
9560,523,2,mercado,14.87,2025-11-25
9561,776,2,deportes,80.07,2025-07-22
9562,333,1,electronica,213.64,2025-07-22
9563,173,3,electronica,33.96,2025-03-12
9564,127,1,mercado,12.86,2025-07-02
9565,237,3,electronica,171.66,2025-10-07
9566,61,1,ropa,60.53,2025-07-19
9567,559,4,ropa,47.64,2025-12-01
9568,391,3,hogar,184.33,2025-01-25
9569,111,2,mercado,135.98,2025-02-07
9570,129,6,libros,97.89,2025-06-12
9571,308,2,ropa,47.67,2025-04-03
9572,739,2,ropa,51.29,2025-06-02
9573,733,3,juguetes,97.49,2025-06-10
9574,81,2,deportes,25.94,2025-07-24
9575,394,2,ropa,27.97,2025-02-20
9576,499,2,mercado,144.82,2025-09-05
9577,346,1,deportes,15.9,2025-04-19
9578,103,1,ropa,173.98,2025-02-16
9579,267,4,ropa,7.2,2025-07-25
9580,91,2,hogar,36.04,2025-11-24
9581,760,3,libros,10.97,2025-07-25
9582,141,1,electronica,286.12,2025-09-01
9583,110,2,electronica,88.03,2025-02-06
9584,767,3,mercado,28.26,2025-10-24
9585,272,2,mercado,59.25,2025-02-25
9586,63,1,deportes,333.11,2025-09-04
9587,450,2,electronica,289.21,2025-02-26
9588,284,2,ropa,238.35,2025-12-23
9589,217,3,libros,42.79,2025-12-04
9590,269,5,electronica,275.39,2025-09-02
9591,189,2,juguetes,64.27,2025-01-11
9592,536,1,electronica,596.18,2025-09-05
9593,691,3,mercado,10.98,2025-12-16
9594,694,1,ropa,192.84,2025-10-01
9595,798,1,electronica,176.45,2025-09-15
9596,575,1,ropa,31.97,2025-08-07
9597,738,6,electronica,221.71,2025-08-17
9598,279,1,mercado,63.64,2025-11-24
9599,748,1,mercado,197.25,2025-12-21
9600,313,1,electronica,233.41,2025-11-23
9601,114,3,electronica,1171.48,2025-08-28
9602,18,6,mercado,8.17,2025-11-09
9603,593,2,electronica,90.91,2025-12-20
9604,697,1,mercado,18.92,2025-07-26
9605,158,1,ropa,23.18,2025-09-08
9606,647,3,libros,27.87,2025-11-17
9607,104,2,electronica,166.97,2025-02-21
9608,752,3,mercado,28.97,2025-09-26
9609,166,2,ropa,87.27,2025-09-10
9610,197,1,mercado,84.5,2025-10-15
9611,483,2,ropa,86.32,2025-04-05
9612,207,3,libros,10.13,2025-05-23
9613,782,2,ropa,59.19,2025-04-23
9614,66,2,electronica,699.45,2025-08-06
9615,364,1,hogar,16.43,2025-05-25
9616,390,4,mercado,82.63,2025-03-20
9617,606,2,electronica,84.05,2025-04-16
9618,756,2,deportes,13.27,2025-08-03
9619,482,1,hogar,52.34,2025-03-16
9620,216,5,hogar,69.91,2025-09-09
9621,222,4,juguetes,93.26,2025-08-18
9622,173,1,ropa,34.11,2025-08-17
9623,317,2,mercado,25.22,2025-04-22
9624,38,5,ropa,18.83,2025-04-17
9625,447,2,libros,5.51,2025-06-17
9626,35,1,hogar,43.41,2025-12-06
9627,7,1,electronica,86.35,2025-03-10
9628,762,4,ropa,26.93,2025-12-27
9629,296,1,electronica,446.62,2025-04-19
9630,483,1,hogar,253.45,2025-12-04
9631,784,3,ropa,47.97,2025-07-18
9632,48,1,mercado,11.47,2025-09-15
9633,206,3,electronica,259.7,2025-07-14
9634,78,1,libros,47.54,2025-03-01
9635,719,2,hogar,150.4,2025-12-13
9636,63,1,libros,107.08,2025-11-11
9637,473,1,deportes,93.92,2025-06-27
9638,667,2,mercado,131.61,2025-11-15
9639,233,1,hogar,167.99,2025-10-07
9640,631,1,hogar,220.37,2025-06-25
9641,403,6,ropa,30.92,2025-08-21
9642,719,1,ropa,56.93,2025-12-22
9643,449,2,deportes,39.7,2025-10-05
9644,645,5,juguetes,18.47,2025-01-18
9645,772,2,mercado,108.66,2025-02-12
9646,7,1,ropa,7.07,2025-07-15
9647,288,2,ropa,8.55,2025-11-18
9648,500,1,electronica,1004.18,2025-06-21
9649,719,4,ropa,159.88,2025-12-26
9650,296,3,electronica,43.93,2025-02-21
9651,87,2,libros,62.23,2025-01-08
9652,182,2,libros,63.24,2025-04-13
9653,342,1,ropa,203.15,2025-07-22
9654,681,1,electronica,150.66,2025-03-27
9655,551,1,ropa,136.62,2025-09-15
9656,571,1,mercado,11.97,2025-12-21
9657,747,1,mercado,7.65,2025-07-01
9658,648,2,electronica,233.85,2025-11-05
9659,16,1,ropa,77.22,2025-05-08
9660,584,2,electronica,23.57,2025-04-23
9661,311,1,deportes,492.71,2025-09-19
9662,775,2,libros,32.49,2025-05-21
9663,618,1,hogar,463.33,2025-02-09
9664,797,2,deportes,117.38,2025-08-09
9665,753,1,deportes,87.79,2025-10-13
9666,53,4,ropa,13.69,2025-08-28
9667,531,2,mercado,16.49,2025-12-17
9668,766,4,electronica,81.42,2025-01-21
9669,10,1,electronica,458.16,2025-12-17
9670,621,1,electronica,294.17,2025-05-13
9671,619,2,electronica,117.53,2025-04-24
9672,772,3,deportes,17.65,2025-12-18
9673,748,1,electronica,422.15,2025-10-18
9674,343,2,ropa,240.97,2025-06-21
9675,335,1,ropa,11.96,2025-04-02
9676,313,1,hogar,46.37,2025-09-26
9677,234,2,electronica,434.83,2025-06-12
9678,755,1,hogar,73.92,2025-04-04
9679,378,3,hogar,149.09,2025-04-23
9680,643,7,mercado,83.95,2025-09-12
9681,85,4,mercado,96.07,2025-12-04
9682,271,1,deportes,56.34,2025-06-12
9683,303,4,electronica,167.84,2025-12-21
9684,60,1,ropa,82.25,2025-06-08
9685,101,3,ropa,212.18,2025-10-28
9686,102,4,mercado,19.62,2025-07-12
9687,245,1,ropa,57.67,2025-06-23
9688,408,2,hogar,65.31,2025-07-25
9689,640,2,electronica,205.25,2025-10-16
9690,267,3,ropa,7.29,2025-12-04
9691,800,1,electronica,144.87,2025-07-06
9692,12,2,ropa,17.99,2025-03-20
9693,779,1,mercado,22.88,2025-12-21
9694,639,2,mercado,9.69,2025-06-06
9695,263,2,electronica,74.74,2025-08-24
9696,92,1,juguetes,8.51,2025-12-19
9697,305,1,mercado,17.28,2025-01-28
9698,296,1,mercado,35.07,2025-07-16
9699,626,1,mercado,26.64,2025-12-13
9700,482,1,libros,15.3,2025-04-24
9701,718,2,hogar,19.4,2025-04-22
9702,510,1,ropa,99.68,2025-05-21
9703,754,3,electronica,406.8,2025-09-25
9704,137,4,ropa,25.45,2025-02-27
9705,629,1,electronica,207.46,2025-06-07
9706,446,6,libros,13.9,2025-02-06
9707,41,1,deportes,88.38,2025-01-15
9708,4,2,deportes,29.67,2025-02-20
9709,28,2,deportes,84.41,2025-11-01
9710,795,1,ropa,71.15,2025-02-08
9711,72,3,mercado,56.59,2025-04-15
9712,595,2,electronica,52.13,2025-02-15
9713,732,2,ropa,200.84,2025-02-10
9714,587,2,juguetes,15.44,2025-11-01
9715,9,3,electronica,116.33,2025-01-06
9716,299,4,hogar,233.76,2025-11-14
9717,753,1,electronica,292.28,2025-06-08
9718,663,5,ropa,40.74,2025-02-20
9719,156,2,ropa,48.17,2025-08-02
9720,394,1,electronica,345.87,2025-07-20
9721,589,2,juguetes,40.3,2025-05-02
9722,577,1,mercado,149.73,2025-03-03
9723,151,4,electronica,192.43,2025-11-23
9724,622,1,ropa,168.13,2025-03-16
9725,794,1,ropa,13.89,2025-01-16
9726,181,1,mercado,118.73,2025-09-07
9727,622,7,electronica,607.01,2025-11-10
9728,279,1,ropa,21.27,2025-09-02
9729,435,1,mercado,248.41,2025-12-18
9730,42,7,ropa,156.1,2025-07-17
9731,526,2,ropa,107.68,2025-01-20
9732,324,1,hogar,155.06,2025-11-13
9733,776,7,electronica,129.54,2025-05-24
9734,506,1,hogar,363.76,2025-12-23
9735,340,1,electronica,753.73,2025-10-23
9736,666,1,electronica,111.02,2025-03-06
9737,406,7,electronica,162.96,2025-12-16
9738,412,3,electronica,152.75,2025-08-16
9739,183,2,hogar,7.17,2025-09-06
9740,371,3,mercado,13.74,2025-09-10
9741,252,2,juguetes,33.63,2025-08-15
9742,621,2,electronica,315.69,2025-06-23
9743,730,2,mercado,148.9,2025-01-11
9744,678,3,electronica,885.77,2025-01-28
9745,151,2,hogar,31.11,2025-08-11
9746,476,7,ropa,13.97,2025-08-03
9747,230,2,electronica,46.89,2025-02-22
9748,525,2,electronica,39.81,2025-08-03
9749,236,2,electronica,54.32,2025-11-10
9750,597,3,hogar,12.27,2025-03-11
9751,579,2,ropa,306.18,2025-06-23
9752,20,1,deportes,73.64,2025-09-20
9753,184,1,hogar,84.62,2025-11-25
9754,603,1,juguetes,64.85,2025-01-17
9755,353,2,deportes,308.23,2025-01-15
9756,420,1,hogar,113.02,2025-04-04
9757,749,4,ropa,91.61,2025-06-04
9758,577,3,electronica,24.82,2025-08-09
9759,573,2,hogar,54.05,2025-02-27
9760,763,2,ropa,23.79,2025-07-07
9761,246,2,ropa,32.6,2025-02-12
9762,313,4,hogar,94.56,2025-12-24
9763,109,2,electronica,195.94,2025-08-25
9764,618,2,electronica,131.78,2025-04-07
9765,465,1,electronica,175.56,2025-04-06
9766,389,1,juguetes,39.02,2025-03-06
9767,278,1,deportes,107.61,2025-12-24
9768,214,1,hogar,103.77,2025-10-22
9769,566,6,mercado,6.44,2025-09-07
9770,652,4,libros,12.34,2025-02-22
9771,666,2,electronica,942.82,2025-07-17
9772,688,3,hogar,32.15,2025-09-08
9773,745,1,electronica,246.68,2025-05-12
9774,273,1,libros,13.87,2025-08-22
9775,3,1,ropa,8.92,2025-11-14
9776,156,1,mercado,9.79,2025-09-04
9777,748,7,electronica,202.25,2025-09-06
9778,288,1,deportes,28.74,2025-03-01
9779,64,2,ropa,297.0,2025-10-19
9780,259,1,electronica,54.22,2025-10-03
9781,411,1,hogar,19.77,2025-09-18
9782,338,3,deportes,122.16,2025-06-23
9783,542,1,mercado,48.03,2025-02-25
9784,179,1,electronica,152.81,2025-05-05
9785,683,1,hogar,12.58,2025-06-20
9786,268,2,mercado,21.57,2025-05-25
9787,365,2,electronica,123.99,2025-02-19
9788,83,2,mercado,16.78,2025-05-04
9789,582,2,mercado,156.06,2025-05-06
9790,125,1,deportes,254.8,2025-04-17
9791,291,1,mercado,94.6,2025-11-20
9792,117,2,mercado,19.19,2025-07-14
9793,174,4,hogar,85.13,2025-04-08
9794,488,2,juguetes,94.14,2025-01-13
9795,37,2,ropa,39.67,2025-03-13
9796,205,1,ropa,83.88,2025-05-02
9797,347,2,mercado,21.17,2025-02-24
9798,629,2,ropa,87.9,2025-02-14
9799,729,3,deportes,23.5,2025-03-07
9800,121,2,ropa,93.91,2025-10-15
9801,105,2,ropa,23.39,2025-08-26
9802,291,1,hogar,62.36,2025-02-01
9803,654,3,ropa,195.68,2025-01-15
9804,618,3,mercado,5.97,2025-09-16
9805,575,5,hogar,53.78,2025-09-14
9806,545,3,hogar,14.4,2025-08-14
9807,522,1,ropa,29.25,2025-01-19
9808,668,1,mercado,38.94,2025-03-15
9809,620,2,hogar,24.21,2025-01-24
9810,392,2,deportes,195.82,2025-01-18
9811,232,4,electronica,161.38,2025-11-19
9812,320,2,ropa,29.31,2025-02-01
9813,274,6,mercado,205.98,2025-05-20
9814,790,1,ropa,18.22,2025-11-26
9815,592,2,mercado,31.02,2025-07-13
9816,128,5,hogar,252.5,2025-10-03
9817,262,2,electronica,297.77,2025-06-21
9818,663,2,ropa,140.58,2025-03-21
9819,724,2,mercado,101.64,2025-09-05
9820,207,2,juguetes,23.85,2025-05-17
9821,773,2,electronica,1016.23,2025-03-01
9822,59,5,mercado,39.38,2025-03-21
9823,677,2,libros,54.93,2025-11-22
9824,105,2,electronica,102.6,2025-05-13
9825,381,2,electronica,24.83,2025-04-25
9826,713,4,libros,47.58,2025-03-21
9827,277,3,hogar,61.08,2025-07-19
9828,131,3,electronica,589.85,2025-06-24
9829,346,1,ropa,192.3,2025-08-23
9830,509,3,electronica,17.61,2025-04-04
9831,148,1,electronica,240.49,2025-07-05
9832,504,1,electronica,18.72,2025-05-28
9833,654,1,electronica,96.59,2025-12-25
9834,59,1,ropa,16.95,2025-01-28
9835,219,2,hogar,274.34,2025-04-11
9836,475,2,deportes,262.64,2025-06-01
9837,581,1,electronica,194.8,2025-12-09
9838,392,1,hogar,86.08,2025-04-15
9839,386,1,electronica,143.88,2025-05-19
9840,187,1,ropa,72.91,2025-03-10
9841,360,2,electronica,82.75,2025-03-13
9842,174,2,mercado,18.39,2025-08-20
9843,52,1,ropa,28.25,2025-04-09
9844,453,2,hogar,94.71,2025-06-06
9845,745,3,deportes,14.24,2025-04-03
9846,431,4,ropa,59.49,2025-05-25
9847,504,4,electronica,1740.58,2025-03-05
9848,768,1,mercado,199.55,2025-02-19
9849,475,2,mercado,14.44,2025-09-26
9850,111,2,mercado,27.0,2025-05-19
9851,298,4,electronica,43.66,2025-06-13
9852,474,1,electronica,283.57,2025-02-04
9853,185,1,mercado,91.35,2025-06-23
9854,398,3,electronica,318.02,2025-08-03
9855,151,3,libros,82.44,2025-09-02
9856,400,1,mercado,33.12,2025-03-08
9857,544,3,juguetes,64.18,2025-04-13
9858,262,7,mercado,23.72,2025-05-02
9859,695,2,libros,36.31,2025-01-05
9860,217,3,libros,21.82,2025-12-27
9861,586,6,electronica,315.59,2025-11-14
9862,90,2,electronica,447.31,2025-05-18
9863,742,4,mercado,262.34,2025-05-08
9864,578,4,electronica,24.88,2025-06-02
9865,639,2,deportes,16.54,2025-09-19
9866,144,2,electronica,138.67,2025-12-11
9867,210,1,libros,51.26,2025-03-07
9868,144,1,juguetes,92.72,2025-03-01
9869,693,7,deportes,295.55,2025-01-28
9870,206,1,ropa,259.36,2025-11-06
9871,249,1,deportes,41.98,2025-11-23
9872,736,3,electronica,295.69,2025-11-18
9873,306,7,hogar,169.61,2025-01-23
9874,334,4,electronica,434.17,2025-02-18
9875,379,2,hogar,35.44,2025-05-03
9876,484,1,electronica,95.83,2025-04-18
9877,239,1,electronica,497.58,2025-02-01
9878,234,6,mercado,57.62,2025-04-20
9879,165,6,mercado,52.3,2025-03-14
9880,272,3,hogar,535.74,2025-03-17
9881,77,6,ropa,52.67,2025-03-04
9882,311,1,deportes,84.66,2025-01-01
9883,67,2,ropa,83.87,2025-12-19
9884,61,1,libros,7.98,2025-01-24
9885,186,5,juguetes,58.45,2025-06-26
9886,656,1,mercado,18.77,2025-04-04
9887,92,1,electronica,564.45,2025-08-13
9888,479,1,mercado,38.33,2025-09-23
9889,102,2,ropa,104.48,2025-02-17
9890,249,3,hogar,153.42,2025-09-06
9891,102,3,electronica,55.56,2025-06-20
9892,221,2,electronica,213.69,2025-10-02
9893,122,1,hogar,28.29,2025-06-26
9894,120,2,electronica,74.69,2025-12-25
9895,693,1,mercado,37.26,2025-10-05
9896,514,3,electronica,218.51,2025-02-28
9897,112,1,juguetes,49.43,2025-02-26
9898,332,6,electronica,657.22,2025-05-23
9899,740,4,ropa,52.76,2025-11-02
9900,134,1,electronica,287.64,2025-01-05
9901,399,2,hogar,10.55,2025-07-23
9902,408,5,ropa,9.34,2025-10-13
9903,559,1,ropa,5.24,2025-01-08
9904,501,1,ropa,16.27,2025-12-02
9905,149,1,ropa,8.98,2025-08-18
9906,157,2,electronica,663.27,2025-09-17
9907,715,2,ropa,262.9,2025-05-25
9908,647,6,ropa,116.78,2025-06-23
9909,365,3,electronica,502.4,2025-11-19
9910,253,1,libros,23.43,2025-05-09
9911,578,1,mercado,84.97,2025-04-27
9912,654,1,deportes,9.73,2025-10-08
9913,649,7,mercado,42.49,2025-10-08
9914,655,2,electronica,31.71,2025-12-16
9915,566,2,ropa,224.72,2025-10-14
9916,115,2,mercado,29.49,2025-09-14
9917,457,1,libros,55.04,2025-12-13
9918,459,2,hogar,27.08,2025-03-25
9919,438,1,ropa,19.38,2025-03-15
9920,107,1,ropa,23.83,2025-07-20
9921,450,2,mercado,33.96,2025-11-22
9922,299,6,juguetes,72.93,2025-01-14
9923,83,1,hogar,80.61,2025-11-02
9924,653,3,electronica,466.02,2025-11-23
9925,201,1,hogar,24.97,2025-03-21
9926,710,1,ropa,17.94,2025-06-24
9927,30,2,mercado,28.79,2025-09-20
9928,742,1,juguetes,48.18,2025-05-05
9929,128,2,electronica,190.29,2025-08-13
9930,192,5,ropa,17.81,2025-01-14
9931,569,1,electronica,93.23,2025-10-25
9932,743,1,electronica,637.53,2025-10-27
9933,197,6,electronica,56.05,2025-05-25
9934,773,2,mercado,83.23,2025-01-14
9935,321,1,hogar,60.44,2025-11-15
9936,36,2,mercado,39.31,2025-11-06
9937,360,2,electronica,109.93,2025-11-10
9938,15,1,libros,175.54,2025-07-11
9939,472,1,mercado,42.91,2025-07-21
9940,333,4,hogar,297.57,2025-04-16
9941,51,2,hogar,60.14,2025-04-17
9942,655,1,libros,41.68,2025-11-16
9943,264,4,electronica,77.95,2025-10-10
9944,665,5,electronica,44.14,2025-04-09
9945,52,2,mercado,174.11,2025-05-10
9946,608,2,ropa,73.86,2025-02-15
9947,35,2,deportes,10.99,2025-12-02
9948,390,3,electronica,103.08,2025-08-25
9949,28,3,mercado,33.5,2025-06-23
9950,399,3,juguetes,68.19,2025-06-21
9951,516,6,electronica,632.35,2025-04-12
9952,344,4,ropa,46.43,2025-10-28
9953,726,2,electronica,172.14,2025-08-12
9954,234,1,hogar,118.22,2025-10-11
9955,543,1,hogar,296.74,2025-10-17
9956,785,3,electronica,95.58,2025-03-25
9957,160,2,electronica,27.32,2025-11-04
9958,747,4,hogar,78.99,2025-03-27
9959,346,2,hogar,127.22,2025-04-12
9960,562,5,electronica,48.83,2025-07-07
9961,78,1,electronica,536.79,2025-08-22
9962,691,2,ropa,74.97,2025-07-15
9963,753,2,electronica,51.99,2025-11-22
9964,655,3,ropa,171.47,2025-08-10
9965,351,2,mercado,16.48,2025-11-03
9966,664,2,electronica,494.9,2025-07-07
9967,379,1,ropa,30.18,2025-02-17
9968,605,1,hogar,347.01,2025-10-10
9969,68,2,ropa,13.55,2025-04-03
9970,87,3,electronica,456.38,2025-11-22
9971,390,2,deportes,218.53,2025-09-08
9972,336,2,electronica,217.28,2025-02-02
9973,107,2,electronica,684.07,2025-11-23
9974,573,6,mercado,19.07,2025-12-18
9975,457,6,mercado,206.16,2025-06-19
9976,571,1,mercado,59.79,2025-07-19
9977,645,2,electronica,21.13,2025-01-02
9978,264,1,mercado,110.61,2025-12-10
9979,199,1,mercado,122.04,2025-05-05
9980,290,1,ropa,69.07,2025-03-23
9981,151,1,juguetes,47.71,2025-03-28
9982,793,3,hogar,13.38,2025-10-15
9983,124,4,mercado,54.35,2025-03-28
9984,279,1,electronica,398.81,2025-02-17
9985,708,4,juguetes,104.4,2025-09-03
9986,706,3,ropa,201.79,2025-11-25
9987,270,3,electronica,16.05,2025-09-24
9988,9,1,ropa,75.27,2025-05-11
9989,481,2,hogar,188.27,2025-09-10
9990,309,2,mercado,115.14,2025-05-16
9991,177,5,electronica,389.43,2025-05-14
9992,666,2,hogar,186.97,2025-10-05
9993,731,2,deportes,79.7,2025-06-09
9994,62,3,mercado,130.0,2025-12-10
9995,757,2,electronica,207.72,2025-02-27
9996,553,1,electronica,114.53,2025-09-17
9997,139,2,hogar,40.55,2025-08-10
9998,195,2,deportes,81.71,2025-09-11
9999,710,3,hogar,11.55,2025-07-07
10000,385,4,electronica,534.58,2025-02-17
10001,382,1,electronica,78.63,2025-09-07
10002,16,2,electronica,46.23,2025-04-13
10003,408,1,ropa,132.33,2025-02-14
10004,590,2,hogar,31.22,2025-03-10
10005,397,1,hogar,70.07,2025-11-13
10006,207,1,ropa,22.16,2025-07-10
10007,24,4,mercado,11.05,2025-05-28
10008,779,2,ropa,117.05,2025-02-28
10009,129,5,electronica,483.53,2025-09-07
10010,478,4,mercado,63.05,2025-09-16
10011,743,2,mercado,261.69,2025-03-05
10012,273,2,hogar,111.37,2025-09-22
10013,587,4,electronica,72.08,2025-08-20
10014,81,6,hogar,80.38,2025-07-14
10015,77,2,mercado,5.04,2025-10-26
10016,647,1,mercado,117.65,2025-09-11
10017,753,2,deportes,8.73,2025-11-15
10018,616,1,hogar,95.06,2025-03-10
10019,750,1,mercado,57.14,2025-04-24
10020,477,1,electronica,205.84,2025-02-09
10021,102,2,hogar,30.91,2025-11-05
10022,350,1,libros,61.56,2025-06-10
10023,590,1,electronica,96.17,2025-03-19
10024,598,3,deportes,99.78,2025-03-04
10025,445,1,mercado,117.77,2025-11-15
10026,792,7,ropa,28.33,2025-09-17
10027,386,2,deportes,24.84,2025-12-25
10028,161,2,hogar,55.17,2025-12-27
10029,504,3,ropa,55.35,2025-07-17
10030,146,2,mercado,66.75,2025-05-26
10031,405,2,libros,17.3,2025-04-13
10032,93,2,electronica,36.51,2025-04-25
10033,135,6,electronica,932.98,2025-02-05
10034,193,2,mercado,22.7,2025-08-16
10035,17,5,ropa,106.69,2025-03-20
10036,669,3,hogar,14.92,2025-06-28
10037,194,2,hogar,221.23,2025-07-07
10038,108,2,ropa,47.32,2025-07-05
10039,438,5,electronica,59.72,2025-10-08
10040,487,2,deportes,27.26,2025-08-26
10041,27,2,ropa,116.05,2025-07-19
10042,103,2,hogar,74.24,2025-06-10
10043,46,1,ropa,79.49,2025-07-10
10044,597,4,hogar,362.57,2025-12-04
10045,386,1,mercado,49.22,2025-09-04
10046,489,2,libros,33.42,2025-05-16
10047,595,2,electronica,521.15,2025-06-17
10048,60,1,mercado,10.55,2025-08-03
10049,659,7,ropa,51.05,2025-02-03
10050,466,4,electronica,163.24,2025-08-08
10051,747,6,electronica,569.87,2025-11-08
10052,33,5,electronica,332.1,2025-04-10
10053,687,2,ropa,37.64,2025-01-16
10054,182,1,deportes,249.08,2025-04-05
10055,696,1,hogar,64.19,2025-02-14
10056,437,1,deportes,20.3,2025-12-16
10057,287,1,juguetes,49.36,2025-03-07
10058,86,2,ropa,37.33,2025-12-13
10059,542,4,mercado,84.09,2025-09-08
10060,786,7,ropa,68.05,2025-08-12
10061,135,1,ropa,78.13,2025-03-19
10062,485,2,ropa,25.96,2025-04-24
10063,445,1,ropa,73.33,2025-08-17
10064,731,1,ropa,87.52,2025-02-08
10065,528,2,mercado,19.86,2025-11-25
10066,406,2,libros,30.37,2025-08-21
10067,159,2,juguetes,12.61,2025-02-25
10068,404,4,electronica,372.32,2025-07-15
10069,5,1,ropa,46.54,2025-09-17
10070,464,6,mercado,47.12,2025-09-17
10071,206,4,hogar,58.22,2025-03-15
10072,623,1,electronica,150.82,2025-04-20
10073,680,3,ropa,17.36,2025-02-05
10074,87,1,electronica,834.82,2025-12-21
10075,592,4,hogar,59.74,2025-04-11
10076,245,2,ropa,44.77,2025-02-24
10077,504,2,hogar,163.19,2025-10-25
10078,639,4,juguetes,51.35,2025-01-27
10079,317,4,deportes,275.81,2025-12-19
10080,352,1,mercado,8.5,2025-01-19
10081,92,2,ropa,183.86,2025-11-06
10082,241,1,electronica,31.16,2025-04-23
10083,700,7,electronica,492.25,2025-11-24
10084,214,1,libros,120.49,2025-03-27
10085,433,7,ropa,68.24,2025-11-13
10086,708,2,deportes,48.41,2025-09-06
10087,675,6,deportes,30.56,2025-09-07
10088,689,5,libros,69.16,2025-04-01
10089,1,1,electronica,343.66,2025-03-25
10090,610,6,hogar,132.38,2025-04-10
10091,45,3,electronica,270.42,2025-01-05
10092,580,3,mercado,46.33,2025-05-05
10093,388,2,electronica,91.88,2025-04-23
10094,53,4,electronica,264.82,2025-09-26
10095,749,2,ropa,12.46,2025-09-22
10096,10,2,electronica,559.32,2025-12-09
10097,680,1,mercado,14.94,2025-10-04
10098,548,1,mercado,244.45,2025-12-05
10099,690,2,ropa,43.26,2025-06-16
10100,313,5,ropa,14.11,2025-11-20
10101,405,1,electronica,180.23,2025-10-04
10102,427,3,mercado,5.28,2025-10-02
10103,577,2,electronica,348.93,2025-05-20
10104,556,4,ropa,86.69,2025-12-03
10105,395,2,electronica,71.06,2025-03-03
10106,640,6,electronica,91.21,2025-10-24
10107,430,3,ropa,61.02,2025-04-01
10108,676,2,electronica,124.15,2025-04-27
10109,415,2,ropa,55.12,2025-06-28
10110,305,3,mercado,51.91,2025-12-21
10111,485,1,deportes,398.4,2025-02-12
10112,192,2,hogar,66.41,2025-06-04
10113,243,2,juguetes,19.96,2025-03-27
10114,437,3,electronica,1038.57,2025-12-23
10115,299,1,hogar,355.9,2025-01-09
10116,113,4,mercado,153.81,2025-11-11
10117,646,2,electronica,77.23,2025-05-11
10118,348,3,deportes,202.55,2025-11-04
10119,305,2,hogar,186.09,2025-07-06
10120,318,3,juguetes,9.06,2025-10-19
10121,139,1,mercado,25.47,2025-07-15
10122,570,3,juguetes,18.78,2025-07-18
10123,771,2,mercado,21.09,2025-10-03
10124,751,2,mercado,22.42,2025-05-25
10125,440,1,mercado,28.49,2025-07-04
10126,501,3,mercado,53.28,2025-01-17
10127,608,6,libros,21.01,2025-07-03
10128,574,2,electronica,62.2,2025-11-24
10129,153,5,hogar,28.54,2025-10-20
10130,105,4,hogar,422.24,2025-02-19
10131,681,1,deportes,43.99,2025-01-13
10132,767,2,mercado,6.34,2025-01-28
10133,431,6,hogar,13.62,2025-11-07
10134,708,2,mercado,54.18,2025-06-16
10135,177,2,libros,87.87,2025-10-12
10136,247,1,mercado,34.39,2025-08-08
10137,215,2,deportes,177.09,2025-04-08
10138,459,2,electronica,8.61,2025-12-22
10139,82,1,electronica,132.75,2025-03-18
10140,75,3,juguetes,152.56,2025-01-07
10141,565,3,deportes,53.82,2025-03-14
10142,585,2,electronica,327.11,2025-02-22
10143,39,3,mercado,31.77,2025-05-26
10144,579,2,deportes,6.49,2025-02-17
10145,74,1,ropa,197.93,2025-07-26
10146,551,2,deportes,31.73,2025-12-04
10147,225,1,hogar,490.56,2025-07-12
10148,146,2,libros,13.75,2025-05-17
10149,500,2,electronica,58.75,2025-06-05
10150,216,1,mercado,142.94,2025-05-05
10151,120,3,electronica,261.3,2025-08-01
10152,207,3,hogar,86.12,2025-07-20
10153,499,3,electronica,143.64,2025-09-20
10154,665,2,electronica,430.26,2025-10-22
10155,390,3,deportes,13.88,2025-08-18
10156,155,1,hogar,41.46,2025-05-16
10157,251,2,ropa,98.79,2025-11-02
10158,749,2,electronica,377.47,2025-09-18
10159,231,1,hogar,526.48,2025-05-25
10160,182,3,libros,75.6,2025-12-02
10161,99,1,mercado,61.74,2025-11-27
10162,609,3,hogar,99.7,2025-09-26
10163,289,1,ropa,28.81,2025-10-18
10164,720,1,mercado,11.07,2025-03-21
10165,485,3,electronica,160.07,2025-05-13
10166,410,2,mercado,81.21,2025-11-06
10167,676,2,electronica,138.66,2025-02-20
10168,629,1,hogar,168.07,2025-04-09
10169,115,5,libros,19.3,2025-01-01
10170,273,2,electronica,330.26,2025-08-24
10171,211,2,ropa,61.65,2025-04-22
10172,542,2,ropa,206.18,2025-09-16
10173,666,3,electronica,68.88,2025-06-20
10174,439,2,deportes,246.34,2025-08-12
10175,18,2,ropa,111.4,2025-07-21
10176,255,2,ropa,126.31,2025-02-02
10177,318,3,mercado,67.57,2025-11-23
10178,13,2,libros,72.26,2025-06-04
10179,82,1,ropa,34.61,2025-05-04
10180,343,3,mercado,45.41,2025-04-01
10181,766,1,ropa,8.49,2025-04-18
10182,180,2,electronica,82.87,2025-03-19
10183,440,3,libros,62.25,2025-07-04
10184,417,1,mercado,20.43,2025-11-02
10185,449,2,deportes,436.12,2025-12-05
10186,277,7,libros,174.5,2025-01-04
10187,198,2,juguetes,126.94,2025-11-10
10188,187,3,mercado,75.49,2025-08-12
10189,86,3,deportes,13.32,2025-03-18
10190,240,3,electronica,79.78,2025-06-18
10191,99,3,electronica,338.12,2025-04-10
10192,728,3,ropa,26.05,2025-06-21
10193,558,3,hogar,106.83,2025-08-03
10194,768,3,hogar,54.38,2025-10-23
10195,192,4,electronica,44.22,2025-08-21
10196,10,1,mercado,29.61,2025-01-24
10197,86,4,electronica,726.26,2025-03-17
10198,793,1,ropa,45.12,2025-02-05
10199,406,2,libros,27.21,2025-05-06
10200,206,1,libros,12.2,2025-05-17
10201,92,2,electronica,6.69,2025-04-19
10202,1,2,mercado,12.97,2025-05-08
10203,119,1,hogar,28.67,2025-03-17
10204,481,1,deportes,175.47,2025-02-25
10205,653,1,ropa,61.1,2025-06-10
10206,625,1,mercado,121.07,2025-11-01
10207,384,1,hogar,218.57,2025-09-20
10208,160,2,deportes,148.86,2025-05-27
10209,632,7,ropa,19.85,2025-08-05
10210,730,2,deportes,151.04,2025-01-02
10211,523,1,electronica,317.18,2025-04-25
10212,18,2,hogar,133.73,2025-08-15
10213,667,1,mercado,176.08,2025-02-01
10214,32,2,ropa,8.52,2025-01-25
10215,370,1,ropa,137.72,2025-10-04
10216,311,2,ropa,17.13,2025-12-24
10217,697,1,hogar,15.78,2025-01-13
10218,163,1,electronica,184.58,2025-07-10
10219,693,2,electronica,659.04,2025-03-02
10220,417,3,hogar,61.44,2025-11-11
10221,123,6,libros,7.18,2025-05-17
10222,687,7,electronica,184.63,2025-12-18
10223,634,1,ropa,125.14,2025-03-24
10224,70,5,ropa,288.57,2025-10-19
10225,322,1,mercado,21.79,2025-12-03
10226,717,1,ropa,46.42,2025-10-09
10227,369,4,electronica,244.81,2025-12-19
10228,226,2,libros,20.76,2025-02-06
10229,738,2,hogar,18.12,2025-11-23
10230,315,3,mercado,50.95,2025-03-24
10231,176,2,electronica,267.66,2025-08-12
10232,110,1,ropa,19.35,2025-11-20
10233,636,2,hogar,210.96,2025-03-08
10234,62,1,electronica,331.08,2025-02-10
10235,478,5,deportes,14.09,2025-11-24
10236,675,3,electronica,45.86,2025-07-28
10237,749,1,mercado,9.72,2025-02-17
10238,252,7,ropa,72.17,2025-08-01
10239,543,3,electronica,58.15,2025-08-01
10240,159,4,ropa,97.39,2025-03-20
10241,170,3,deportes,70.05,2025-06-25
10242,650,2,electronica,602.9,2025-10-24
10243,152,3,juguetes,24.94,2025-08-21
10244,610,2,electronica,206.12,2025-07-22
10245,526,1,ropa,14.39,2025-05-02
10246,533,7,electronica,296.53,2025-09-04
10247,615,2,hogar,6.04,2025-05-20
10248,230,2,hogar,119.12,2025-05-05
10249,335,2,electronica,204.37,2025-09-15
10250,708,5,hogar,275.55,2025-07-07
10251,710,5,libros,46.16,2025-03-25
10252,170,2,ropa,67.1,2025-05-26
10253,468,1,juguetes,12.76,2025-10-16
10254,540,4,ropa,45.62,2025-06-27
10255,313,2,electronica,260.48,2025-01-08
10256,421,2,mercado,184.17,2025-03-15
10257,664,3,deportes,27.45,2025-06-12
10258,404,1,electronica,49.38,2025-06-06
10259,498,2,hogar,138.72,2025-07-21
10260,230,3,deportes,14.92,2025-12-10
10261,730,1,deportes,22.26,2025-06-25
10262,511,1,mercado,65.34,2025-01-17
10263,442,2,hogar,183.87,2025-07-06
10264,82,3,electronica,70.66,2025-04-02
10265,567,3,hogar,7.62,2025-06-25
10266,269,3,mercado,117.65,2025-01-20
10267,25,2,deportes,161.98,2025-01-14
10268,194,2,hogar,26.49,2025-01-16
10269,504,1,mercado,31.86,2025-01-28
10270,179,1,electronica,10.52,2025-08-22
10271,273,2,mercado,8.71,2025-08-06
10272,696,3,mercado,15.82,2025-07-15
10273,391,1,ropa,28.29,2025-01-16
10274,736,3,libros,16.37,2025-07-07
10275,680,3,mercado,17.48,2025-11-12
10276,332,2,ropa,83.12,2025-05-28
10277,538,1,ropa,18.66,2025-11-10
10278,180,1,mercado,8.09,2025-06-08
10279,317,1,mercado,18.27,2025-10-18
10280,388,5,juguetes,13.69,2025-09-14
10281,531,3,mercado,129.17,2025-12-06
10282,125,4,libros,5.98,2025-05-24
10283,204,3,hogar,142.61,2025-01-20
10284,404,1,mercado,100.61,2025-01-18
10285,12,4,ropa,24.04,2025-07-08
10286,216,4,mercado,83.07,2025-12-02
10287,532,6,mercado,80.87,2025-08-09
10288,147,1,hogar,28.2,2025-01-13
10289,366,1,ropa,28.38,2025-12-23
10290,661,4,electronica,25.5,2025-04-07
10291,239,2,ropa,5.86,2025-04-02
10292,477,1,ropa,40.18,2025-05-11
10293,57,1,electronica,564.23,2025-02-28
10294,238,1,electronica,83.42,2025-02-03
10295,458,3,juguetes,22.45,2025-09-01
10296,327,2,ropa,21.48,2025-12-21
10297,469,3,electronica,252.13,2025-07-16
10298,360,1,juguetes,98.25,2025-01-07
10299,557,4,electronica,520.55,2025-08-09
10300,481,1,mercado,6.81,2025-06-25
10301,595,2,mercado,78.84,2025-05-19
10302,43,2,electronica,187.53,2025-11-07
10303,63,2,ropa,78.81,2025-08-01
10304,257,3,electronica,269.44,2025-11-04
10305,192,3,electronica,106.91,2025-09-07
10306,677,1,ropa,95.44,2025-01-04
10307,6,1,electronica,51.31,2025-05-26
10308,257,1,libros,12.36,2025-06-23
10309,183,2,deportes,54.42,2025-09-20
10310,704,2,hogar,72.88,2025-07-13
10311,165,3,ropa,30.6,2025-02-04
10312,589,2,mercado,179.94,2025-01-28
10313,625,3,mercado,11.43,2025-11-19
10314,661,2,electronica,83.33,2025-10-17
10315,340,2,ropa,28.34,2025-12-14
10316,293,3,libros,51.3,2025-11-13
10317,44,2,electronica,478.69,2025-02-16
10318,489,1,hogar,236.73,2025-07-04
10319,732,1,deportes,41.63,2025-02-05
10320,98,1,mercado,24.66,2025-06-21
10321,282,1,mercado,59.83,2025-08-04
10322,800,4,deportes,272.75,2025-07-21
10323,3,2,electronica,9.63,2025-11-27
10324,391,3,electronica,207.78,2025-01-20
10325,545,1,juguetes,33.47,2025-04-24
10326,100,2,juguetes,36.42,2025-06-16
10327,596,3,mercado,25.68,2025-03-04
10328,450,1,mercado,26.91,2025-04-11
10329,17,2,electronica,256.21,2025-05-11
10330,265,5,mercado,29.18,2025-08-09
10331,70,1,hogar,58.77,2025-01-19
10332,540,6,juguetes,121.92,2025-06-05
10333,311,2,hogar,59.7,2025-04-02
10334,638,2,electronica,71.15,2025-05-18
10335,171,2,electronica,273.68,2025-01-06
10336,467,2,electronica,123.06,2025-01-18
10337,749,1,mercado,62.92,2025-05-27
10338,1,2,mercado,21.48,2025-05-27
10339,700,4,mercado,16.9,2025-06-17
10340,174,1,electronica,131.02,2025-09-04
10341,294,3,electronica,520.49,2025-07-17
10342,197,2,mercado,14.31,2025-12-27
10343,205,5,electronica,1170.26,2025-12-06
10344,386,7,mercado,8.25,2025-02-17
10345,680,3,electronica,459.85,2025-08-21
10346,641,1,juguetes,61.04,2025-09-20
10347,83,2,juguetes,33.33,2025-11-24
10348,795,1,ropa,85.85,2025-01-03
10349,101,2,hogar,33.95,2025-07-25
10350,9,1,deportes,7.81,2025-11-02
10351,449,5,mercado,48.69,2025-07-25
10352,210,6,deportes,436.32,2025-08-25
10353,43,2,mercado,31.07,2025-12-02
10354,410,2,electronica,12.62,2025-04-09
10355,273,1,electronica,159.7,2025-03-24
10356,89,3,hogar,127.67,2025-08-04
10357,598,4,juguetes,10.08,2025-02-14
10358,92,1,hogar,93.85,2025-11-19
10359,560,1,hogar,17.13,2025-06-17
10360,149,1,electronica,126.55,2025-12-03
10361,12,2,ropa,17.32,2025-06-18
10362,541,4,electronica,970.68,2025-09-09
10363,28,2,ropa,40.77,2025-02-21
10364,256,2,juguetes,10.5,2025-01-27
10365,130,2,ropa,177.51,2025-11-02
10366,544,1,ropa,42.29,2025-02-11
10367,732,2,ropa,437.94,2025-04-03
10368,36,2,ropa,26.09,2025-01-17
10369,501,1,deportes,49.74,2025-06-28
10370,690,2,ropa,19.66,2025-08-14
10371,499,2,libros,90.23,2025-05-22
10372,776,2,libros,31.0,2025-10-27
10373,255,2,mercado,28.67,2025-11-23
10374,118,5,electronica,283.15,2025-07-27
10375,173,4,mercado,65.81,2025-07-17
10376,668,2,mercado,115.43,2025-03-10
10377,44,2,juguetes,7.59,2025-04-07
10378,411,4,mercado,78.15,2025-08-06
10379,504,2,ropa,15.8,2025-03-11
10380,225,1,hogar,48.37,2025-05-27
10381,383,1,libros,22.61,2025-08-17
10382,29,2,hogar,91.21,2025-07-25
10383,398,1,electronica,112.75,2025-05-22
10384,477,2,juguetes,36.25,2025-02-23
10385,408,2,hogar,52.03,2025-08-21
10386,791,1,deportes,87.19,2025-09-01
10387,144,1,mercado,103.06,2025-08-27
10388,201,4,juguetes,50.1,2025-10-15
10389,750,3,mercado,23.72,2025-11-16
10390,141,2,mercado,67.55,2025-02-12
10391,506,2,electronica,12.53,2025-01-11
10392,368,1,deportes,389.7,2025-08-24
10393,772,1,ropa,9.06,2025-01-16
10394,493,2,hogar,228.52,2025-09-16
10395,508,3,ropa,76.83,2025-02-24
10396,510,4,ropa,281.7,2025-06-06
10397,187,3,mercado,44.24,2025-06-26
10398,491,2,electronica,88.3,2025-03-26
10399,577,2,electronica,5.43,2025-11-22
10400,800,1,mercado,28.09,2025-03-19
10401,754,2,libros,14.41,2025-06-17
10402,625,5,hogar,101.68,2025-09-03
10403,527,2,electronica,127.29,2025-10-08
10404,26,2,ropa,14.77,2025-11-02
10405,800,2,hogar,30.61,2025-05-27
10406,457,1,hogar,53.12,2025-12-27
10407,759,1,hogar,36.52,2025-02-15
10408,398,4,deportes,148.78,2025-10-21
10409,494,2,ropa,50.08,2025-11-25
10410,388,1,mercado,116.73,2025-11-13
10411,136,2,juguetes,12.27,2025-09-21
10412,342,2,electronica,295.18,2025-03-26
10413,15,1,deportes,15.61,2025-02-07
10414,613,4,electronica,941.15,2025-03-23
10415,132,1,electronica,99.19,2025-01-06
10416,317,4,electronica,277.34,2025-05-14
10417,156,1,ropa,71.77,2025-10-23
10418,592,7,deportes,23.7,2025-12-16
10419,331,4,ropa,14.38,2025-11-08
10420,390,1,ropa,10.29,2025-04-15
10421,182,2,electronica,205.37,2025-05-05
10422,202,2,juguetes,54.09,2025-04-11
10423,502,5,ropa,357.81,2025-07-07
10424,363,1,mercado,91.08,2025-11-14
10425,659,2,ropa,74.72,2025-06-22
10426,501,5,hogar,95.06,2025-03-13
10427,445,1,libros,211.79,2025-02-18
10428,721,1,electronica,1739.04,2025-09-17
10429,521,2,hogar,72.51,2025-02-21
10430,353,1,ropa,66.72,2025-10-09
10431,707,2,electronica,1181.37,2025-02-19
10432,757,1,electronica,280.67,2025-04-03
10433,309,3,mercado,62.43,2025-01-03
10434,389,2,hogar,95.72,2025-05-01
10435,564,7,juguetes,12.22,2025-04-13
10436,177,3,electronica,250.06,2025-02-06
10437,79,1,mercado,22.37,2025-09-09
10438,420,2,deportes,28.89,2025-09-23
10439,353,2,ropa,30.33,2025-12-23
10440,166,2,electronica,76.68,2025-09-03
10441,744,5,ropa,112.63,2025-11-10
10442,436,2,electronica,610.67,2025-11-14
10443,348,2,ropa,38.78,2025-03-26
10444,20,2,electronica,490.71,2025-10-15
10445,50,2,hogar,51.35,2025-08-27
10446,328,1,mercado,40.69,2025-11-25
10447,591,7,hogar,433.61,2025-11-12
10448,359,1,libros,18.69,2025-03-13
10449,666,4,deportes,148.5,2025-08-11
10450,168,3,ropa,6.89,2025-02-14
10451,768,2,electronica,1012.22,2025-07-22
10452,641,2,electronica,198.18,2025-05-17
10453,403,1,deportes,146.47,2025-04-06
10454,263,2,mercado,15.58,2025-01-06
10455,585,3,hogar,41.04,2025-09-07
10456,29,3,hogar,83.42,2025-11-19
10457,323,5,hogar,77.73,2025-10-25
10458,289,6,electronica,159.65,2025-12-09
10459,408,2,hogar,27.23,2025-04-18
10460,330,2,electronica,291.04,2025-04-19
10461,467,5,ropa,89.94,2025-01-23
10462,123,2,ropa,84.89,2025-04-10
10463,146,1,ropa,83.93,2025-08-21
10464,701,2,electronica,192.79,2025-01-24
10465,241,1,mercado,108.1,2025-02-24
10466,695,2,electronica,66.49,2025-07-24
10467,360,2,electronica,1518.0,2025-03-09
10468,228,4,ropa,33.08,2025-03-06
10469,451,4,hogar,40.21,2025-10-06
10470,318,3,electronica,153.49,2025-10-12
10471,158,2,electronica,285.45,2025-08-22
10472,719,4,ropa,18.02,2025-02-28
10473,739,2,electronica,105.3,2025-07-20
10474,799,2,mercado,116.43,2025-12-11
10475,582,1,juguetes,11.42,2025-05-11
10476,663,4,ropa,16.39,2025-04-08
10477,599,2,electronica,408.59,2025-07-25
10478,523,4,libros,106.38,2025-01-25
10479,71,3,ropa,17.66,2025-06-02
10480,603,3,electronica,486.72,2025-02-05
10481,261,2,hogar,92.71,2025-04-11
10482,275,2,ropa,12.92,2025-06-08
10483,617,1,mercado,79.18,2025-02-25
10484,764,1,hogar,19.53,2025-05-22
10485,460,1,mercado,39.65,2025-02-13
10486,157,1,hogar,127.35,2025-08-02
10487,362,3,electronica,1210.84,2025-04-07
10488,302,4,mercado,10.61,2025-09-23
10489,87,1,electronica,69.3,2025-09-14
10490,662,2,ropa,18.64,2025-06-25
10491,643,3,electronica,273.54,2025-11-22
10492,53,1,libros,24.19,2025-06-12
10493,141,1,electronica,770.91,2025-09-04
10494,647,2,electronica,524.0,2025-07-22
10495,770,1,mercado,86.12,2025-12-24
10496,622,1,deportes,32.57,2025-04-28
10497,767,1,deportes,41.89,2025-10-03
10498,499,6,mercado,8.41,2025-09-09
10499,682,6,deportes,70.31,2025-09-06
10500,194,5,ropa,184.81,2025-10-02
10501,280,3,mercado,57.15,2025-11-14
10502,225,3,ropa,56.52,2025-11-20
10503,621,2,electronica,231.74,2025-07-03
10504,703,3,electronica,180.86,2025-11-15
10505,476,2,deportes,44.05,2025-10-05
10506,565,1,mercado,35.25,2025-10-13
10507,689,5,mercado,35.11,2025-01-23
10508,26,3,hogar,282.78,2025-10-02
10509,270,2,juguetes,74.22,2025-05-14
10510,141,4,mercado,40.28,2025-12-26
10511,339,2,hogar,13.71,2025-06-24
10512,315,1,hogar,53.64,2025-11-28
10513,548,1,mercado,50.77,2025-02-09
10514,151,2,electronica,435.17,2025-04-28
10515,756,2,ropa,163.42,2025-11-15
10516,5,2,libros,40.44,2025-05-09
10517,409,1,ropa,51.02,2025-04-14
10518,706,1,electronica,966.74,2025-12-22
10519,524,6,mercado,21.88,2025-02-24
10520,339,3,mercado,10.48,2025-03-17
10521,511,2,ropa,42.23,2025-05-15
10522,359,3,deportes,49.54,2025-03-16
10523,82,3,ropa,272.3,2025-07-05
10524,793,1,mercado,69.23,2025-11-11
10525,573,2,hogar,121.86,2025-01-02
10526,767,1,electronica,804.48,2025-02-20
10527,734,4,mercado,70.06,2025-05-20
10528,688,2,ropa,67.9,2025-11-10
10529,305,6,mercado,51.67,2025-03-01
10530,563,2,juguetes,42.53,2025-04-18
10531,399,3,hogar,104.06,2025-11-15
10532,506,7,ropa,294.91,2025-07-06
10533,110,1,ropa,66.54,2025-11-27
10534,633,2,hogar,33.61,2025-06-10
10535,215,5,ropa,29.11,2025-05-12
10536,33,1,ropa,26.72,2025-07-12
10537,584,1,deportes,113.25,2025-03-20
10538,93,2,electronica,232.68,2025-11-18
10539,126,2,electronica,73.61,2025-02-14
10540,169,2,ropa,85.46,2025-08-12
10541,510,2,hogar,233.67,2025-08-12
10542,376,3,hogar,243.45,2025-08-07
10543,649,1,deportes,63.41,2025-09-06
10544,454,2,hogar,77.2,2025-04-10
10545,337,3,ropa,127.78,2025-03-12
10546,673,1,mercado,88.71,2025-06-04
10547,659,5,mercado,196.05,2025-05-22
10548,637,3,deportes,89.85,2025-10-05
10549,791,1,electronica,99.41,2025-09-27
10550,515,1,mercado,12.95,2025-01-10
10551,373,3,hogar,150.3,2025-08-09
10552,588,1,ropa,39.79,2025-01-03
10553,20,1,ropa,113.66,2025-07-13
10554,423,2,mercado,74.02,2025-05-18
10555,748,5,electronica,129.54,2025-11-17
10556,432,2,ropa,240.04,2025-11-03
10557,746,1,mercado,17.14,2025-10-10
10558,119,2,mercado,48.4,2025-02-20
10559,384,1,hogar,117.63,2025-08-13
10560,113,4,electronica,16.84,2025-07-07
10561,619,2,ropa,25.12,2025-10-04
10562,788,3,electronica,144.94,2025-02-15
10563,87,2,electronica,450.18,2025-12-08
10564,231,1,libros,28.4,2025-05-18
10565,377,4,mercado,79.65,2025-10-22
10566,481,7,ropa,309.27,2025-01-24
10567,240,2,deportes,108.53,2025-04-08
10568,660,2,electronica,550.96,2025-04-22
10569,661,3,ropa,56.55,2025-06-20
10570,200,2,hogar,69.5,2025-01-24
10571,308,2,deportes,271.52,2025-02-27
10572,387,2,ropa,183.9,2025-05-13
10573,555,2,hogar,57.01,2025-10-01
10574,129,1,hogar,68.79,2025-11-15
10575,163,2,mercado,154.22,2025-07-10
10576,447,1,hogar,71.77,2025-08-03
10577,269,2,mercado,32.47,2025-06-08
10578,242,3,libros,21.45,2025-03-02
10579,145,2,ropa,29.86,2025-12-13
10580,768,1,electronica,212.35,2025-03-09
10581,347,4,electronica,51.29,2025-12-20
10582,441,3,electronica,153.52,2025-11-25
10583,248,1,mercado,60.39,2025-02-10
10584,574,2,electronica,279.37,2025-07-27
10585,777,2,hogar,88.28,2025-07-18
10586,460,3,deportes,95.96,2025-08-03
10587,508,1,electronica,271.4,2025-01-19
10588,598,1,electronica,95.28,2025-01-22
10589,361,1,mercado,47.9,2025-11-20
10590,375,7,juguetes,79.21,2025-04-17
10591,676,2,mercado,229.05,2025-02-07
10592,379,2,electronica,137.69,2025-12-21
10593,136,2,libros,17.55,2025-08-01
10594,263,6,juguetes,58.52,2025-08-23
10595,404,2,libros,131.5,2025-03-01
10596,426,1,hogar,242.74,2025-02-12
10597,726,2,ropa,47.92,2025-04-07
10598,436,3,ropa,231.32,2025-11-21
10599,521,3,ropa,53.82,2025-04-12
10600,250,7,electronica,331.37,2025-01-28
10601,313,3,ropa,30.12,2025-04-20
10602,157,3,ropa,159.55,2025-06-14
10603,676,3,electronica,170.84,2025-07-11
10604,213,1,mercado,15.64,2025-06-10
10605,42,1,hogar,245.84,2025-07-03
10606,595,2,ropa,43.15,2025-03-12
10607,670,1,electronica,225.98,2025-12-14
10608,561,1,ropa,52.19,2025-10-20
10609,559,2,electronica,578.6,2025-09-13
10610,411,2,mercado,11.86,2025-10-10
10611,171,2,juguetes,52.69,2025-12-07
10612,442,1,hogar,56.07,2025-04-01
10613,646,4,ropa,30.87,2025-09-20
10614,384,6,hogar,100.84,2025-09-15
10615,507,3,ropa,85.36,2025-09-14
10616,39,4,hogar,378.27,2025-03-14
10617,630,2,mercado,6.81,2025-10-12
10618,773,2,hogar,27.72,2025-01-14
10619,570,3,electronica,659.21,2025-01-08
10620,609,6,juguetes,37.02,2025-08-07
10621,27,2,electronica,409.67,2025-05-17
10622,397,2,juguetes,67.6,2025-04-21
10623,383,2,ropa,119.4,2025-08-11
10624,403,3,hogar,39.65,2025-02-01
10625,695,1,electronica,130.11,2025-10-10
10626,653,1,electronica,96.71,2025-02-26
10627,711,3,hogar,103.43,2025-09-20
10628,141,1,ropa,125.85,2025-11-01
10629,753,1,electronica,249.19,2025-08-26
10630,181,3,ropa,99.81,2025-04-10
10631,586,2,electronica,259.03,2025-10-22
10632,207,7,electronica,175.6,2025-12-12
10633,471,2,mercado,165.49,2025-02-04
10634,721,3,libros,21.0,2025-07-13
10635,196,3,mercado,35.07,2025-04-28
10636,481,4,ropa,42.27,2025-04-03
10637,31,4,mercado,39.16,2025-11-23
10638,608,4,deportes,9.21,2025-09-08
10639,564,2,ropa,60.35,2025-09-10
10640,410,2,juguetes,51.52,2025-09-12
10641,11,2,ropa,20.12,2025-02-09
10642,736,2,electronica,627.15,2025-07-05
10643,549,3,electronica,329.12,2025-11-01
10644,199,2,electronica,147.87,2025-05-16
10645,735,1,mercado,56.43,2025-08-03
10646,723,3,hogar,8.3,2025-05-08
10647,244,2,electronica,94.04,2025-08-24
10648,337,1,deportes,321.13,2025-10-24
10649,337,2,hogar,345.71,2025-03-16
10650,402,1,mercado,50.12,2025-11-17
10651,648,7,electronica,266.47,2025-06-19
10652,613,1,mercado,6.33,2025-02-04
10653,106,2,deportes,247.58,2025-11-10
10654,590,1,ropa,14.78,2025-06-10
10655,172,1,mercado,81.8,2025-02-14
10656,226,4,ropa,74.25,2025-01-08
10657,338,3,electronica,967.78,2025-02-21
10658,663,6,mercado,63.83,2025-06-06
10659,201,5,mercado,22.13,2025-05-02
10660,171,1,ropa,50.63,2025-09-26
10661,650,2,electronica,162.99,2025-11-20
10662,60,2,ropa,67.9,2025-02-26
10663,709,2,electronica,84.45,2025-04-20
10664,365,2,ropa,42.81,2025-11-04
10665,771,1,mercado,7.25,2025-09-12
10666,202,1,ropa,83.85,2025-09-04
10667,690,1,ropa,5.31,2025-10-19
10668,622,2,libros,61.48,2025-02-25
10669,557,1,ropa,44.01,2025-08-26
10670,528,2,hogar,289.63,2025-11-06
10671,476,2,electronica,148.32,2025-03-09
10672,212,3,hogar,32.36,2025-02-25
10673,96,4,ropa,68.87,2025-08-02
10674,318,1,hogar,40.78,2025-07-10
10675,210,2,mercado,20.25,2025-10-24
10676,140,3,mercado,206.26,2025-03-03
10677,731,1,ropa,28.77,2025-04-19
10678,490,2,hogar,291.45,2025-05-24
10679,454,1,hogar,68.01,2025-11-03
10680,321,2,hogar,234.12,2025-06-09
10681,743,6,hogar,88.12,2025-01-03
10682,68,4,hogar,17.06,2025-06-11
10683,294,3,hogar,94.76,2025-01-12
10684,643,5,mercado,42.34,2025-07-09
10685,237,1,libros,19.2,2025-03-26
10686,70,3,deportes,82.48,2025-08-13
10687,49,2,hogar,13.82,2025-10-18
10688,771,2,deportes,411.19,2025-02-22
10689,301,1,electronica,229.21,2025-02-09
10690,51,2,electronica,443.4,2025-12-11
10691,521,4,ropa,35.13,2025-06-14
10692,681,2,ropa,56.35,2025-11-27
10693,69,3,ropa,82.68,2025-03-03
10694,717,3,ropa,65.13,2025-12-27
10695,233,2,hogar,12.34,2025-10-05
10696,173,3,electronica,200.34,2025-10-19
10697,331,3,hogar,84.36,2025-05-22
10698,509,7,ropa,30.56,2025-08-25
10699,758,1,hogar,18.17,2025-09-21
10700,619,3,juguetes,269.53,2025-11-19
10701,625,1,electronica,498.4,2025-05-19
10702,160,3,mercado,47.25,2025-11-14
10703,649,2,mercado,28.49,2025-12-19
10704,346,2,deportes,69.94,2025-08-12
10705,12,3,mercado,39.25,2025-08-26
10706,128,1,ropa,290.56,2025-11-10
10707,733,2,electronica,57.52,2025-09-14
10708,270,2,ropa,181.25,2025-12-08
10709,29,4,mercado,25.99,2025-06-16
10710,618,1,mercado,6.28,2025-03-24
10711,106,2,ropa,44.88,2025-12-26
10712,87,3,hogar,20.78,2025-02-22
10713,521,2,juguetes,17.11,2025-03-04
10714,769,2,electronica,299.31,2025-03-26
10715,177,1,ropa,97.96,2025-07-13
10716,648,2,electronica,429.04,2025-06-16
10717,106,2,electronica,190.7,2025-05-24
10718,785,1,libros,49.19,2025-01-19
10719,591,2,mercado,25.31,2025-07-28
10720,19,2,ropa,57.36,2025-10-09
10721,771,1,mercado,73.84,2025-12-26
10722,401,6,mercado,160.13,2025-08-21
10723,644,2,mercado,107.87,2025-02-07
10724,274,5,mercado,96.44,2025-12-02
10725,29,1,mercado,14.8,2025-05-17
10726,70,2,ropa,15.91,2025-04-07
10727,789,1,ropa,38.31,2025-07-05
10728,500,1,electronica,652.35,2025-05-05
10729,576,4,hogar,126.46,2025-01-02
10730,273,2,electronica,179.33,2025-11-18
10731,670,2,ropa,16.43,2025-05-03
10732,187,4,ropa,22.92,2025-09-01
10733,246,2,mercado,46.31,2025-11-18
10734,194,3,hogar,318.38,2025-01-22
10735,783,3,hogar,23.69,2025-03-18
10736,778,2,libros,32.82,2025-10-17
10737,437,3,ropa,118.67,2025-09-08
10738,675,1,ropa,16.98,2025-04-17
10739,759,1,hogar,47.59,2025-07-07
10740,99,2,mercado,44.64,2025-09-21
10741,227,2,electronica,79.55,2025-03-11
10742,622,1,mercado,7.82,2025-11-22
10743,781,4,ropa,59.77,2025-10-01
10744,763,1,ropa,94.03,2025-08-05
10745,645,4,deportes,12.93,2025-05-28
10746,490,2,ropa,58.72,2025-06-06
10747,9,2,ropa,137.29,2025-12-04
10748,612,7,ropa,40.44,2025-07-21
10749,657,7,libros,52.24,2025-01-16
10750,714,3,libros,63.33,2025-03-21
10751,383,3,electronica,130.4,2025-04-23
10752,582,1,electronica,104.46,2025-02-04
10753,366,3,electronica,576.6,2025-05-06
10754,11,5,libros,75.82,2025-01-28
10755,548,7,juguetes,79.19,2025-07-09
10756,728,4,ropa,100.3,2025-06-13
10757,651,2,mercado,167.65,2025-04-18
10758,430,1,libros,7.48,2025-01-17
10759,322,3,electronica,242.08,2025-04-28
10760,385,2,mercado,64.84,2025-04-20
10761,59,3,hogar,120.07,2025-09-09
10762,632,1,electronica,86.8,2025-08-26
10763,380,2,electronica,253.65,2025-06-17
10764,723,2,electronica,928.83,2025-09-23
10765,691,1,electronica,579.62,2025-02-26
10766,471,4,electronica,715.6,2025-01-08
10767,577,4,hogar,15.6,2025-06-02
10768,285,1,hogar,38.68,2025-02-01
10769,248,3,deportes,33.57,2025-04-18
10770,74,1,hogar,17.7,2025-02-10
10771,21,3,electronica,41.39,2025-04-21
10772,360,3,deportes,117.66,2025-06-21
10773,32,3,hogar,160.87,2025-02-07
10774,304,2,mercado,25.81,2025-04-27
10775,7,2,juguetes,17.0,2025-11-21
10776,79,1,mercado,44.93,2025-04-13
10777,457,3,juguetes,85.06,2025-05-17
10778,293,2,juguetes,54.5,2025-04-21
10779,315,2,ropa,68.05,2025-09-14
10780,572,3,mercado,6.72,2025-10-14
10781,642,5,libros,22.03,2025-06-14
10782,792,3,ropa,25.97,2025-06-10
10783,450,4,deportes,283.61,2025-10-01
10784,377,5,juguetes,71.43,2025-06-06
10785,435,5,hogar,85.49,2025-02-21
10786,15,5,ropa,13.91,2025-09-03
10787,501,4,ropa,56.18,2025-07-17
10788,351,2,electronica,546.82,2025-05-12
10789,164,2,electronica,51.46,2025-09-08
10790,607,3,electronica,1045.97,2025-03-15
10791,349,2,hogar,212.91,2025-10-13
10792,67,2,juguetes,39.63,2025-09-18
10793,434,2,electronica,297.74,2025-04-24
10794,511,2,electronica,878.0,2025-06-26
10795,439,3,mercado,82.39,2025-07-21
10796,421,1,electronica,472.9,2025-04-23
10797,140,3,mercado,119.64,2025-11-24
10798,104,3,electronica,203.85,2025-01-14
10799,254,1,libros,118.32,2025-02-02
10800,167,7,libros,5.59,2025-09-19
10801,412,3,ropa,80.8,2025-06-18
10802,702,2,electronica,478.59,2025-12-04
10803,93,4,deportes,11.18,2025-10-04
10804,586,3,electronica,355.71,2025-06-11
10805,531,1,juguetes,11.07,2025-11-02
10806,191,3,electronica,149.0,2025-06-17
10807,592,6,electronica,58.3,2025-07-01
10808,399,2,hogar,862.5,2025-04-10
10809,611,3,ropa,43.77,2025-12-27
10810,266,3,mercado,193.14,2025-05-16
10811,567,1,ropa,56.75,2025-04-07
10812,167,2,electronica,182.29,2025-04-02
10813,615,1,hogar,51.61,2025-09-22
10814,763,2,mercado,103.83,2025-10-07
10815,278,1,ropa,46.93,2025-01-16
10816,44,1,electronica,265.01,2025-08-15
10817,677,2,mercado,182.36,2025-02-09
10818,449,1,ropa,220.43,2025-10-27
10819,584,2,ropa,62.75,2025-12-06
10820,583,1,electronica,235.62,2025-12-05
10821,745,2,hogar,87.41,2025-05-14
10822,145,1,deportes,41.59,2025-07-25
10823,666,1,electronica,283.48,2025-03-26
10824,408,1,ropa,13.23,2025-11-26
10825,43,2,mercado,6.57,2025-08-09
10826,145,4,juguetes,126.43,2025-04-13
10827,37,2,libros,36.53,2025-10-23
10828,578,3,deportes,61.38,2025-11-19
10829,65,1,ropa,9.85,2025-08-23
10830,349,3,deportes,209.92,2025-11-25
10831,670,2,ropa,45.31,2025-01-20
10832,389,1,mercado,9.71,2025-11-15
10833,88,1,mercado,65.11,2025-11-24
10834,200,3,electronica,608.32,2025-01-19
10835,29,2,libros,27.26,2025-03-27
10836,501,2,ropa,244.32,2025-08-17
10837,247,3,electronica,589.22,2025-02-01
10838,13,3,deportes,23.06,2025-04-09
10839,158,1,mercado,115.5,2025-07-05
10840,721,4,mercado,110.25,2025-09-25
10841,725,4,hogar,39.43,2025-08-11
10842,622,2,ropa,18.23,2025-12-27
10843,321,3,ropa,20.61,2025-09-28
10844,692,6,mercado,85.35,2025-08-21
10845,632,2,ropa,73.47,2025-11-01
10846,731,1,mercado,38.37,2025-06-04
10847,139,2,ropa,7.47,2025-08-28
10848,377,2,ropa,33.6,2025-04-13
10849,444,3,hogar,221.83,2025-05-08
10850,658,7,electronica,383.37,2025-06-19
10851,468,1,hogar,50.15,2025-08-24
10852,407,2,ropa,141.23,2025-12-12
10853,511,4,libros,77.65,2025-09-20
10854,306,1,ropa,21.0,2025-02-26
10855,295,1,electronica,248.2,2025-06-15
10856,52,2,electronica,342.5,2025-06-27
10857,358,1,libros,50.51,2025-01-18
10858,530,2,ropa,11.2,2025-09-04
10859,19,1,ropa,63.38,2025-03-24
10860,496,1,deportes,149.98,2025-01-14
10861,800,2,mercado,45.95,2025-09-07
10862,586,2,deportes,153.54,2025-01-21
10863,294,1,ropa,171.42,2025-12-02
10864,673,1,electronica,259.49,2025-03-22
10865,720,3,electronica,362.2,2025-06-16
10866,66,2,libros,13.2,2025-07-22
10867,753,4,ropa,8.45,2025-08-22
10868,5,2,deportes,263.02,2025-02-21
10869,435,3,ropa,38.82,2025-09-23
10870,614,1,juguetes,61.28,2025-06-23
10871,359,1,electronica,170.2,2025-02-08
10872,35,2,libros,23.12,2025-08-21
10873,767,1,juguetes,7.15,2025-10-18
10874,718,2,electronica,557.01,2025-01-13
10875,752,3,ropa,68.11,2025-07-05
10876,739,2,ropa,13.1,2025-03-28
10877,320,5,electronica,34.97,2025-08-10
10878,174,1,ropa,65.12,2025-11-28
10879,255,3,mercado,61.75,2025-11-02
10880,100,3,mercado,7.83,2025-12-02
10881,496,3,electronica,94.24,2025-04-25
10882,475,2,ropa,301.87,2025-11-17
10883,221,3,hogar,193.82,2025-02-27
10884,345,1,electronica,78.68,2025-02-22
10885,383,2,mercado,138.98,2025-08-06
10886,503,1,mercado,47.49,2025-08-25
10887,43,5,electronica,650.33,2025-09-17
10888,409,2,mercado,102.8,2025-01-27
10889,588,2,ropa,161.23,2025-12-12
10890,482,2,electronica,279.91,2025-01-19
10891,356,4,electronica,24.17,2025-09-17
10892,254,6,electronica,80.57,2025-03-17
10893,640,3,ropa,45.98,2025-08-16
10894,266,1,electronica,121.03,2025-03-27
10895,637,2,ropa,251.24,2025-09-13
10896,588,1,electronica,200.54,2025-11-06
10897,221,2,hogar,56.22,2025-06-27
10898,119,1,libros,72.95,2025-07-03
10899,285,2,ropa,11.63,2025-09-19
10900,449,1,ropa,108.03,2025-09-04
10901,737,1,hogar,152.58,2025-08-02
10902,286,2,libros,73.64,2025-11-25
10903,605,4,hogar,125.97,2025-06-24
10904,625,3,hogar,49.57,2025-09-20
10905,458,2,mercado,5.5,2025-10-20
10906,547,7,mercado,74.79,2025-02-27
10907,695,1,mercado,57.18,2025-10-24
10908,328,2,ropa,104.9,2025-12-09
10909,337,1,mercado,70.81,2025-05-23
10910,102,2,hogar,175.98,2025-04-01
10911,651,2,mercado,44.9,2025-11-13
10912,737,5,hogar,54.36,2025-07-04
10913,616,3,electronica,377.66,2025-02-13
10914,603,4,hogar,63.97,2025-03-15
10915,358,2,ropa,35.02,2025-09-05
10916,671,4,electronica,81.85,2025-08-10
10917,763,1,electronica,586.68,2025-12-18
10918,774,7,libros,25.98,2025-03-07
10919,169,3,deportes,73.06,2025-08-06
10920,474,2,electronica,638.58,2025-12-20
10921,84,1,juguetes,25.85,2025-03-06
10922,267,2,ropa,16.17,2025-02-23
10923,230,1,electronica,447.56,2025-07-14
10924,776,2,libros,10.06,2025-04-03
10925,492,1,electronica,346.86,2025-09-25
10926,234,2,libros,42.45,2025-05-23
10927,550,1,hogar,27.47,2025-12-02
10928,424,2,deportes,24.38,2025-01-09
10929,28,6,ropa,47.37,2025-06-06
10930,210,2,mercado,8.26,2025-10-03
10931,536,4,ropa,35.72,2025-10-21
10932,717,1,ropa,231.99,2025-02-16
10933,606,2,electronica,487.8,2025-06-09
10934,27,2,mercado,22.34,2025-11-23
10935,381,3,hogar,113.35,2025-04-27
10936,586,2,mercado,41.57,2025-12-11
10937,785,6,mercado,160.17,2025-06-01
10938,779,2,mercado,24.87,2025-02-01
10939,330,1,mercado,169.68,2025-03-12
10940,534,2,electronica,208.41,2025-04-22
10941,623,4,hogar,86.72,2025-06-18
10942,696,3,ropa,6.66,2025-01-05
10943,88,3,electronica,32.95,2025-09-03
10944,209,4,electronica,318.22,2025-10-08
10945,294,1,electronica,151.45,2025-07-12
10946,514,7,ropa,47.95,2025-02-11
10947,250,1,mercado,30.87,2025-10-01
10948,590,1,electronica,112.43,2025-05-07
10949,717,1,mercado,42.83,2025-08-08
10950,8,2,libros,81.4,2025-08-11
10951,334,1,juguetes,8.28,2025-08-15
10952,561,2,mercado,57.34,2025-01-19
10953,174,1,hogar,26.16,2025-08-21
10954,741,3,hogar,292.43,2025-08-27
10955,112,2,libros,99.69,2025-03-25
10956,58,1,mercado,98.5,2025-03-02
10957,794,2,deportes,13.04,2025-10-23
10958,136,2,ropa,22.3,2025-10-28
10959,601,1,ropa,27.87,2025-11-19
10960,64,5,mercado,106.73,2025-09-21
10961,484,1,libros,19.99,2025-08-06
10962,172,3,libros,49.51,2025-02-22
10963,525,2,electronica,137.64,2025-04-19
10964,723,5,hogar,9.11,2025-11-13
10965,419,1,hogar,60.42,2025-05-09
10966,406,3,ropa,144.38,2025-04-04
10967,571,1,hogar,13.76,2025-05-14
10968,134,1,mercado,47.65,2025-04-11
10969,90,7,electronica,186.13,2025-01-17
10970,415,1,electronica,67.44,2025-06-14
10971,667,1,juguetes,47.14,2025-07-19
10972,349,2,deportes,33.95,2025-07-16
10973,559,1,mercado,100.27,2025-06-03
10974,516,6,libros,48.99,2025-08-01
10975,542,2,ropa,18.29,2025-06-10
10976,300,1,mercado,18.72,2025-05-07
10977,58,3,mercado,15.58,2025-07-10
10978,72,3,ropa,19.8,2025-08-20
10979,692,2,mercado,20.89,2025-07-20
10980,401,1,hogar,35.99,2025-01-10
10981,588,2,electronica,192.72,2025-11-14
10982,353,1,mercado,15.33,2025-10-18
10983,743,5,ropa,9.56,2025-05-19
10984,417,2,ropa,42.13,2025-04-23
10985,696,2,deportes,16.74,2025-02-14
10986,496,4,ropa,161.36,2025-03-23
10987,273,1,juguetes,46.67,2025-03-13
10988,141,2,libros,7.37,2025-08-23
10989,170,1,mercado,26.44,2025-10-09
10990,594,6,mercado,17.51,2025-09-08
10991,612,3,mercado,19.5,2025-12-12
10992,62,4,electronica,330.58,2025-09-07
10993,629,3,ropa,319.67,2025-09-21
10994,798,1,ropa,272.15,2025-10-05
10995,33,2,libros,55.34,2025-05-09
10996,476,2,ropa,28.45,2025-12-25
10997,623,3,hogar,151.44,2025-05-25
10998,279,2,ropa,176.81,2025-11-26
10999,271,1,electronica,64.0,2025-11-21
11000,81,4,hogar,86.63,2025-02-07
11001,500,6,ropa,7.56,2025-10-16
11002,435,1,libros,5.27,2025-07-02
11003,14,1,mercado,165.94,2025-07-24
11004,380,3,mercado,61.57,2025-10-16
11005,661,2,hogar,246.08,2025-05-22
11006,715,1,electronica,308.8,2025-04-15
11007,495,2,deportes,112.12,2025-07-24
11008,300,3,ropa,62.65,2025-05-17
11009,582,1,electronica,360.15,2025-12-21
11010,659,1,electronica,851.35,2025-06-19
11011,635,1,hogar,44.2,2025-09-12
11012,316,6,libros,10.93,2025-07-22
11013,313,1,electronica,15.68,2025-05-15
11014,23,1,ropa,12.11,2025-07-18
11015,379,2,ropa,18.2,2025-04-13
11016,508,2,electronica,159.47,2025-10-24
11017,642,5,ropa,36.53,2025-12-07
11018,579,1,mercado,37.96,2025-11-18
11019,794,1,hogar,7.19,2025-04-02
11020,673,2,juguetes,29.13,2025-12-01
11021,731,4,mercado,37.62,2025-07-11
11022,335,2,ropa,212.33,2025-05-15
11023,670,2,mercado,17.68,2025-05-11
11024,652,6,ropa,159.48,2025-07-23
11025,63,3,libros,11.36,2025-01-19
11026,794,1,ropa,476.27,2025-12-17
11027,616,2,hogar,19.17,2025-06-07
11028,794,6,electronica,545.57,2025-12-03
11029,398,1,mercado,7.19,2025-06-17
11030,272,6,ropa,26.25,2025-11-13
11031,427,1,libros,93.32,2025-08-17
11032,762,2,mercado,39.46,2025-07-19
11033,351,1,electronica,225.6,2025-12-08
11034,610,4,electronica,973.1,2025-04-03
11035,538,4,mercado,45.91,2025-03-23
11036,270,2,electronica,248.99,2025-11-03
11037,319,2,deportes,145.96,2025-06-09
11038,774,1,deportes,160.56,2025-12-24
11039,216,2,deportes,173.26,2025-03-26
11040,792,3,ropa,14.26,2025-02-24
11041,430,3,libros,52.24,2025-08-23
11042,603,1,ropa,12.71,2025-09-08
11043,631,2,electronica,764.88,2025-01-20
11044,586,7,hogar,37.87,2025-01-10
11045,413,2,hogar,28.15,2025-12-17
11046,384,3,hogar,48.94,2025-04-04
11047,213,1,mercado,27.39,2025-06-22
11048,299,1,ropa,82.2,2025-07-14
11049,684,4,ropa,79.7,2025-04-24
11050,157,7,mercado,69.02,2025-04-11
11051,69,1,ropa,12.21,2025-09-26
11052,758,2,electronica,393.47,2025-01-20
11053,119,2,ropa,41.48,2025-03-18
11054,510,1,mercado,98.32,2025-06-08
11055,631,2,mercado,7.62,2025-06-17
11056,431,1,hogar,383.13,2025-02-14
11057,171,1,mercado,41.11,2025-05-09
11058,386,4,mercado,17.34,2025-03-10
11059,382,2,libros,51.25,2025-12-28
11060,680,2,libros,5.98,2025-01-15
11061,392,2,hogar,181.0,2025-02-15
11062,123,1,electronica,276.74,2025-02-06
11063,680,2,hogar,68.0,2025-05-19
11064,682,5,ropa,29.8,2025-09-08
11065,147,1,electronica,618.16,2025-06-07
11066,128,3,mercado,36.35,2025-11-08
11067,346,2,libros,69.24,2025-02-13
11068,408,2,ropa,208.46,2025-05-28
11069,327,4,deportes,231.15,2025-04-09
11070,590,7,ropa,161.69,2025-03-09
11071,429,4,deportes,121.41,2025-11-24
11072,356,1,mercado,26.35,2025-09-01
11073,6,2,ropa,74.03,2025-06-12
11074,792,2,electronica,109.97,2025-11-12
11075,99,1,ropa,284.99,2025-05-06
11076,65,2,hogar,449.27,2025-06-11
11077,660,4,ropa,6.63,2025-12-27
11078,257,1,mercado,135.65,2025-09-13
11079,628,2,libros,137.12,2025-07-28
11080,275,2,hogar,169.71,2025-08-23
11081,730,4,mercado,29.17,2025-11-21
11082,499,4,deportes,173.83,2025-12-02
11083,555,2,electronica,305.53,2025-10-09
11084,353,2,hogar,70.19,2025-09-15
11085,328,4,ropa,19.93,2025-03-19
11086,46,2,deportes,30.1,2025-06-24
11087,327,4,hogar,79.63,2025-01-06
11088,546,1,electronica,398.22,2025-12-05
11089,483,3,electronica,24.96,2025-04-16
11090,525,2,ropa,29.17,2025-04-22
11091,168,1,hogar,134.16,2025-07-10
11092,782,3,hogar,20.17,2025-01-19
11093,375,2,ropa,71.46,2025-05-09
11094,363,7,ropa,105.8,2025-11-24
11095,273,1,electronica,109.73,2025-02-06
11096,236,1,deportes,302.18,2025-04-19
11097,34,3,electronica,300.22,2025-11-24
11098,107,2,electronica,21.94,2025-04-17
11099,213,1,juguetes,6.2,2025-04-17
11100,341,2,ropa,43.02,2025-10-25
11101,594,1,ropa,219.87,2025-08-02
11102,799,2,ropa,21.0,2025-10-02
11103,522,1,electronica,90.78,2025-03-28
11104,23,6,juguetes,26.38,2025-08-24
11105,794,2,hogar,119.87,2025-01-15
11106,515,5,hogar,113.85,2025-02-23
11107,113,2,electronica,159.85,2025-05-05
11108,259,2,ropa,35.5,2025-09-19
11109,244,7,electronica,254.24,2025-08-03
11110,350,1,mercado,97.67,2025-02-13
11111,784,1,ropa,32.19,2025-01-03
11112,722,2,mercado,23.75,2025-03-07
11113,302,1,deportes,52.55,2025-06-11
11114,311,1,electronica,33.02,2025-06-15
11115,35,3,mercado,443.32,2025-12-10
11116,558,5,mercado,257.11,2025-08-27
11117,424,2,electronica,835.12,2025-11-16
11118,90,7,electronica,539.27,2025-06-04
11119,120,1,juguetes,64.15,2025-07-20
11120,425,2,mercado,9.8,2025-08-16
11121,434,1,mercado,47.53,2025-12-18
11122,88,7,libros,21.65,2025-11-25
11123,164,1,deportes,176.86,2025-07-19
11124,5,2,ropa,45.83,2025-10-16
11125,791,2,electronica,113.09,2025-01-03
11126,98,3,ropa,25.85,2025-07-19
11127,120,1,ropa,26.74,2025-03-19
11128,174,1,deportes,80.97,2025-11-23
11129,157,1,mercado,39.98,2025-09-01
11130,636,1,electronica,128.64,2025-01-23
11131,558,1,ropa,18.32,2025-01-27
11132,260,1,electronica,119.83,2025-08-15
11133,68,3,electronica,111.31,2025-03-18
11134,429,2,hogar,354.26,2025-04-15
11135,113,2,hogar,45.22,2025-01-11
11136,760,2,electronica,30.6,2025-06-28
11137,493,5,hogar,362.86,2025-08-07
11138,148,1,mercado,6.82,2025-06-08
11139,292,3,mercado,156.33,2025-02-21
11140,491,2,deportes,15.48,2025-10-19
11141,556,2,hogar,300.03,2025-10-02
11142,611,6,mercado,91.56,2025-10-08
11143,33,2,ropa,74.48,2025-11-04
11144,70,1,mercado,88.49,2025-06-12
11145,725,2,deportes,17.02,2025-04-28
11146,226,2,mercado,105.34,2025-06-06
11147,620,2,libros,10.04,2025-04-16
11148,658,1,electronica,138.48,2025-06-24
11149,726,4,deportes,18.91,2025-04-02
11150,115,2,deportes,28.12,2025-05-08
11151,111,1,mercado,351.0,2025-04-02
11152,544,1,electronica,49.13,2025-03-08
11153,128,1,mercado,162.17,2025-03-19
11154,351,7,juguetes,8.52,2025-04-10
11155,464,1,electronica,203.86,2025-09-07
11156,468,3,electronica,261.79,2025-08-27
11157,80,1,hogar,20.64,2025-12-18
11158,309,7,hogar,137.78,2025-07-26
11159,757,2,ropa,34.59,2025-03-06
11160,111,2,electronica,317.55,2025-04-21
11161,612,1,ropa,59.03,2025-08-28
11162,329,2,mercado,94.0,2025-10-11
11163,353,5,deportes,300.56,2025-09-26
11164,119,5,mercado,47.8,2025-06-17
11165,49,2,mercado,66.29,2025-02-13
11166,451,1,ropa,44.71,2025-05-05
11167,548,1,mercado,7.17,2025-06-25
11168,69,5,electronica,960.45,2025-10-13
11169,629,2,hogar,160.02,2025-12-01
11170,83,1,ropa,47.59,2025-03-11
11171,323,3,deportes,56.83,2025-10-08
11172,133,2,mercado,54.75,2025-09-16
11173,220,7,ropa,129.69,2025-03-24
11174,754,1,juguetes,30.95,2025-02-08
11175,438,1,hogar,12.89,2025-01-20
11176,142,1,ropa,75.75,2025-02-14
11177,208,3,electronica,130.81,2025-05-17
11178,100,3,ropa,80.87,2025-01-06
11179,129,2,ropa,140.0,2025-08-23
11180,572,1,mercado,77.58,2025-12-21
11181,500,6,hogar,209.69,2025-01-12
11182,563,1,ropa,392.03,2025-03-12
11183,345,2,ropa,101.68,2025-07-05
11184,269,1,mercado,153.87,2025-03-15
11185,751,1,ropa,37.71,2025-10-08
11186,241,2,hogar,46.66,2025-04-14
11187,628,1,electronica,68.1,2025-05-17
11188,692,3,mercado,131.81,2025-10-17
11189,430,2,deportes,40.64,2025-02-25
11190,602,1,electronica,109.36,2025-02-09
11191,378,3,juguetes,35.1,2025-11-12
11192,550,2,mercado,27.62,2025-09-04
11193,365,1,electronica,67.9,2025-11-25
11194,20,2,deportes,153.31,2025-05-03
11195,161,2,electronica,116.59,2025-08-19
11196,63,4,ropa,74.62,2025-11-05
11197,384,3,electronica,165.3,2025-06-10
11198,293,6,electronica,430.47,2025-12-20
11199,663,2,libros,37.66,2025-06-27
11200,359,3,mercado,76.45,2025-12-18
11201,780,2,mercado,29.2,2025-04-17
11202,374,1,electronica,1476.92,2025-01-02
11203,280,1,ropa,8.17,2025-03-11
11204,204,2,electronica,262.23,2025-03-23
11205,578,6,electronica,618.45,2025-06-17
11206,633,1,ropa,131.84,2025-05-26
11207,522,6,deportes,129.07,2025-03-03
11208,398,3,juguetes,50.96,2025-01-13
11209,145,1,mercado,57.77,2025-05-04
11210,708,4,electronica,192.03,2025-07-02
11211,588,2,libros,12.46,2025-06-20
11212,395,1,ropa,46.21,2025-05-04
11213,593,1,hogar,19.45,2025-07-09
11214,38,2,electronica,148.42,2025-03-01
11215,769,6,deportes,197.73,2025-05-26
11216,63,5,ropa,198.84,2025-10-09
11217,642,1,electronica,177.24,2025-10-05
11218,317,5,hogar,132.09,2025-01-15
11219,683,1,libros,103.91,2025-03-17
11220,431,3,mercado,19.05,2025-09-14
11221,700,2,hogar,169.08,2025-01-21
11222,404,1,ropa,7.39,2025-03-24
11223,580,2,ropa,167.53,2025-09-18
11224,461,4,mercado,85.9,2025-07-21
11225,751,5,mercado,19.36,2025-10-14
11226,341,4,libros,65.93,2025-12-11
11227,681,2,mercado,8.14,2025-04-20
11228,468,2,electronica,340.35,2025-09-03
11229,465,5,deportes,32.24,2025-03-19
11230,9,1,electronica,120.53,2025-02-08
11231,633,2,deportes,8.81,2025-08-16
11232,651,3,mercado,60.27,2025-01-27
11233,455,1,hogar,206.02,2025-09-16
11234,63,5,hogar,287.08,2025-09-23
11235,4,6,ropa,26.0,2025-07-01
11236,521,1,juguetes,59.93,2025-10-14
11237,168,2,hogar,32.46,2025-08-15
11238,749,2,ropa,22.28,2025-06-12
11239,698,1,juguetes,181.22,2025-06-01
11240,627,2,hogar,480.83,2025-12-05
11241,483,2,electronica,313.2,2025-10-28
11242,228,2,ropa,114.06,2025-10-13
11243,591,2,mercado,81.29,2025-04-19
11244,233,3,ropa,98.2,2025-09-09
11245,726,1,juguetes,10.06,2025-07-04
11246,126,1,mercado,17.6,2025-06-06
11247,584,1,mercado,25.72,2025-07-11
11248,205,2,electronica,2065.36,2025-01-03
11249,434,3,hogar,472.9,2025-04-02
11250,380,2,mercado,51.41,2025-12-22
11251,275,1,mercado,79.14,2025-05-24
11252,215,3,hogar,332.48,2025-07-08
11253,581,1,libros,104.01,2025-03-17
11254,511,1,mercado,25.83,2025-10-10
11255,728,2,mercado,84.44,2025-09-23
11256,685,1,ropa,35.78,2025-05-06
11257,566,2,mercado,130.44,2025-12-13
11258,185,3,ropa,12.13,2025-11-18
11259,488,2,ropa,70.33,2025-06-26
11260,662,2,mercado,248.34,2025-05-07
11261,614,5,libros,11.23,2025-07-01
11262,600,1,mercado,128.93,2025-04-16
11263,673,1,electronica,5.05,2025-08-06
11264,423,3,electronica,69.43,2025-05-09
11265,425,1,mercado,15.97,2025-02-01
11266,447,2,mercado,42.46,2025-03-25
11267,243,2,mercado,143.0,2025-02-18
11268,414,2,ropa,38.59,2025-01-05
11269,340,3,mercado,79.41,2025-02-24
11270,204,6,mercado,33.38,2025-01-02
11271,108,1,libros,59.92,2025-12-21
11272,557,3,ropa,47.19,2025-06-10
11273,502,2,ropa,148.83,2025-06-28
11274,463,3,hogar,175.78,2025-01-02
11275,79,2,ropa,49.35,2025-08-19
11276,363,2,mercado,60.5,2025-02-21
11277,403,3,juguetes,20.48,2025-06-08
11278,10,2,ropa,33.88,2025-10-25
11279,378,3,mercado,119.21,2025-09-27
11280,788,3,hogar,39.31,2025-02-01
11281,47,4,mercado,70.65,2025-01-03
11282,13,6,libros,43.49,2025-10-27
11283,457,2,electronica,209.65,2025-09-24
11284,272,2,hogar,36.51,2025-09-07
11285,259,2,electronica,252.64,2025-07-14
11286,233,1,electronica,10.25,2025-06-16
11287,127,7,hogar,67.34,2025-04-15
11288,192,1,libros,73.57,2025-12-27
11289,409,4,ropa,60.25,2025-08-05
11290,132,1,hogar,44.86,2025-12-10
11291,513,2,mercado,19.96,2025-10-20
11292,320,2,libros,25.8,2025-05-04
11293,362,1,mercado,80.19,2025-01-16
11294,388,2,deportes,41.99,2025-05-23
11295,120,3,mercado,119.31,2025-01-23
11296,371,3,ropa,106.32,2025-08-11
11297,68,1,juguetes,11.32,2025-05-06
11298,225,4,ropa,274.5,2025-11-12
11299,415,3,libros,104.74,2025-07-14
11300,619,3,hogar,111.34,2025-07-26
11301,206,2,electronica,342.91,2025-12-10
11302,229,1,deportes,93.91,2025-07-28
11303,20,2,hogar,134.31,2025-04-16
11304,270,2,electronica,99.68,2025-12-18
11305,119,1,electronica,273.49,2025-03-19
11306,185,1,mercado,227.24,2025-09-24
11307,232,4,ropa,110.92,2025-05-21
11308,608,4,ropa,98.59,2025-11-23
11309,310,2,hogar,34.27,2025-12-13
11310,14,5,electronica,271.7,2025-02-26
11311,414,5,ropa,109.72,2025-01-24
11312,301,5,electronica,587.83,2025-09-05
11313,523,3,electronica,13.13,2025-10-25
11314,612,1,mercado,23.52,2025-01-26
11315,273,3,hogar,60.54,2025-09-12
11316,545,2,mercado,33.42,2025-12-27
11317,77,3,libros,109.47,2025-02-19
11318,348,4,libros,9.61,2025-01-15
11319,238,1,hogar,22.16,2025-08-05
11320,84,5,hogar,82.92,2025-11-17
11321,342,2,juguetes,6.45,2025-02-26
11322,96,3,ropa,36.96,2025-11-17
11323,217,3,electronica,168.21,2025-02-12
11324,166,2,juguetes,11.34,2025-05-05
11325,781,1,electronica,44.33,2025-03-26
11326,478,3,mercado,5.58,2025-08-07
11327,418,1,libros,16.94,2025-09-06
11328,728,4,electronica,510.87,2025-07-17
11329,392,3,mercado,5.23,2025-04-26
11330,570,1,electronica,1046.98,2025-04-20
11331,412,5,electronica,11.04,2025-08-25
11332,45,1,hogar,151.18,2025-08-09
11333,630,2,electronica,247.95,2025-01-26
11334,600,2,mercado,55.44,2025-03-14
11335,372,4,ropa,44.43,2025-10-28
11336,541,2,hogar,344.94,2025-02-26
11337,198,3,ropa,58.64,2025-11-07
11338,144,2,electronica,194.08,2025-06-05
11339,475,2,deportes,35.82,2025-07-25
11340,337,3,ropa,51.69,2025-07-25
11341,270,1,mercado,28.01,2025-08-20
11342,46,2,electronica,456.85,2025-12-28
11343,414,1,mercado,41.35,2025-11-14
11344,646,6,electronica,169.26,2025-07-26
11345,493,7,deportes,201.62,2025-07-12
11346,132,5,ropa,141.86,2025-02-18
11347,44,2,deportes,191.26,2025-10-07
11348,31,1,hogar,48.26,2025-06-12
11349,765,2,ropa,69.25,2025-03-16
11350,507,1,electronica,643.99,2025-09-04
11351,176,7,hogar,53.29,2025-01-18
11352,240,1,ropa,32.56,2025-10-17
11353,668,2,mercado,19.42,2025-03-26
11354,459,2,mercado,99.78,2025-08-25
11355,577,6,hogar,249.98,2025-01-01
11356,56,3,electronica,174.91,2025-12-20
11357,548,7,deportes,17.14,2025-11-14
11358,744,1,ropa,143.52,2025-04-02
11359,758,5,hogar,61.49,2025-12-13
11360,259,1,electronica,18.17,2025-02-23
11361,215,3,deportes,170.26,2025-04-01
11362,432,7,electronica,49.62,2025-05-14
11363,24,1,juguetes,72.56,2025-09-28
11364,193,2,mercado,5.86,2025-02-19
11365,49,1,electronica,43.62,2025-08-27
11366,99,6,ropa,67.96,2025-05-02
11367,112,2,electronica,469.22,2025-08-07
11368,421,1,electronica,538.5,2025-06-25
11369,592,1,ropa,74.36,2025-01-11
11370,621,2,electronica,260.13,2025-06-14
11371,263,1,electronica,134.44,2025-05-10
11372,761,2,libros,70.97,2025-11-07
11373,122,1,hogar,224.86,2025-03-26
11374,710,1,electronica,913.83,2025-03-28
11375,318,1,ropa,89.78,2025-09-02
11376,554,3,libros,14.12,2025-06-03
11377,721,2,electronica,179.73,2025-09-20
11378,500,1,deportes,92.24,2025-06-20
11379,85,2,hogar,521.64,2025-09-23
11380,376,2,juguetes,20.74,2025-12-08
11381,406,2,hogar,127.71,2025-12-24
11382,453,2,electronica,261.93,2025-06-02
11383,678,3,ropa,134.49,2025-02-26
11384,641,5,deportes,147.29,2025-11-08
11385,43,1,hogar,39.17,2025-08-07
11386,544,2,electronica,93.66,2025-02-02
11387,409,1,electronica,152.88,2025-04-11
11388,82,1,mercado,54.81,2025-05-24
11389,199,5,electronica,201.89,2025-04-17
11390,540,2,deportes,50.18,2025-12-18
11391,134,5,hogar,342.84,2025-12-12
11392,545,2,hogar,149.1,2025-05-08
11393,254,2,mercado,85.84,2025-11-19
11394,662,2,libros,24.32,2025-02-20
11395,26,7,ropa,7.62,2025-12-15
11396,727,2,electronica,149.86,2025-08-17
11397,491,2,electronica,153.35,2025-07-04
11398,335,3,juguetes,31.96,2025-06-13
11399,82,1,mercado,106.73,2025-11-23
11400,370,3,electronica,60.31,2025-08-11
11401,95,5,electronica,253.54,2025-12-21
11402,194,5,ropa,113.21,2025-11-17
11403,532,1,mercado,41.2,2025-02-13
11404,559,3,electronica,30.0,2025-04-22
11405,698,1,juguetes,43.11,2025-10-25
11406,8,1,juguetes,62.85,2025-04-10
11407,747,1,electronica,184.03,2025-04-04
11408,779,2,ropa,62.07,2025-06-26
11409,490,2,hogar,70.97,2025-04-21
11410,438,1,deportes,111.46,2025-06-02
11411,551,3,electronica,19.83,2025-07-16
11412,174,5,deportes,73.43,2025-01-17
11413,491,2,electronica,123.16,2025-12-26
11414,514,2,hogar,160.69,2025-03-07
11415,134,7,ropa,149.04,2025-01-06
11416,273,3,ropa,8.33,2025-12-27
11417,607,2,hogar,132.38,2025-12-15
11418,79,6,electronica,877.82,2025-08-24
11419,376,4,hogar,190.56,2025-09-13
11420,220,4,ropa,35.1,2025-11-22
11421,384,2,ropa,16.51,2025-04-25
11422,190,1,deportes,42.31,2025-09-02
11423,752,1,ropa,43.01,2025-10-04
11424,377,2,electronica,527.92,2025-01-22
11425,511,2,libros,33.51,2025-10-23
11426,407,1,electronica,99.74,2025-06-02
11427,638,1,mercado,15.22,2025-11-17
11428,561,2,mercado,50.9,2025-05-16
11429,501,3,mercado,137.8,2025-09-16
11430,170,4,hogar,138.67,2025-05-25
11431,602,2,ropa,24.46,2025-07-13
11432,642,4,hogar,190.41,2025-02-19
11433,253,6,libros,41.96,2025-03-10
11434,145,1,electronica,264.99,2025-12-09
11435,501,3,mercado,57.97,2025-12-21
11436,54,2,electronica,362.84,2025-07-25
11437,64,5,hogar,404.1,2025-07-20
11438,434,2,mercado,5.28,2025-12-15
11439,109,2,libros,10.85,2025-06-18
11440,295,2,deportes,15.8,2025-03-10
11441,503,2,mercado,27.65,2025-10-15
11442,186,3,ropa,14.74,2025-11-15
11443,603,2,hogar,29.8,2025-12-17
11444,159,1,juguetes,86.57,2025-08-12
11445,582,1,juguetes,74.99,2025-03-02
11446,321,2,juguetes,5.41,2025-10-07
11447,321,5,mercado,39.78,2025-10-18
11448,9,6,electronica,175.13,2025-08-19
11449,250,1,juguetes,104.85,2025-06-18
11450,326,4,mercado,43.77,2025-10-02
11451,684,1,electronica,391.38,2025-10-12
11452,341,2,ropa,237.43,2025-07-26
11453,229,3,libros,48.6,2025-03-19
11454,432,2,deportes,238.59,2025-02-08
11455,456,3,hogar,234.93,2025-11-22
11456,262,2,ropa,88.69,2025-05-14
11457,510,1,deportes,55.75,2025-06-06
11458,626,3,ropa,9.26,2025-03-19
11459,438,1,ropa,37.23,2025-03-11
11460,261,2,juguetes,64.55,2025-09-26
11461,479,7,electronica,1575.17,2025-10-01
11462,448,4,electronica,32.39,2025-03-01
11463,496,6,electronica,43.79,2025-04-08
11464,575,4,hogar,129.58,2025-07-22
11465,229,1,juguetes,19.61,2025-05-18
11466,307,1,mercado,42.71,2025-06-02
11467,526,2,ropa,14.53,2025-05-21
11468,659,2,electronica,336.62,2025-03-15
11469,537,1,mercado,191.31,2025-02-01
11470,390,1,ropa,17.51,2025-04-26
11471,448,1,electronica,405.53,2025-08-22
11472,372,2,mercado,52.6,2025-01-19
11473,407,1,hogar,22.96,2025-04-10
11474,280,2,hogar,157.22,2025-05-21
11475,533,3,mercado,10.15,2025-07-16
11476,131,3,hogar,54.86,2025-01-12
11477,302,2,juguetes,66.99,2025-02-03
11478,54,2,mercado,48.6,2025-08-14
11479,391,1,mercado,33.42,2025-09-26
11480,339,1,ropa,39.21,2025-09-11
11481,317,1,mercado,7.54,2025-05-21
11482,61,1,libros,52.69,2025-07-09
11483,466,1,libros,15.71,2025-02-24
11484,588,4,hogar,64.72,2025-12-14
11485,155,2,ropa,48.99,2025-01-23
11486,170,1,libros,148.7,2025-09-11
11487,428,5,hogar,8.7,2025-01-14
11488,697,3,ropa,29.72,2025-05-19
11489,115,3,ropa,63.82,2025-04-13
11490,265,2,deportes,65.73,2025-08-12
11491,289,1,ropa,140.75,2025-08-08
11492,22,3,hogar,336.17,2025-12-21
11493,43,2,juguetes,15.29,2025-08-09
11494,276,2,deportes,37.5,2025-12-04
11495,591,3,hogar,71.48,2025-01-22
11496,86,2,juguetes,188.78,2025-08-27
11497,258,6,libros,27.19,2025-10-16
11498,659,2,ropa,138.96,2025-02-03
11499,796,1,libros,44.71,2025-06-08
11500,327,2,mercado,61.34,2025-06-12
11501,552,2,deportes,119.92,2025-04-17
11502,16,3,ropa,8.34,2025-07-01
11503,337,2,mercado,154.53,2025-10-19
11504,579,1,deportes,28.81,2025-05-26
11505,274,1,ropa,58.3,2025-07-04
11506,11,4,mercado,40.34,2025-01-08
11507,34,2,ropa,95.13,2025-12-26
11508,230,6,electronica,125.22,2025-08-15
11509,635,2,ropa,118.37,2025-09-07
11510,405,7,deportes,85.65,2025-08-14
11511,576,4,libros,22.97,2025-07-24
11512,157,4,hogar,153.41,2025-12-18
11513,704,5,electronica,285.64,2025-01-21
11514,630,3,electronica,340.15,2025-12-27
11515,180,2,mercado,75.36,2025-07-02
11516,485,3,juguetes,63.07,2025-05-19
11517,762,1,electronica,20.83,2025-10-18
11518,376,1,juguetes,117.9,2025-09-27
11519,144,7,electronica,234.49,2025-07-09
11520,505,2,hogar,64.45,2025-03-13
11521,100,2,hogar,115.78,2025-04-27
11522,570,2,ropa,7.43,2025-06-27
11523,359,3,deportes,77.13,2025-02-23
11524,351,3,hogar,325.42,2025-06-26
11525,351,4,ropa,38.47,2025-06-10
11526,508,2,ropa,38.99,2025-12-20
11527,640,3,ropa,73.94,2025-06-07
11528,627,2,hogar,9.86,2025-06-16
11529,219,2,hogar,86.26,2025-04-27
11530,438,1,deportes,13.82,2025-08-13
11531,556,1,hogar,239.58,2025-05-02
11532,260,6,mercado,41.93,2025-07-24
11533,718,7,deportes,385.2,2025-05-21
11534,702,5,libros,17.42,2025-03-10
11535,621,3,mercado,142.43,2025-09-15
11536,424,2,ropa,112.85,2025-07-28
11537,702,1,hogar,347.05,2025-05-16
11538,563,2,deportes,60.0,2025-02-02
11539,107,1,deportes,94.3,2025-04-14
11540,21,2,mercado,177.33,2025-02-04
11541,344,3,juguetes,20.71,2025-02-19
11542,254,2,hogar,161.5,2025-05-17
11543,118,3,electronica,22.27,2025-11-03
11544,536,2,electronica,233.89,2025-12-21
11545,467,5,libros,53.05,2025-10-02
11546,681,3,libros,112.47,2025-04-04
11547,713,1,electronica,196.81,2025-02-17
11548,121,2,deportes,49.4,2025-03-02
11549,133,3,ropa,12.62,2025-01-05
11550,427,3,ropa,103.49,2025-08-21
11551,192,2,mercado,5.47,2025-11-28
11552,786,2,electronica,1231.55,2025-02-06
11553,84,1,hogar,135.39,2025-05-20
11554,65,3,electronica,154.9,2025-06-21
11555,518,2,hogar,12.52,2025-09-12
11556,711,6,deportes,55.92,2025-02-03
11557,292,4,mercado,5.94,2025-08-22
11558,396,2,electronica,384.13,2025-09-08
11559,285,3,electronica,205.06,2025-05-05
11560,379,1,ropa,52.85,2025-04-18
11561,250,1,mercado,27.31,2025-10-08
11562,634,6,mercado,202.82,2025-05-26
11563,509,1,ropa,10.69,2025-12-14
11564,785,5,ropa,53.45,2025-07-19
11565,309,5,electronica,562.24,2025-08-27
11566,409,2,electronica,94.07,2025-06-13
11567,319,2,electronica,188.36,2025-01-06
11568,331,3,electronica,470.71,2025-04-28
11569,83,4,hogar,56.79,2025-05-04
11570,473,6,ropa,176.52,2025-01-08
11571,367,2,ropa,56.99,2025-04-08
11572,690,2,hogar,26.9,2025-05-22
11573,84,5,mercado,85.82,2025-11-02
11574,129,5,electronica,456.02,2025-03-18
11575,498,2,ropa,41.66,2025-06-19
11576,551,4,ropa,58.95,2025-03-10
11577,215,3,electronica,892.93,2025-12-06
11578,235,1,hogar,121.66,2025-07-22
11579,570,1,electronica,32.58,2025-12-07
11580,590,3,mercado,35.79,2025-06-27
11581,85,1,deportes,287.15,2025-12-17
11582,621,4,hogar,48.96,2025-03-02
11583,351,1,juguetes,5.85,2025-09-20
11584,574,1,juguetes,155.78,2025-11-09
11585,396,2,libros,35.68,2025-03-12
11586,245,2,ropa,66.22,2025-02-02
11587,544,5,electronica,395.16,2025-05-12
11588,62,1,ropa,14.98,2025-10-06
11589,786,1,ropa,34.29,2025-09-15
11590,720,1,libros,22.56,2025-09-25
11591,670,1,juguetes,151.14,2025-05-19
11592,777,1,juguetes,11.54,2025-01-26
11593,284,2,ropa,173.87,2025-02-15
11594,360,3,ropa,206.69,2025-03-27
11595,72,4,electronica,1769.78,2025-11-05
11596,121,2,hogar,10.28,2025-07-26
11597,352,2,electronica,910.8,2025-01-19
11598,8,6,mercado,160.16,2025-07-22
11599,743,1,electronica,21.91,2025-06-21
11600,646,7,mercado,13.2,2025-01-10
11601,583,4,ropa,68.2,2025-02-19
11602,97,1,hogar,77.42,2025-04-22
11603,783,2,juguetes,7.56,2025-01-14
11604,568,1,hogar,115.87,2025-09-22
11605,9,2,hogar,14.19,2025-10-15
11606,68,4,mercado,247.1,2025-12-13
11607,142,1,mercado,53.64,2025-04-04
11608,226,4,ropa,75.4,2025-11-15
11609,463,2,libros,59.31,2025-09-25
11610,433,2,ropa,209.62,2025-11-28
11611,585,5,hogar,372.75,2025-08-11
11612,168,2,libros,17.76,2025-05-24
11613,102,3,mercado,188.55,2025-10-17
11614,740,2,ropa,32.64,2025-09-08
11615,372,2,hogar,61.81,2025-05-22
11616,572,2,electronica,713.11,2025-04-26
11617,758,6,ropa,86.14,2025-02-26
11618,452,1,electronica,367.43,2025-05-08
11619,678,7,ropa,191.95,2025-07-22
11620,250,2,hogar,164.25,2025-12-19
11621,383,1,electronica,258.91,2025-06-01
11622,420,1,ropa,13.59,2025-03-17
11623,447,2,ropa,6.68,2025-04-08
11624,577,3,mercado,196.69,2025-07-08
11625,653,2,libros,62.62,2025-10-07
11626,508,1,electronica,368.47,2025-09-15
11627,54,1,deportes,117.42,2025-08-18
11628,543,2,mercado,27.18,2025-08-27
11629,369,1,libros,10.87,2025-12-25
11630,343,2,juguetes,167.33,2025-04-12
11631,356,2,mercado,61.38,2025-11-05
11632,592,2,deportes,32.84,2025-04-16
11633,707,1,electronica,752.14,2025-02-05
11634,91,2,ropa,56.31,2025-04-11
11635,384,1,ropa,79.63,2025-03-16
11636,188,1,juguetes,55.88,2025-08-24
11637,278,1,hogar,6.7,2025-05-11
11638,792,2,ropa,196.95,2025-10-13
11639,185,2,mercado,100.05,2025-03-22
11640,733,1,juguetes,29.31,2025-06-12
11641,295,2,mercado,30.13,2025-05-26
11642,594,1,mercado,38.5,2025-11-04
11643,382,4,electronica,170.38,2025-01-08
11644,45,1,deportes,22.28,2025-04-22
11645,263,1,electronica,172.47,2025-02-22
11646,350,1,electronica,773.59,2025-03-22
11647,257,1,mercado,35.42,2025-12-12
11648,541,1,electronica,306.12,2025-06-15
11649,302,4,deportes,16.42,2025-01-09
11650,116,2,deportes,95.28,2025-04-18
11651,293,6,hogar,83.12,2025-04-25
11652,611,1,ropa,32.67,2025-07-23
11653,262,2,mercado,55.33,2025-01-17
11654,685,4,mercado,61.55,2025-05-26
11655,101,1,electronica,330.14,2025-03-19
11656,84,1,mercado,18.29,2025-02-13
11657,694,3,ropa,8.17,2025-03-05
11658,711,2,libros,38.03,2025-04-18
11659,686,7,ropa,136.05,2025-09-19
11660,230,3,electronica,83.16,2025-03-25
11661,584,2,mercado,30.26,2025-08-04
11662,31,2,electronica,543.3,2025-05-18
11663,380,1,mercado,348.83,2025-05-18
11664,688,1,hogar,65.66,2025-02-19
11665,637,2,libros,92.04,2025-10-09
11666,632,5,hogar,175.85,2025-03-24
11667,225,4,mercado,60.56,2025-12-16
11668,240,1,hogar,192.43,2025-11-05
11669,391,6,ropa,6.73,2025-11-03
11670,597,5,electronica,134.33,2025-07-03
11671,78,2,hogar,100.13,2025-02-03
11672,579,2,ropa,34.24,2025-05-06
11673,670,2,hogar,569.01,2025-11-28
11674,499,3,hogar,78.17,2025-11-07
11675,717,2,hogar,11.37,2025-02-01
11676,334,1,hogar,29.36,2025-07-07
11677,332,1,electronica,278.47,2025-03-22
11678,175,3,juguetes,32.58,2025-04-17
11679,25,4,mercado,13.43,2025-09-22
11680,234,4,mercado,112.12,2025-03-18
11681,364,4,electronica,523.39,2025-01-20
11682,564,3,mercado,16.56,2025-08-16
11683,626,3,ropa,219.91,2025-12-11
11684,575,3,electronica,94.11,2025-07-23
11685,183,3,ropa,8.83,2025-06-27
11686,575,2,mercado,17.38,2025-07-22
11687,722,1,mercado,5.43,2025-05-02
11688,100,1,mercado,167.76,2025-11-01
11689,197,1,hogar,228.53,2025-12-01
11690,276,3,ropa,20.94,2025-09-22
11691,467,2,ropa,79.59,2025-05-10
11692,195,2,juguetes,23.97,2025-01-10
11693,400,2,ropa,106.19,2025-07-09
11694,342,2,ropa,168.47,2025-08-05
11695,173,1,mercado,224.31,2025-11-14
11696,506,2,mercado,162.88,2025-03-21
11697,151,3,mercado,7.84,2025-07-06
11698,577,3,mercado,51.51,2025-04-20
11699,565,6,ropa,30.57,2025-03-03
11700,18,4,hogar,151.98,2025-01-01
11701,58,1,hogar,72.24,2025-03-19
11702,543,1,libros,28.61,2025-07-23
11703,270,1,libros,30.64,2025-01-19
11704,566,1,electronica,151.08,2025-12-05
11705,69,3,deportes,32.75,2025-04-11
11706,18,2,electronica,101.41,2025-02-01
11707,219,2,electronica,114.36,2025-11-17
11708,443,2,juguetes,57.3,2025-04-15
11709,94,1,ropa,36.28,2025-04-24
11710,708,1,deportes,193.49,2025-12-14
11711,489,2,mercado,18.97,2025-01-09
11712,281,4,juguetes,27.18,2025-03-12
11713,292,3,hogar,119.44,2025-09-12
11714,654,1,deportes,157.62,2025-11-03
11715,431,2,ropa,6.53,2025-12-23
11716,448,1,ropa,161.28,2025-12-24
11717,233,1,hogar,416.47,2025-07-08
11718,506,1,hogar,127.67,2025-02-09
11719,194,3,mercado,92.73,2025-06-17
11720,231,4,electronica,47.34,2025-09-04
11721,647,2,mercado,66.07,2025-12-20
11722,262,1,libros,29.88,2025-02-09
11723,677,2,ropa,133.42,2025-04-27
11724,129,1,electronica,35.25,2025-01-10
11725,196,1,hogar,383.5,2025-04-12
11726,16,2,ropa,163.37,2025-07-19
11727,153,1,electronica,203.85,2025-12-18
11728,93,4,electronica,917.13,2025-02-15
11729,642,2,electronica,256.18,2025-06-13
11730,430,2,electronica,560.69,2025-11-10
11731,86,1,electronica,42.71,2025-02-06
11732,557,2,libros,16.71,2025-10-06
11733,458,4,electronica,10.94,2025-02-07
11734,2,2,electronica,243.47,2025-12-07
11735,332,1,hogar,120.34,2025-09-23
11736,267,3,hogar,101.19,2025-09-22
11737,202,1,hogar,218.93,2025-06-13
11738,341,1,mercado,8.33,2025-07-11
11739,433,1,hogar,210.29,2025-01-25
11740,758,1,electronica,6.35,2025-11-18
11741,793,2,mercado,6.67,2025-06-03
11742,46,4,hogar,158.54,2025-05-11
11743,146,4,mercado,39.38,2025-12-03
11744,352,4,electronica,552.35,2025-11-06
11745,790,1,electronica,1968.47,2025-08-01
11746,538,2,ropa,56.92,2025-02-10
11747,121,1,hogar,30.16,2025-07-14
11748,146,3,hogar,58.91,2025-06-25
11749,260,4,mercado,122.34,2025-03-15
11750,344,1,libros,138.49,2025-08-11
11751,533,2,deportes,295.89,2025-06-26
11752,295,2,mercado,74.83,2025-09-24
11753,205,2,electronica,80.2,2025-03-28
11754,508,1,libros,55.6,2025-02-18
11755,283,1,electronica,196.94,2025-03-01
11756,391,1,deportes,59.88,2025-06-27
11757,520,3,electronica,91.91,2025-09-24
11758,790,4,mercado,13.66,2025-08-26
11759,735,2,ropa,125.03,2025-10-03
11760,652,3,libros,67.25,2025-12-18
11761,71,4,hogar,62.55,2025-02-10
11762,35,2,electronica,28.18,2025-09-07
11763,431,1,hogar,154.0,2025-12-22
11764,334,2,electronica,88.64,2025-07-15
11765,538,1,electronica,30.42,2025-11-10
11766,716,2,mercado,11.99,2025-09-10
11767,168,2,mercado,154.61,2025-02-26
11768,17,3,hogar,16.25,2025-08-12
11769,361,1,ropa,139.12,2025-07-24
11770,688,2,mercado,98.06,2025-10-10
11771,765,2,juguetes,39.39,2025-07-05
11772,191,1,ropa,71.14,2025-01-06
11773,27,3,ropa,111.98,2025-10-15
11774,562,2,electronica,243.9,2025-02-17
11775,549,3,ropa,258.74,2025-02-04
11776,633,1,mercado,31.33,2025-07-24
11777,44,3,mercado,150.52,2025-05-18
11778,769,7,juguetes,28.3,2025-12-23
11779,154,5,libros,19.75,2025-08-08
11780,622,1,libros,143.77,2025-11-17
11781,422,6,libros,80.78,2025-09-28
11782,154,1,electronica,110.49,2025-12-03
11783,661,6,mercado,14.05,2025-12-23
11784,671,5,mercado,25.72,2025-12-27
11785,205,6,hogar,76.61,2025-04-27
11786,526,3,libros,88.1,2025-08-15
11787,496,3,deportes,202.86,2025-07-11
11788,206,2,hogar,89.94,2025-07-24
11789,251,1,libros,45.28,2025-01-10
11790,693,4,deportes,51.78,2025-08-26
11791,626,1,mercado,14.72,2025-01-06
11792,733,7,mercado,10.89,2025-05-23
11793,62,2,libros,180.24,2025-04-03
11794,66,2,ropa,36.29,2025-12-13
11795,624,2,mercado,81.83,2025-07-09
11796,173,3,mercado,149.33,2025-06-04
11797,736,3,libros,55.44,2025-12-21
11798,330,1,juguetes,11.19,2025-06-12
11799,393,1,electronica,535.64,2025-09-13
11800,366,3,mercado,17.28,2025-05-18
11801,301,7,mercado,53.8,2025-03-12
11802,301,3,ropa,11.66,2025-07-14
11803,539,1,ropa,231.65,2025-10-01
11804,203,1,electronica,106.03,2025-02-14
11805,315,1,juguetes,42.85,2025-09-09
11806,300,2,hogar,36.94,2025-02-10
11807,115,2,libros,34.71,2025-01-02
11808,105,6,electronica,579.87,2025-02-02
11809,478,1,libros,28.19,2025-02-19
11810,103,2,electronica,60.04,2025-02-04
11811,258,1,deportes,80.9,2025-03-15
11812,542,2,deportes,76.75,2025-10-20
11813,720,1,mercado,39.15,2025-01-28
11814,384,3,electronica,341.92,2025-09-13
11815,742,4,mercado,50.3,2025-09-22
11816,272,2,deportes,68.36,2025-05-20
11817,327,2,deportes,102.49,2025-04-20
11818,427,2,electronica,202.28,2025-11-21
11819,592,3,libros,52.68,2025-07-23
11820,585,4,electronica,729.1,2025-12-02
11821,402,6,libros,167.89,2025-02-08
11822,132,2,mercado,81.95,2025-08-25
11823,766,1,ropa,53.89,2025-09-09
11824,695,1,hogar,431.24,2025-09-10
11825,428,1,electronica,98.16,2025-08-02
11826,384,3,ropa,145.84,2025-12-07
11827,79,2,mercado,20.16,2025-03-09
11828,170,2,ropa,30.1,2025-06-14
11829,416,5,electronica,75.61,2025-09-04
11830,269,1,hogar,90.89,2025-11-02
11831,353,3,libros,8.19,2025-10-10
11832,742,1,electronica,406.72,2025-07-21
11833,519,2,deportes,47.98,2025-11-22
11834,698,1,mercado,41.03,2025-01-18
11835,153,2,electronica,219.01,2025-02-04
11836,479,1,ropa,14.23,2025-06-02
11837,521,2,hogar,212.62,2025-06-09
11838,182,2,ropa,64.0,2025-05-21
11839,599,1,hogar,89.43,2025-12-24
11840,723,4,mercado,104.52,2025-03-21
11841,753,3,deportes,99.32,2025-05-18
11842,782,2,mercado,122.92,2025-09-07
11843,741,3,electronica,1209.78,2025-07-07
11844,449,2,hogar,19.66,2025-04-17
11845,590,6,electronica,437.59,2025-07-14
11846,114,1,ropa,24.56,2025-09-26
11847,591,4,electronica,39.37,2025-11-10
11848,429,2,mercado,57.22,2025-10-14
11849,212,2,mercado,243.81,2025-09-23
11850,307,1,hogar,51.24,2025-03-02
11851,123,2,hogar,93.41,2025-01-28
11852,338,1,ropa,470.19,2025-11-27
11853,335,3,electronica,1374.11,2025-03-17
11854,93,1,hogar,155.46,2025-04-17
11855,482,1,ropa,104.14,2025-11-04
11856,278,3,deportes,10.44,2025-05-08
11857,529,2,hogar,208.19,2025-06-03
11858,301,1,hogar,65.0,2025-12-15
11859,711,1,electronica,330.53,2025-05-24
11860,40,3,ropa,155.65,2025-03-14
11861,727,2,ropa,5.63,2025-08-15
11862,488,3,ropa,9.43,2025-12-14
11863,501,2,mercado,132.55,2025-11-19
11864,237,5,deportes,67.19,2025-05-05
11865,709,1,hogar,5.92,2025-09-28
11866,702,1,electronica,1439.84,2025-12-20
11867,366,2,electronica,45.43,2025-04-01
11868,238,2,electronica,360.81,2025-03-19
11869,486,2,ropa,69.78,2025-07-03
11870,185,5,electronica,688.91,2025-10-07
11871,230,1,juguetes,27.36,2025-11-21
11872,234,1,hogar,25.65,2025-09-20
11873,50,2,ropa,37.4,2025-08-26
11874,698,1,mercado,183.67,2025-03-08
11875,58,4,electronica,155.97,2025-04-25
11876,1,2,juguetes,24.72,2025-05-20
11877,692,1,ropa,17.7,2025-06-15
11878,762,1,electronica,123.82,2025-12-21
11879,49,2,hogar,98.17,2025-06-04
11880,360,1,ropa,116.18,2025-07-25
11881,327,2,libros,14.6,2025-09-17
11882,712,2,deportes,257.53,2025-08-25
11883,395,1,mercado,17.0,2025-09-12
11884,255,2,hogar,289.48,2025-07-13
11885,599,2,ropa,36.15,2025-01-24
11886,39,2,electronica,55.98,2025-07-14
11887,459,1,electronica,190.49,2025-11-26
11888,42,3,libros,17.37,2025-07-02
11889,472,1,ropa,19.74,2025-05-10
11890,163,1,ropa,198.55,2025-05-19
11891,21,1,ropa,59.98,2025-08-21
11892,363,2,ropa,40.69,2025-01-21
11893,278,1,mercado,93.65,2025-10-24
11894,347,2,electronica,312.35,2025-02-28
11895,224,4,hogar,82.64,2025-01-26
11896,44,2,ropa,43.54,2025-06-05
11897,369,3,mercado,23.97,2025-12-04
11898,61,4,electronica,359.57,2025-08-02
11899,185,5,hogar,334.68,2025-04-08
11900,180,2,electronica,40.99,2025-06-19
11901,707,3,electronica,937.53,2025-04-26
11902,622,3,hogar,58.39,2025-09-12
11903,637,1,deportes,94.92,2025-01-26
11904,516,1,hogar,141.68,2025-09-09
11905,635,5,ropa,15.51,2025-08-23
11906,682,2,electronica,34.04,2025-02-27
11907,728,5,hogar,128.23,2025-02-20
11908,230,3,hogar,215.3,2025-06-07
11909,87,2,libros,29.94,2025-03-26
11910,718,1,mercado,47.21,2025-02-05
11911,166,4,ropa,60.26,2025-06-11
11912,66,1,juguetes,26.4,2025-06-17
11913,147,2,libros,11.59,2025-07-12
11914,150,2,electronica,233.04,2025-11-01
11915,532,2,ropa,20.01,2025-10-05
11916,249,2,hogar,36.61,2025-04-08
11917,14,1,mercado,39.87,2025-09-02
11918,762,1,hogar,96.77,2025-01-25
11919,368,1,ropa,132.95,2025-12-16
11920,11,5,libros,87.38,2025-09-19
11921,678,6,mercado,58.28,2025-03-22
11922,608,2,ropa,129.32,2025-08-09
11923,74,2,deportes,643.56,2025-08-24
11924,280,1,electronica,222.43,2025-11-11
11925,533,2,ropa,8.11,2025-09-09
11926,186,1,juguetes,43.91,2025-11-06
11927,442,7,hogar,30.97,2025-02-05
11928,67,2,mercado,61.74,2025-01-13
11929,284,3,electronica,465.63,2025-04-19
11930,220,2,hogar,15.38,2025-02-05
11931,608,1,mercado,28.7,2025-01-21
11932,277,1,hogar,332.41,2025-03-08
11933,795,1,electronica,26.61,2025-07-19
11934,191,1,ropa,20.63,2025-11-21
11935,361,1,electronica,92.37,2025-12-06
11936,495,1,mercado,28.75,2025-03-06
11937,112,1,hogar,93.03,2025-04-11
11938,795,7,ropa,28.22,2025-01-11
11939,133,1,juguetes,70.47,2025-07-18
11940,283,1,ropa,108.92,2025-05-05
11941,461,2,mercado,59.27,2025-11-11
11942,188,1,mercado,36.04,2025-07-06
11943,357,1,electronica,184.7,2025-01-21
11944,232,2,electronica,312.98,2025-10-10
11945,495,3,juguetes,59.66,2025-10-08
11946,142,1,ropa,88.04,2025-02-07
11947,667,2,mercado,15.87,2025-04-11
11948,117,2,electronica,216.32,2025-10-20
11949,101,2,ropa,42.86,2025-04-19
11950,276,7,deportes,95.67,2025-03-19
11951,742,1,deportes,54.72,2025-02-03
11952,497,1,ropa,84.73,2025-03-19
11953,49,2,libros,14.27,2025-11-17
11954,33,1,electronica,268.64,2025-02-27
11955,367,2,electronica,64.37,2025-01-18
11956,11,2,deportes,38.03,2025-12-11
11957,157,1,hogar,192.07,2025-09-06
11958,338,3,deportes,149.36,2025-11-20
11959,405,3,electronica,599.16,2025-08-11
11960,81,1,electronica,356.54,2025-06-23
11961,304,2,mercado,107.97,2025-01-21
11962,631,5,electronica,77.34,2025-09-27
11963,602,1,ropa,99.0,2025-01-18
11964,789,3,hogar,95.99,2025-07-16
11965,356,2,libros,7.14,2025-12-11
11966,571,2,electronica,129.65,2025-06-24
11967,628,2,electronica,36.91,2025-02-11
11968,141,2,electronica,228.67,2025-10-02
11969,54,1,ropa,25.42,2025-02-19
11970,733,2,ropa,163.37,2025-01-18
11971,778,1,hogar,77.12,2025-04-01
11972,241,1,mercado,118.62,2025-06-08
11973,373,2,deportes,8.54,2025-06-20
11974,625,2,electronica,88.94,2025-02-13
11975,199,4,ropa,13.31,2025-08-19
11976,322,3,electronica,64.7,2025-02-16
11977,16,2,hogar,39.14,2025-01-18
11978,158,1,electronica,518.53,2025-09-07
11979,497,2,mercado,53.55,2025-04-04
11980,231,4,ropa,13.6,2025-06-25
11981,55,2,ropa,126.94,2025-07-04
11982,445,3,ropa,131.94,2025-08-07
11983,699,2,ropa,6.71,2025-09-16
11984,109,4,hogar,8.25,2025-07-12
11985,678,1,ropa,68.27,2025-02-19
11986,793,1,electronica,461.98,2025-06-20
11987,400,2,mercado,30.94,2025-04-21
11988,367,3,ropa,64.32,2025-09-05
11989,299,2,electronica,151.4,2025-04-20
11990,453,2,electronica,317.82,2025-07-20
11991,115,2,libros,31.98,2025-05-28
11992,709,3,mercado,127.3,2025-05-25
11993,145,2,ropa,158.44,2025-01-15
11994,548,2,hogar,100.49,2025-06-02
11995,717,1,mercado,6.64,2025-05-27
11996,232,1,mercado,94.76,2025-03-23
11997,40,2,mercado,35.38,2025-03-22
11998,283,3,electronica,209.39,2025-01-15
11999,238,2,electronica,520.51,2025-12-06
12000,444,2,electronica,25.85,2025-05-21
12001,125,1,mercado,34.83,2025-03-27
12002,511,1,mercado,42.4,2025-01-25
12003,27,2,libros,21.18,2025-07-20
12004,302,1,electronica,215.88,2025-05-22
12005,488,2,juguetes,106.78,2025-04-21
12006,736,1,mercado,46.49,2025-05-07
12007,673,4,juguetes,112.9,2025-05-16
12008,248,2,deportes,13.01,2025-07-21
12009,558,6,electronica,539.02,2025-06-01
12010,217,6,ropa,14.92,2025-07-04
12011,72,5,mercado,98.27,2025-08-27
12012,305,6,electronica,252.84,2025-12-15
12013,465,6,hogar,188.61,2025-06-08
12014,290,2,electronica,198.88,2025-10-02
12015,17,2,deportes,73.5,2025-05-01
12016,105,5,mercado,41.0,2025-10-16
12017,246,3,mercado,146.4,2025-11-12
12018,611,3,ropa,37.4,2025-02-23
12019,791,3,ropa,81.97,2025-01-06
12020,449,6,deportes,6.9,2025-06-08
12021,79,7,ropa,7.5,2025-04-13
12022,500,2,mercado,7.17,2025-02-09
12023,715,4,juguetes,5.18,2025-05-06
12024,373,2,deportes,53.37,2025-03-13
12025,504,2,hogar,75.36,2025-03-21
12026,61,1,ropa,147.48,2025-07-08
12027,483,1,hogar,33.97,2025-07-20
12028,436,6,mercado,13.3,2025-08-25
12029,799,2,deportes,13.86,2025-07-07
12030,365,1,mercado,227.66,2025-07-05
12031,536,2,deportes,42.04,2025-05-19
12032,687,2,ropa,10.67,2025-08-17
12033,511,3,electronica,362.36,2025-11-09
12034,179,6,deportes,61.66,2025-11-26
12035,362,2,mercado,48.55,2025-11-24
12036,310,1,mercado,119.87,2025-06-10
12037,80,2,libros,44.12,2025-04-14
12038,721,2,hogar,121.28,2025-05-24
12039,505,1,hogar,177.33,2025-02-23
12040,790,2,juguetes,98.06,2025-07-13
12041,532,4,hogar,27.03,2025-06-03
12042,209,1,hogar,55.6,2025-05-01
12043,675,4,libros,67.18,2025-12-05
12044,51,2,mercado,90.98,2025-07-10
12045,778,5,hogar,13.85,2025-10-13
12046,519,1,mercado,185.19,2025-03-10
12047,307,1,libros,37.23,2025-06-17
12048,366,1,libros,5.88,2025-01-15
12049,222,3,mercado,125.65,2025-03-25
12050,722,2,mercado,56.21,2025-08-07
12051,551,1,hogar,16.2,2025-10-06
12052,36,2,mercado,118.31,2025-02-19
12053,756,3,juguetes,140.51,2025-06-14
12054,147,1,electronica,825.1,2025-08-01
12055,348,1,libros,81.52,2025-12-15
12056,533,6,ropa,41.31,2025-09-25
12057,69,2,deportes,147.11,2025-03-22
12058,81,2,electronica,170.53,2025-06-09
12059,506,1,juguetes,58.9,2025-04-10
12060,357,2,mercado,25.3,2025-01-26
12061,282,2,mercado,214.29,2025-02-04
12062,627,7,hogar,35.87,2025-02-21
12063,540,3,mercado,97.53,2025-06-11
12064,207,1,electronica,373.54,2025-08-09
12065,520,2,libros,37.13,2025-03-07
12066,305,2,ropa,156.66,2025-07-21
12067,59,1,deportes,64.17,2025-06-17
12068,644,2,ropa,244.59,2025-08-26
12069,708,2,libros,37.77,2025-12-11
12070,448,7,mercado,16.0,2025-06-24
12071,64,1,ropa,38.59,2025-11-09
12072,360,2,mercado,62.52,2025-02-17
12073,102,2,libros,56.17,2025-05-18
12074,552,3,hogar,475.44,2025-09-20
12075,662,2,mercado,94.1,2025-01-22
12076,620,2,electronica,43.68,2025-10-15
12077,354,1,mercado,41.27,2025-05-26
12078,624,5,electronica,212.67,2025-08-24
12079,139,3,ropa,130.67,2025-09-09
12080,463,1,electronica,6.66,2025-01-13
12081,112,2,hogar,67.41,2025-05-26
12082,681,1,electronica,627.64,2025-09-15
12083,294,3,mercado,62.34,2025-01-16
12084,514,2,juguetes,14.54,2025-06-26
12085,707,4,mercado,11.47,2025-06-06
12086,394,1,ropa,92.46,2025-08-09
12087,73,3,ropa,58.54,2025-02-22
12088,103,4,ropa,31.9,2025-08-10
12089,632,1,electronica,172.7,2025-04-11
12090,186,3,hogar,79.84,2025-01-05
12091,333,2,deportes,185.94,2025-08-12
12092,308,6,hogar,72.96,2025-01-24
12093,610,2,libros,11.11,2025-11-25
12094,200,1,electronica,287.05,2025-04-10
12095,504,7,hogar,136.27,2025-08-05
12096,646,2,hogar,66.03,2025-05-27
12097,200,1,hogar,64.7,2025-11-11
12098,26,2,electronica,207.68,2025-09-17
12099,33,2,ropa,83.02,2025-08-23
12100,147,2,hogar,227.26,2025-08-25
12101,440,2,hogar,98.86,2025-07-14
12102,691,1,electronica,539.33,2025-10-25
12103,116,3,electronica,545.44,2025-12-03
12104,797,7,hogar,9.94,2025-12-23
12105,475,1,mercado,53.5,2025-02-17
12106,576,4,ropa,55.05,2025-09-11
12107,382,1,mercado,30.18,2025-02-21
12108,32,2,electronica,218.8,2025-11-20
12109,548,3,mercado,63.19,2025-10-27
12110,674,3,ropa,57.17,2025-03-25
12111,493,2,hogar,84.76,2025-12-03
12112,772,2,juguetes,17.82,2025-11-20
12113,104,2,juguetes,109.72,2025-11-09
12114,752,1,ropa,98.7,2025-11-14
12115,310,1,ropa,19.3,2025-07-28
12116,738,1,electronica,606.2,2025-09-03
12117,246,3,ropa,47.25,2025-06-05
12118,337,2,ropa,205.28,2025-04-02
12119,24,2,ropa,191.78,2025-05-08
12120,230,3,ropa,102.94,2025-05-25
12121,151,1,mercado,40.93,2025-05-22
12122,488,2,electronica,646.14,2025-04-09
12123,668,2,electronica,119.56,2025-06-09
12124,26,1,ropa,131.65,2025-08-14
12125,486,6,juguetes,25.12,2025-02-17
12126,790,2,mercado,7.6,2025-07-06
12127,456,1,mercado,67.07,2025-05-17
12128,477,3,ropa,8.82,2025-12-20
12129,778,1,ropa,7.56,2025-06-25
12130,156,2,mercado,42.22,2025-05-11
12131,118,2,ropa,43.06,2025-03-28
12132,99,6,electronica,137.59,2025-07-11
12133,198,1,hogar,27.53,2025-02-05
12134,552,4,ropa,61.01,2025-05-06
12135,565,2,hogar,7.83,2025-10-21
12136,377,2,ropa,59.88,2025-03-13
12137,91,1,ropa,117.97,2025-10-23
12138,469,1,electronica,176.06,2025-12-23
12139,517,2,electronica,19.21,2025-01-14
12140,699,7,mercado,24.83,2025-07-22
12141,500,4,hogar,308.57,2025-05-10
12142,602,1,ropa,21.73,2025-10-21
12143,222,3,ropa,221.22,2025-10-26
12144,140,5,electronica,363.41,2025-07-10
12145,357,4,hogar,48.13,2025-07-28
12146,305,6,electronica,905.46,2025-10-02
12147,465,1,mercado,45.93,2025-02-03
12148,800,1,mercado,156.4,2025-04-08
12149,86,1,deportes,79.73,2025-04-21
12150,718,1,electronica,348.15,2025-04-11
12151,458,6,ropa,38.98,2025-12-09
12152,614,6,ropa,31.24,2025-02-01
12153,27,2,ropa,25.21,2025-01-20
12154,656,2,electronica,170.95,2025-11-28
12155,330,1,juguetes,13.14,2025-09-26
12156,567,3,electronica,94.53,2025-07-11
12157,473,4,hogar,410.6,2025-10-09
12158,495,4,electronica,474.79,2025-10-12
12159,20,1,ropa,42.52,2025-06-23
12160,283,2,electronica,588.45,2025-05-21
12161,540,4,electronica,520.04,2025-03-16
12162,300,2,ropa,85.26,2025-04-08
12163,224,2,mercado,43.74,2025-08-21
12164,315,1,mercado,9.4,2025-10-14
12165,359,1,electronica,25.58,2025-04-06
12166,404,3,electronica,548.93,2025-10-27
12167,281,3,deportes,12.99,2025-06-06
12168,316,7,mercado,212.02,2025-12-22
12169,13,1,hogar,25.65,2025-10-09
12170,649,1,hogar,174.08,2025-10-13
12171,454,2,ropa,32.6,2025-10-25
12172,166,1,electronica,256.49,2025-09-16
12173,196,2,ropa,175.66,2025-06-16
12174,326,2,libros,37.35,2025-07-17
12175,340,3,hogar,177.68,2025-05-14
12176,87,4,ropa,164.39,2025-04-06
12177,567,2,juguetes,93.12,2025-09-22
12178,375,4,mercado,40.4,2025-09-11
12179,202,2,hogar,366.58,2025-05-11
12180,233,2,hogar,86.22,2025-10-03
12181,296,1,electronica,595.84,2025-11-23
12182,275,2,hogar,423.52,2025-08-16
12183,516,4,mercado,61.05,2025-05-19
12184,22,2,mercado,46.52,2025-08-13
12185,216,1,hogar,84.87,2025-08-09
12186,554,6,hogar,16.41,2025-04-07
12187,437,1,electronica,83.21,2025-12-17
12188,288,1,electronica,136.75,2025-10-25
12189,592,2,ropa,378.18,2025-08-12
12190,601,1,libros,9.89,2025-01-08
12191,448,3,mercado,97.41,2025-07-02
12192,504,2,mercado,33.15,2025-05-25
12193,751,5,hogar,5.66,2025-02-01
12194,716,2,hogar,44.74,2025-02-03
12195,108,5,mercado,45.51,2025-10-23
12196,120,2,deportes,23.42,2025-10-14
12197,512,6,electronica,798.94,2025-01-14
12198,493,6,electronica,278.09,2025-06-10
12199,721,1,electronica,50.85,2025-09-12
12200,615,2,hogar,56.34,2025-05-15
12201,9,2,deportes,19.86,2025-12-14
12202,44,1,ropa,84.42,2025-04-12
12203,283,4,electronica,253.53,2025-01-05
12204,80,4,ropa,74.24,2025-10-08
12205,429,3,juguetes,86.62,2025-08-28
12206,483,3,mercado,15.37,2025-12-17
12207,387,4,ropa,181.35,2025-05-08
12208,33,1,ropa,135.61,2025-12-21
12209,144,1,ropa,55.85,2025-01-16
12210,111,5,hogar,50.91,2025-11-25
12211,300,7,ropa,111.62,2025-11-28
12212,257,4,deportes,14.49,2025-09-09
12213,758,3,mercado,47.22,2025-11-16
12214,239,6,libros,74.89,2025-09-26
12215,461,1,juguetes,118.22,2025-04-02
12216,732,1,hogar,29.44,2025-06-19
12217,501,2,mercado,117.13,2025-07-20
12218,490,2,hogar,54.78,2025-07-19
12219,163,2,electronica,704.11,2025-06-08
12220,106,3,libros,98.17,2025-07-06
12221,133,7,mercado,308.63,2025-01-23
12222,639,2,electronica,193.25,2025-01-01
12223,124,3,mercado,38.22,2025-04-20
12224,314,2,hogar,9.22,2025-01-20
12225,778,2,mercado,113.47,2025-10-24
12226,701,1,hogar,176.05,2025-07-06
12227,154,1,electronica,29.56,2025-09-20
12228,140,1,ropa,69.14,2025-06-18
12229,453,3,electronica,48.45,2025-03-27
12230,464,3,electronica,18.31,2025-01-13
12231,291,4,ropa,101.81,2025-07-23
12232,108,1,electronica,319.81,2025-12-06
12233,513,2,mercado,10.15,2025-05-22
12234,633,1,electronica,249.42,2025-09-19
12235,472,3,mercado,37.32,2025-08-13
12236,114,1,electronica,234.47,2025-12-18
12237,375,6,mercado,304.21,2025-08-26
12238,364,2,mercado,93.37,2025-08-18
12239,57,3,libros,5.34,2025-02-16
12240,759,2,electronica,141.89,2025-02-07
12241,574,2,ropa,12.54,2025-04-17
12242,441,3,ropa,187.33,2025-06-11
12243,297,1,electronica,264.93,2025-07-27
12244,683,1,ropa,74.94,2025-12-05
12245,100,1,hogar,189.56,2025-10-27
12246,327,2,hogar,45.57,2025-09-03
12247,567,2,mercado,40.89,2025-04-20
12248,393,1,hogar,37.11,2025-09-26
12249,5,1,electronica,1226.69,2025-09-18
12250,614,6,ropa,297.02,2025-11-18
12251,83,2,electronica,39.11,2025-07-09
12252,766,1,electronica,696.34,2025-02-01
12253,52,3,juguetes,7.32,2025-12-22
12254,722,1,hogar,311.09,2025-07-16
12255,408,3,electronica,43.99,2025-03-05
12256,328,3,ropa,168.54,2025-04-04
12257,288,1,juguetes,12.37,2025-07-27
12258,724,2,ropa,143.42,2025-07-13
12259,188,2,electronica,18.05,2025-11-12
12260,254,1,ropa,126.67,2025-01-18
12261,258,1,electronica,65.03,2025-07-25
12262,593,2,electronica,87.61,2025-12-08
12263,642,2,juguetes,17.21,2025-07-19
12264,110,3,ropa,36.5,2025-12-16
12265,650,5,electronica,318.22,2025-11-20
12266,25,2,ropa,73.66,2025-04-09
12267,319,1,mercado,149.35,2025-01-13
12268,444,2,hogar,5.58,2025-09-23
12269,458,1,mercado,29.32,2025-01-04
12270,534,2,ropa,57.83,2025-04-12
12271,794,4,hogar,108.99,2025-02-26
12272,591,3,deportes,38.4,2025-09-10
12273,772,2,juguetes,96.19,2025-01-19
12274,774,2,deportes,34.03,2025-04-11
12275,259,2,hogar,11.44,2025-05-01
12276,249,3,mercado,79.59,2025-12-13
12277,436,2,ropa,68.49,2025-04-13
12278,445,2,ropa,182.2,2025-04-28
12279,609,1,juguetes,127.55,2025-09-28
12280,326,5,mercado,7.48,2025-06-23
12281,328,3,electronica,223.66,2025-10-23
12282,228,3,mercado,62.85,2025-10-23
12283,61,2,mercado,151.79,2025-10-22
12284,648,2,hogar,166.96,2025-04-19
12285,255,2,electronica,133.84,2025-10-08
12286,790,3,ropa,34.88,2025-02-14
12287,490,7,deportes,60.67,2025-10-28
12288,376,5,electronica,485.97,2025-06-06
12289,240,4,mercado,41.21,2025-01-20
12290,502,3,electronica,105.32,2025-12-25
12291,735,3,mercado,11.4,2025-08-16
12292,68,2,ropa,69.02,2025-09-09
12293,180,2,hogar,22.63,2025-05-04
12294,590,3,electronica,309.21,2025-12-26
12295,626,2,mercado,9.56,2025-06-26
12296,167,2,electronica,384.34,2025-04-13
12297,510,3,ropa,6.44,2025-03-12
12298,317,1,libros,72.86,2025-09-03
12299,178,2,libros,8.83,2025-07-15
12300,781,3,mercado,91.14,2025-07-14
12301,78,3,mercado,129.55,2025-01-20
12302,682,1,deportes,275.82,2025-07-07
12303,385,2,ropa,5.86,2025-08-27
12304,429,1,ropa,21.52,2025-02-27
12305,500,2,ropa,42.43,2025-07-05
12306,567,2,electronica,1108.99,2025-06-14
12307,615,1,hogar,184.44,2025-05-16
12308,568,2,deportes,370.46,2025-03-18
12309,206,5,electronica,147.35,2025-10-03
12310,184,3,libros,52.1,2025-04-25
12311,388,2,hogar,186.61,2025-05-10
12312,53,2,ropa,21.94,2025-02-18
12313,176,2,ropa,33.66,2025-01-06
12314,772,1,electronica,39.85,2025-02-01
12315,527,2,libros,13.63,2025-11-09
12316,669,3,electronica,81.46,2025-01-19
12317,67,2,hogar,212.96,2025-12-26
12318,711,1,deportes,136.82,2025-09-12
12319,254,1,deportes,239.25,2025-10-10
12320,757,1,electronica,130.63,2025-02-18
12321,778,1,ropa,7.88,2025-12-15
12322,414,5,ropa,84.51,2025-07-15
12323,533,2,mercado,147.14,2025-04-11
12324,245,4,mercado,88.49,2025-02-24
12325,363,1,ropa,28.14,2025-06-19
12326,350,2,mercado,14.73,2025-08-22
12327,195,2,ropa,61.75,2025-12-04
12328,122,7,hogar,64.72,2025-05-08
12329,437,1,ropa,20.32,2025-04-12
12330,164,2,electronica,476.14,2025-11-04
12331,276,2,libros,103.78,2025-11-20
12332,260,1,juguetes,24.92,2025-11-28
12333,601,2,hogar,292.45,2025-10-19
12334,551,1,electronica,195.39,2025-01-21
12335,81,1,electronica,229.4,2025-12-17
12336,373,2,hogar,18.47,2025-01-07
12337,243,3,ropa,29.42,2025-03-16
12338,136,6,juguetes,110.7,2025-11-12
12339,301,2,ropa,88.6,2025-02-28
12340,588,4,ropa,104.29,2025-10-20
12341,123,3,mercado,85.06,2025-07-09
12342,543,1,hogar,20.46,2025-09-04
12343,68,1,electronica,18.02,2025-06-14
12344,472,2,ropa,98.52,2025-06-20
12345,653,2,mercado,58.97,2025-08-18
12346,610,1,deportes,65.44,2025-01-20
12347,745,1,hogar,124.07,2025-12-23
12348,632,1,libros,68.34,2025-01-26
12349,13,3,hogar,34.17,2025-11-26
12350,184,2,hogar,19.63,2025-11-08
12351,382,1,mercado,154.34,2025-12-20
12352,693,4,electronica,121.87,2025-08-10
12353,381,2,mercado,141.32,2025-02-17
12354,112,5,electronica,387.72,2025-02-02
12355,493,3,electronica,132.78,2025-01-05
12356,520,1,electronica,609.02,2025-12-06
12357,590,2,hogar,156.15,2025-11-09
12358,307,5,mercado,49.71,2025-04-10
12359,525,1,electronica,895.74,2025-12-09
12360,576,1,electronica,271.36,2025-08-27
12361,564,6,ropa,6.78,2025-05-22
12362,274,2,mercado,99.68,2025-09-01
12363,583,2,electronica,993.58,2025-09-23
12364,501,1,deportes,61.8,2025-10-07
12365,721,2,electronica,1549.49,2025-08-09
12366,83,1,deportes,196.36,2025-07-06
12367,751,1,mercado,141.3,2025-05-05
12368,297,2,electronica,750.72,2025-11-26
12369,663,1,ropa,99.8,2025-02-17
12370,721,1,libros,7.24,2025-06-08
12371,510,2,mercado,13.13,2025-07-03
12372,739,7,mercado,41.55,2025-06-08
12373,278,3,ropa,61.18,2025-06-09
12374,570,2,mercado,91.03,2025-04-23
12375,557,2,mercado,14.07,2025-04-20
12376,766,1,ropa,73.47,2025-09-16
12377,337,2,electronica,29.39,2025-08-26
12378,144,2,hogar,59.9,2025-03-21
12379,767,1,mercado,70.82,2025-02-27
12380,560,1,hogar,90.26,2025-12-25
12381,775,2,electronica,240.03,2025-04-10
12382,606,2,hogar,244.74,2025-07-13
12383,562,2,hogar,299.31,2025-04-18
12384,76,1,electronica,31.3,2025-07-23
12385,290,2,electronica,205.52,2025-11-19
12386,193,1,mercado,75.21,2025-11-09
12387,799,2,electronica,184.48,2025-12-19
12388,495,2,mercado,31.66,2025-06-13
12389,228,1,hogar,119.39,2025-03-12
12390,161,5,electronica,46.59,2025-08-02
12391,488,2,electronica,159.49,2025-10-26
12392,408,2,hogar,312.66,2025-02-22
12393,145,5,ropa,72.78,2025-03-18
12394,193,2,electronica,51.01,2025-10-17
12395,461,4,libros,14.48,2025-05-20
12396,41,2,juguetes,13.74,2025-11-23
12397,213,3,libros,16.49,2025-08-25
12398,530,1,libros,17.01,2025-04-05
12399,381,4,mercado,9.92,2025-06-28
12400,396,2,electronica,16.37,2025-12-11
12401,331,1,juguetes,72.18,2025-06-28
12402,453,2,mercado,48.72,2025-11-05
12403,706,5,ropa,116.93,2025-03-21
12404,286,2,mercado,129.81,2025-05-24
12405,98,1,juguetes,5.99,2025-07-07
12406,623,2,hogar,100.22,2025-03-25
12407,616,1,hogar,15.65,2025-10-03
12408,250,2,hogar,175.58,2025-05-14
12409,99,4,mercado,105.64,2025-09-10
12410,582,1,juguetes,13.0,2025-05-07
12411,354,2,hogar,44.0,2025-05-26
12412,405,2,hogar,25.28,2025-01-07
12413,751,4,ropa,16.03,2025-03-24
12414,255,1,mercado,32.07,2025-12-13
12415,694,4,electronica,51.07,2025-08-12
12416,700,1,ropa,134.36,2025-07-10
12417,282,4,mercado,70.06,2025-03-11
12418,524,3,mercado,66.99,2025-02-13
12419,53,2,electronica,307.72,2025-02-17
12420,120,2,deportes,178.55,2025-07-09
12421,613,1,libros,14.21,2025-01-23
12422,465,2,electronica,269.59,2025-11-13
12423,502,2,electronica,215.12,2025-12-13
12424,2,2,juguetes,87.91,2025-12-07
12425,630,2,deportes,49.31,2025-04-21
12426,612,2,mercado,12.69,2025-05-01
12427,653,5,electronica,605.75,2025-09-26
12428,17,2,ropa,127.79,2025-10-13
12429,500,1,libros,158.03,2025-08-25
12430,262,2,electronica,110.67,2025-04-19
12431,40,2,electronica,81.43,2025-05-04
12432,300,5,mercado,58.07,2025-06-13
12433,705,1,hogar,36.63,2025-05-04
12434,144,1,ropa,57.13,2025-03-28
12435,21,3,deportes,172.65,2025-12-12
12436,715,1,hogar,17.2,2025-09-03
12437,671,2,hogar,61.03,2025-10-26
12438,689,2,hogar,17.74,2025-06-13
12439,282,2,deportes,39.89,2025-12-04
12440,638,4,libros,48.76,2025-10-08
12441,630,6,juguetes,49.9,2025-01-28
12442,440,2,electronica,472.53,2025-07-18
12443,755,2,ropa,95.31,2025-10-20
12444,495,6,hogar,194.81,2025-05-18
12445,240,3,electronica,150.91,2025-06-27
12446,29,1,ropa,52.38,2025-12-09
12447,82,5,ropa,233.31,2025-12-08
12448,584,1,electronica,325.52,2025-11-16
12449,417,4,electronica,59.81,2025-11-23
12450,606,4,ropa,34.18,2025-12-15
12451,785,2,hogar,382.05,2025-05-03
12452,100,3,juguetes,30.47,2025-05-13
12453,330,3,mercado,273.58,2025-06-02
12454,379,2,mercado,130.92,2025-01-28
12455,455,2,hogar,26.14,2025-04-22
12456,420,1,deportes,118.82,2025-10-19
12457,360,4,ropa,41.36,2025-06-02
12458,5,3,electronica,12.52,2025-09-18
12459,745,1,hogar,111.99,2025-07-09
12460,378,1,ropa,15.12,2025-11-05
12461,113,1,deportes,61.8,2025-12-21
12462,38,5,ropa,34.49,2025-05-20
12463,346,2,mercado,38.02,2025-06-26
12464,93,1,libros,9.31,2025-06-17
12465,355,2,hogar,100.04,2025-04-23
12466,85,2,mercado,29.13,2025-10-05
12467,50,2,mercado,61.14,2025-07-19
12468,217,2,mercado,69.36,2025-09-24
12469,768,4,ropa,36.68,2025-08-25
12470,316,4,ropa,60.12,2025-04-12
12471,130,2,ropa,266.93,2025-11-23
12472,587,4,libros,95.94,2025-07-08
12473,420,1,hogar,103.43,2025-01-06
12474,628,3,mercado,26.51,2025-02-20
12475,51,2,hogar,5.32,2025-06-09
12476,604,3,ropa,12.21,2025-09-27
12477,341,7,hogar,45.53,2025-03-10
12478,51,2,hogar,92.95,2025-02-27
12479,581,1,libros,15.62,2025-08-16
12480,558,6,mercado,31.99,2025-12-16
12481,115,7,ropa,28.5,2025-08-05
12482,72,3,ropa,316.41,2025-08-02
12483,757,1,ropa,61.05,2025-01-02
12484,168,2,electronica,371.01,2025-11-09
12485,746,1,libros,9.67,2025-04-03
12486,214,2,libros,8.45,2025-06-01
12487,314,5,hogar,58.6,2025-06-27
12488,586,1,mercado,6.46,2025-12-03
12489,173,1,ropa,98.51,2025-05-15
12490,509,1,ropa,214.64,2025-06-27
12491,379,5,electronica,889.22,2025-11-14
12492,748,2,hogar,256.66,2025-01-03
12493,747,6,electronica,619.2,2025-01-08
12494,4,2,hogar,145.27,2025-04-21
12495,684,3,ropa,122.06,2025-11-01
12496,526,4,electronica,163.23,2025-09-14
12497,158,2,hogar,433.92,2025-08-10
12498,579,1,ropa,17.92,2025-04-17
12499,658,2,mercado,155.61,2025-02-17
12500,707,2,juguetes,45.31,2025-07-24
12501,46,1,ropa,51.65,2025-12-06
12502,669,1,ropa,42.5,2025-04-12
12503,791,2,ropa,12.19,2025-05-11
12504,127,4,ropa,13.9,2025-09-15
12505,174,6,deportes,6.52,2025-10-05
12506,497,3,ropa,108.86,2025-11-09
12507,184,1,ropa,430.41,2025-04-11
12508,480,3,hogar,134.16,2025-01-13
12509,303,1,mercado,95.15,2025-06-14
12510,682,2,electronica,157.73,2025-11-03
12511,630,2,hogar,78.39,2025-01-21
12512,293,4,mercado,101.33,2025-05-19
12513,466,3,ropa,24.24,2025-03-25
12514,219,2,mercado,143.5,2025-04-28
12515,103,4,ropa,9.96,2025-07-13
12516,709,2,hogar,55.69,2025-09-08
12517,559,3,electronica,103.04,2025-08-09
12518,246,2,hogar,160.31,2025-09-03
12519,607,2,libros,133.37,2025-11-15
12520,228,2,mercado,78.55,2025-10-04
12521,701,2,mercado,49.7,2025-10-27
12522,619,1,libros,43.96,2025-08-05
12523,435,2,ropa,180.42,2025-09-17
12524,782,2,mercado,30.82,2025-02-22
12525,658,4,hogar,40.92,2025-12-15
12526,763,4,ropa,306.91,2025-09-28
12527,439,2,libros,35.34,2025-09-22
12528,786,2,ropa,119.69,2025-10-06
12529,459,2,libros,73.94,2025-08-16
12530,569,5,mercado,93.44,2025-09-12
12531,691,1,libros,6.45,2025-12-01
12532,162,3,ropa,55.08,2025-11-10
12533,69,2,electronica,22.11,2025-01-22
12534,778,1,hogar,120.42,2025-04-11
12535,432,1,mercado,39.16,2025-05-05
12536,663,3,mercado,10.45,2025-10-16
12537,546,5,deportes,172.13,2025-01-05
12538,193,5,hogar,68.38,2025-09-10
12539,65,2,mercado,5.6,2025-11-16
12540,174,2,electronica,185.67,2025-02-22
12541,365,1,hogar,203.23,2025-01-22
12542,325,2,juguetes,223.87,2025-07-17
12543,51,1,electronica,78.33,2025-10-04
12544,665,2,deportes,394.42,2025-02-04
12545,580,6,electronica,21.78,2025-06-24
12546,441,5,hogar,107.92,2025-09-21
12547,375,2,mercado,67.49,2025-05-09
12548,745,2,mercado,53.01,2025-06-16
12549,668,2,ropa,10.59,2025-12-05
12550,231,2,hogar,76.17,2025-08-10
12551,425,4,mercado,5.32,2025-11-28
12552,534,4,mercado,83.18,2025-08-16
12553,350,1,electronica,215.55,2025-02-14
12554,465,3,electronica,146.72,2025-06-20
12555,159,1,libros,12.93,2025-11-18
12556,268,2,juguetes,78.25,2025-05-24
12557,236,2,hogar,236.23,2025-04-18
12558,353,4,hogar,275.0,2025-10-12
12559,111,2,deportes,6.46,2025-06-09
12560,19,5,mercado,26.38,2025-05-28
12561,539,2,mercado,11.8,2025-12-18
12562,569,1,hogar,614.72,2025-10-08
12563,594,3,hogar,45.74,2025-08-12
12564,246,3,electronica,262.16,2025-02-26
12565,414,4,hogar,187.14,2025-12-17
12566,266,4,mercado,61.41,2025-08-07
12567,712,5,electronica,222.56,2025-06-24
12568,778,5,electronica,313.14,2025-09-06
12569,155,1,hogar,1161.12,2025-04-22
12570,706,1,electronica,37.42,2025-08-02
12571,103,1,mercado,66.7,2025-05-06
12572,215,5,mercado,18.58,2025-12-04
12573,469,2,mercado,38.66,2025-09-15
12574,551,5,hogar,338.95,2025-04-22
12575,659,4,hogar,12.11,2025-11-21
12576,541,2,ropa,93.55,2025-08-27
12577,131,7,electronica,85.49,2025-07-15
12578,39,2,libros,26.2,2025-07-24
12579,478,2,electronica,102.94,2025-03-06
12580,431,2,hogar,234.34,2025-07-25
12581,396,6,electronica,392.12,2025-07-28
12582,283,2,deportes,163.57,2025-10-15
12583,6,1,electronica,141.2,2025-07-25
12584,756,7,ropa,18.24,2025-08-17
12585,190,2,juguetes,103.62,2025-05-04
12586,261,2,deportes,352.14,2025-02-20
12587,702,7,electronica,50.99,2025-08-25
12588,182,5,juguetes,28.75,2025-12-02
12589,104,1,electronica,25.11,2025-11-01
12590,56,2,mercado,5.47,2025-01-07
12591,213,1,electronica,865.3,2025-11-13
12592,55,4,electronica,266.13,2025-12-06
12593,258,2,electronica,315.12,2025-02-08
12594,724,1,electronica,128.74,2025-11-22
12595,586,7,electronica,203.96,2025-09-23
12596,159,2,mercado,6.03,2025-02-20
12597,169,1,electronica,43.83,2025-08-12
12598,169,7,mercado,18.65,2025-08-01
12599,569,4,electronica,382.67,2025-05-25
12600,776,3,electronica,778.45,2025-05-05
12601,628,2,electronica,580.74,2025-09-19
12602,257,5,juguetes,47.56,2025-06-28
12603,312,1,ropa,72.83,2025-04-19
12604,680,2,deportes,15.25,2025-08-16
12605,129,1,electronica,1111.33,2025-09-05
12606,264,2,electronica,981.26,2025-05-05
12607,443,2,electronica,1133.66,2025-09-22
12608,736,6,mercado,108.98,2025-07-06
12609,558,2,mercado,63.65,2025-04-03
12610,256,2,mercado,46.71,2025-02-21
12611,463,2,electronica,634.5,2025-09-15
12612,784,3,mercado,62.65,2025-01-24
12613,615,2,ropa,13.27,2025-09-27
12614,148,4,juguetes,7.65,2025-08-17
12615,560,3,electronica,194.83,2025-11-09
12616,177,1,mercado,30.05,2025-06-05
12617,467,1,deportes,181.98,2025-12-18
12618,39,2,ropa,65.74,2025-07-24
12619,739,5,hogar,127.67,2025-10-06
12620,685,3,mercado,57.06,2025-11-04
12621,435,2,mercado,12.4,2025-12-24
12622,524,7,libros,61.95,2025-10-26
12623,318,2,hogar,68.94,2025-06-10
12624,799,1,hogar,601.48,2025-12-06
12625,740,2,hogar,399.69,2025-02-02
12626,101,3,deportes,218.78,2025-11-12
12627,183,4,mercado,43.78,2025-10-19
12628,604,2,ropa,119.19,2025-09-11
12629,575,1,electronica,1191.37,2025-09-26
12630,733,6,mercado,12.23,2025-06-20
12631,305,1,mercado,15.84,2025-02-05
12632,282,3,electronica,187.44,2025-12-12
12633,772,1,ropa,94.91,2025-12-04
12634,111,5,ropa,35.05,2025-12-17
12635,728,2,mercado,94.64,2025-02-25
12636,481,7,hogar,217.58,2025-04-11
12637,174,1,ropa,67.69,2025-06-09
12638,491,1,mercado,9.14,2025-01-06
12639,650,1,electronica,224.77,2025-11-08
12640,391,5,electronica,5.72,2025-04-07
12641,240,2,electronica,170.78,2025-09-15
12642,698,2,electronica,544.43,2025-10-24
12643,462,2,ropa,37.89,2025-03-26
12644,423,1,ropa,62.66,2025-11-26
12645,447,2,deportes,227.64,2025-10-11
12646,439,2,mercado,123.67,2025-10-10
12647,750,2,mercado,44.65,2025-10-01
12648,67,6,electronica,772.15,2025-08-20
12649,696,1,libros,52.32,2025-12-26
12650,507,2,hogar,105.35,2025-03-04
12651,168,1,mercado,13.69,2025-02-21
12652,741,4,electronica,27.28,2025-09-26
12653,632,1,ropa,106.31,2025-08-23
12654,112,2,libros,25.14,2025-05-28
12655,340,1,mercado,9.35,2025-01-05
12656,532,7,electronica,34.34,2025-05-24
12657,699,2,ropa,142.02,2025-04-13
12658,393,5,ropa,131.28,2025-07-27
12659,322,3,ropa,284.13,2025-12-02
12660,49,5,electronica,762.77,2025-11-08
12661,330,3,hogar,6.17,2025-04-27
12662,53,2,mercado,64.0,2025-10-18
12663,570,1,ropa,60.74,2025-07-18
12664,281,6,mercado,155.4,2025-07-05
12665,46,2,electronica,1211.7,2025-02-19
12666,532,1,electronica,595.29,2025-11-08
12667,97,5,mercado,72.23,2025-06-07
12668,348,2,ropa,131.21,2025-03-21
12669,642,1,electronica,114.89,2025-02-14
12670,547,2,deportes,54.44,2025-02-23
12671,444,2,electronica,84.42,2025-12-12
12672,409,2,ropa,61.44,2025-12-10
12673,186,2,hogar,243.73,2025-02-17
12674,635,3,ropa,215.0,2025-07-09
12675,1,2,juguetes,40.77,2025-03-09
12676,800,2,electronica,642.23,2025-03-11
12677,480,2,ropa,154.9,2025-10-11
12678,149,7,ropa,20.35,2025-09-02
12679,456,2,libros,14.49,2025-08-26
12680,254,2,juguetes,98.42,2025-02-12
12681,522,2,deportes,108.26,2025-08-17
12682,23,1,deportes,13.69,2025-12-28
12683,13,3,electronica,323.56,2025-09-28
12684,410,2,electronica,84.39,2025-08-16
12685,346,2,electronica,110.22,2025-11-09
12686,706,3,mercado,76.55,2025-09-28
12687,795,3,ropa,15.05,2025-06-07
12688,429,2,mercado,65.3,2025-07-02
12689,393,1,libros,25.5,2025-09-19
12690,428,6,ropa,117.52,2025-01-22
12691,537,1,electronica,77.28,2025-11-28
12692,128,1,ropa,55.64,2025-11-23
12693,366,4,hogar,69.15,2025-09-25
12694,204,1,ropa,105.68,2025-05-12
12695,104,3,hogar,19.54,2025-02-05
12696,726,2,electronica,160.97,2025-10-03
12697,347,1,hogar,144.28,2025-03-05
12698,403,4,electronica,89.28,2025-04-03
12699,189,2,mercado,41.95,2025-01-04
12700,181,4,ropa,56.44,2025-05-10
12701,742,6,libros,13.98,2025-12-12
12702,35,2,electronica,97.55,2025-04-14
12703,260,2,mercado,129.81,2025-03-06
12704,628,2,deportes,84.44,2025-09-05
12705,769,2,electronica,606.05,2025-09-27
12706,33,4,hogar,40.04,2025-07-16
12707,794,2,juguetes,19.52,2025-11-10
12708,523,2,electronica,295.16,2025-07-21
12709,329,2,libros,8.67,2025-12-05
12710,188,2,hogar,182.26,2025-12-12
12711,501,1,libros,16.92,2025-02-20
12712,316,2,deportes,18.45,2025-04-04
12713,158,2,hogar,293.56,2025-12-04
12714,198,5,mercado,20.28,2025-11-28
12715,714,4,ropa,14.1,2025-09-14
12716,568,4,mercado,20.31,2025-04-25
12717,28,3,libros,53.62,2025-03-17
12718,436,3,hogar,41.82,2025-03-03
12719,565,1,libros,51.81,2025-08-12
12720,632,3,mercado,54.96,2025-05-12
12721,242,2,electronica,54.4,2025-10-21
12722,173,2,mercado,125.82,2025-04-01
12723,367,2,ropa,197.36,2025-07-18
12724,205,3,hogar,55.44,2025-01-18
12725,417,4,ropa,34.03,2025-11-24
12726,661,1,hogar,328.99,2025-10-02
12727,166,6,ropa,76.85,2025-06-02
12728,186,2,hogar,279.36,2025-07-11
12729,739,1,electronica,211.55,2025-07-02
12730,600,2,juguetes,6.04,2025-03-25
12731,693,3,electronica,258.94,2025-04-25
12732,493,3,electronica,496.16,2025-07-14
12733,168,3,hogar,43.26,2025-08-02
12734,350,1,electronica,15.23,2025-01-20
12735,246,4,libros,47.58,2025-03-18
12736,564,2,electronica,917.02,2025-04-08
12737,322,2,libros,61.68,2025-09-04
12738,76,5,ropa,15.76,2025-03-17
12739,767,1,electronica,26.05,2025-02-01
12740,135,6,mercado,91.07,2025-12-25
12741,320,4,electronica,74.89,2025-05-17
12742,623,1,ropa,53.77,2025-03-09
12743,441,1,mercado,78.33,2025-09-21
12744,223,2,hogar,169.11,2025-12-17
12745,340,1,deportes,49.12,2025-01-22
12746,109,7,deportes,82.34,2025-11-12
12747,278,2,electronica,221.84,2025-12-25
12748,636,1,electronica,187.31,2025-07-27
12749,666,6,ropa,39.53,2025-01-13
12750,405,1,hogar,232.53,2025-05-22
12751,613,2,ropa,21.7,2025-02-08
12752,779,2,mercado,61.63,2025-12-24
12753,451,2,electronica,552.11,2025-11-13
12754,745,3,ropa,90.39,2025-11-16
12755,288,2,libros,54.64,2025-09-23
12756,753,2,ropa,184.99,2025-03-25
12757,54,1,ropa,78.88,2025-10-23
12758,243,1,juguetes,45.65,2025-04-16
12759,709,1,mercado,153.85,2025-08-01
12760,651,2,mercado,18.51,2025-08-10
12761,27,1,electronica,773.52,2025-08-25
12762,757,1,hogar,41.34,2025-03-27
12763,348,2,deportes,24.09,2025-11-22
12764,713,2,electronica,174.13,2025-05-21
12765,564,2,ropa,81.28,2025-02-16
12766,238,3,ropa,83.99,2025-04-16
12767,216,1,hogar,22.15,2025-08-08
12768,261,2,mercado,84.98,2025-04-03
12769,601,1,libros,23.96,2025-12-24
12770,476,1,juguetes,14.44,2025-01-13
12771,782,1,libros,78.6,2025-02-02
12772,785,1,electronica,327.52,2025-12-10
12773,572,2,ropa,29.47,2025-04-28
12774,487,1,electronica,574.92,2025-11-25
12775,586,7,ropa,103.74,2025-07-14
12776,417,1,juguetes,17.99,2025-01-07
12777,146,1,ropa,7.65,2025-09-07
12778,170,3,hogar,82.23,2025-01-01
12779,399,2,electronica,420.77,2025-10-09
12780,610,1,mercado,142.72,2025-04-05
12781,219,4,ropa,416.78,2025-02-09
12782,353,5,electronica,750.22,2025-04-28
12783,451,1,mercado,44.12,2025-08-05
12784,767,2,libros,69.42,2025-05-20
12785,105,2,mercado,105.54,2025-04-25
12786,342,3,mercado,19.61,2025-04-12
12787,163,6,ropa,104.51,2025-04-02
12788,429,6,deportes,183.18,2025-09-13
12789,212,1,deportes,76.04,2025-02-14
12790,35,1,juguetes,10.25,2025-04-12
12791,541,1,hogar,158.02,2025-09-26
12792,345,5,ropa,125.71,2025-05-05
12793,796,1,mercado,41.64,2025-04-08
12794,52,2,hogar,120.98,2025-07-24
12795,102,3,libros,38.36,2025-06-03
12796,419,3,deportes,138.52,2025-02-18
12797,570,5,electronica,423.63,2025-07-26
12798,147,2,electronica,183.04,2025-02-15
12799,193,3,electronica,273.95,2025-04-24
12800,193,4,hogar,11.97,2025-08-10
12801,424,1,electronica,68.29,2025-07-09
12802,264,2,ropa,21.32,2025-02-24
12803,479,2,mercado,30.19,2025-05-03
12804,446,6,electronica,26.47,2025-11-04
12805,634,4,electronica,571.51,2025-05-22
12806,738,4,deportes,35.82,2025-04-24
12807,695,4,mercado,59.61,2025-07-01
12808,627,2,ropa,120.19,2025-02-04
12809,210,3,hogar,95.28,2025-06-05
12810,232,2,ropa,143.61,2025-12-10
12811,187,2,ropa,78.93,2025-04-26
12812,265,2,electronica,22.03,2025-04-12
12813,510,2,hogar,156.25,2025-02-24
12814,549,1,electronica,890.2,2025-05-08
12815,565,6,hogar,267.29,2025-05-18
12816,634,1,libros,28.02,2025-12-11
12817,640,1,libros,77.16,2025-02-12
12818,701,4,electronica,336.41,2025-05-13
12819,463,1,deportes,20.57,2025-03-05
12820,297,5,ropa,144.41,2025-07-18
12821,257,3,hogar,219.96,2025-06-02
12822,125,1,mercado,43.96,2025-07-08
12823,43,2,electronica,68.86,2025-12-20
12824,194,3,libros,5.91,2025-05-12
12825,618,4,ropa,91.18,2025-02-28
12826,296,1,electronica,266.18,2025-06-04
12827,550,1,electronica,38.48,2025-07-27
12828,324,3,mercado,11.91,2025-10-11
12829,156,1,ropa,45.72,2025-02-18
12830,93,1,ropa,5.25,2025-01-25
12831,498,2,electronica,264.75,2025-12-09
12832,727,1,deportes,15.85,2025-10-17
12833,639,5,libros,52.65,2025-10-15
12834,747,1,ropa,90.42,2025-10-25
12835,635,3,mercado,5.61,2025-06-15
12836,522,2,hogar,65.11,2025-06-15
12837,265,1,juguetes,80.48,2025-01-16
12838,167,4,ropa,27.4,2025-01-17
12839,718,7,mercado,10.45,2025-02-23
12840,475,1,ropa,113.4,2025-08-08
12841,193,2,libros,10.47,2025-08-14
12842,204,3,juguetes,71.54,2025-12-25
12843,411,2,mercado,53.88,2025-07-12
12844,245,2,mercado,30.74,2025-03-20
12845,669,1,mercado,52.2,2025-05-02
12846,100,4,electronica,131.57,2025-05-03
12847,406,2,electronica,87.9,2025-12-04
12848,739,7,electronica,1059.52,2025-05-05
12849,723,2,hogar,48.16,2025-09-22
12850,591,2,ropa,87.53,2025-01-01
12851,325,2,ropa,88.08,2025-05-19
12852,75,2,electronica,290.36,2025-03-01
12853,372,3,mercado,166.18,2025-11-17
12854,245,2,electronica,30.41,2025-01-14
12855,116,2,ropa,139.21,2025-10-05
12856,197,6,deportes,94.72,2025-06-12
12857,719,3,ropa,102.8,2025-09-06
12858,96,1,ropa,96.28,2025-09-21
12859,730,3,deportes,67.21,2025-04-07
12860,628,5,mercado,48.05,2025-01-17
12861,409,2,deportes,37.72,2025-04-01
12862,643,2,hogar,45.13,2025-09-22
12863,131,2,mercado,41.43,2025-12-20
12864,376,1,deportes,49.46,2025-04-23
12865,188,2,mercado,80.17,2025-04-21
12866,652,2,libros,16.02,2025-02-20
12867,285,2,mercado,202.6,2025-12-23
12868,529,1,electronica,111.49,2025-07-02
12869,412,1,deportes,90.24,2025-10-26
12870,189,1,electronica,64.56,2025-01-02
12871,419,1,mercado,9.95,2025-03-09
12872,392,2,electronica,430.16,2025-02-22
12873,197,3,libros,5.63,2025-12-18
12874,734,1,mercado,97.41,2025-11-27
12875,236,3,ropa,6.68,2025-07-22
12876,741,3,deportes,83.48,2025-07-05
12877,594,6,mercado,29.55,2025-04-08
12878,733,3,hogar,413.98,2025-02-21
12879,612,5,libros,17.23,2025-12-23
12880,32,2,ropa,95.04,2025-01-05
12881,301,4,electronica,61.7,2025-12-18
12882,575,2,mercado,15.48,2025-09-09
12883,414,1,hogar,33.43,2025-07-01
12884,25,1,electronica,58.35,2025-05-09
12885,236,5,mercado,76.08,2025-03-03
12886,460,2,electronica,200.84,2025-04-06
12887,305,4,libros,11.42,2025-08-10
12888,79,2,electronica,87.52,2025-09-14
12889,668,1,ropa,46.48,2025-06-07
12890,136,1,ropa,69.42,2025-02-23
12891,694,3,hogar,138.45,2025-08-04
12892,423,1,electronica,54.66,2025-12-09
12893,245,1,ropa,30.86,2025-12-16
12894,619,2,mercado,7.31,2025-03-08
12895,301,1,hogar,25.12,2025-08-16
12896,221,2,mercado,102.41,2025-01-17
12897,722,2,hogar,30.84,2025-07-05
12898,57,1,deportes,6.62,2025-06-02
12899,80,1,ropa,49.55,2025-02-08
12900,200,2,electronica,138.39,2025-08-25
12901,289,1,ropa,53.39,2025-04-28
12902,315,1,ropa,67.54,2025-11-08
12903,441,3,deportes,123.29,2025-09-05
12904,672,3,ropa,82.84,2025-04-02
12905,782,1,hogar,264.28,2025-01-16
12906,21,2,mercado,8.9,2025-02-19
12907,104,3,ropa,64.41,2025-01-11
12908,347,4,ropa,20.03,2025-01-15
12909,333,3,ropa,37.6,2025-03-15
12910,779,7,ropa,29.22,2025-06-28
12911,583,3,mercado,20.05,2025-01-26
12912,441,2,deportes,185.9,2025-02-13
12913,748,3,ropa,51.66,2025-05-13
12914,563,2,electronica,381.19,2025-10-06
12915,79,1,deportes,124.96,2025-09-07
12916,426,2,hogar,19.63,2025-10-26
12917,97,3,mercado,90.01,2025-06-27
12918,739,2,deportes,221.47,2025-02-14
12919,626,2,mercado,31.21,2025-07-11
12920,472,4,hogar,149.28,2025-04-17
12921,81,4,juguetes,51.59,2025-05-04
12922,250,2,libros,19.4,2025-09-14
12923,613,4,ropa,13.12,2025-09-21
12924,567,2,electronica,80.14,2025-09-17
12925,474,2,electronica,123.14,2025-07-21
12926,616,2,ropa,56.58,2025-02-20
12927,486,2,mercado,29.51,2025-06-02
12928,792,3,juguetes,51.67,2025-10-07
12929,131,2,electronica,437.47,2025-07-12
12930,128,5,electronica,1044.41,2025-09-17
12931,99,2,libros,12.16,2025-05-28
12932,30,3,electronica,442.22,2025-06-22
12933,62,3,juguetes,121.36,2025-04-01
12934,29,4,hogar,63.99,2025-05-17
12935,435,2,electronica,207.03,2025-11-17
12936,594,1,electronica,181.71,2025-12-17
12937,468,1,electronica,21.23,2025-12-17
12938,501,6,ropa,44.92,2025-07-24
12939,373,7,libros,38.96,2025-12-11
12940,690,1,electronica,187.42,2025-01-06
12941,286,7,electronica,68.76,2025-10-20
12942,272,2,deportes,158.7,2025-12-26
12943,80,3,hogar,306.43,2025-02-12
12944,587,3,mercado,99.31,2025-05-21
12945,663,1,ropa,131.01,2025-11-14
12946,597,5,electronica,698.99,2025-11-15
12947,439,4,ropa,122.84,2025-04-20
12948,379,3,hogar,17.59,2025-06-23
12949,434,4,mercado,60.4,2025-03-03
12950,303,2,deportes,393.83,2025-09-27
12951,350,2,mercado,63.68,2025-03-01
12952,448,2,libros,10.78,2025-05-27
12953,214,1,electronica,283.98,2025-11-26
12954,318,1,mercado,12.56,2025-08-25
12955,21,2,electronica,398.97,2025-09-02
12956,609,5,deportes,14.62,2025-09-15
12957,474,1,mercado,192.73,2025-10-12
12958,205,3,mercado,15.55,2025-06-19
12959,435,3,deportes,51.55,2025-09-18
12960,566,3,deportes,252.82,2025-03-18
12961,370,2,deportes,81.18,2025-09-03
12962,700,2,mercado,33.65,2025-03-25
12963,672,5,mercado,18.45,2025-10-27
12964,669,1,ropa,126.49,2025-05-24
12965,426,2,hogar,182.5,2025-01-04
12966,741,1,hogar,307.02,2025-12-17
12967,72,2,ropa,44.29,2025-03-23
12968,481,3,electronica,154.05,2025-12-09
12969,304,2,juguetes,54.82,2025-03-04
12970,219,6,electronica,31.64,2025-05-19
12971,633,3,hogar,15.29,2025-04-05
12972,632,2,hogar,122.93,2025-08-01
12973,227,2,electronica,198.27,2025-08-13
12974,389,1,mercado,79.84,2025-09-16
12975,472,5,hogar,106.88,2025-11-18
12976,447,3,electronica,20.16,2025-11-14
12977,497,1,mercado,37.22,2025-12-26
12978,788,7,mercado,199.16,2025-12-25
12979,245,2,ropa,78.79,2025-01-27
12980,328,2,ropa,102.51,2025-02-03
12981,314,5,mercado,36.65,2025-11-15
12982,121,7,electronica,103.81,2025-09-26
12983,735,2,electronica,299.36,2025-11-27
12984,502,1,deportes,86.19,2025-05-07
12985,407,2,ropa,118.8,2025-03-17
12986,9,2,mercado,22.26,2025-04-01
12987,399,1,hogar,78.5,2025-11-20
12988,544,4,hogar,51.67,2025-10-11
12989,581,1,mercado,20.76,2025-01-28
12990,16,7,ropa,167.8,2025-08-17
12991,392,1,ropa,7.23,2025-04-27
12992,289,2,mercado,42.36,2025-10-27
12993,155,3,electronica,131.44,2025-03-28
12994,1,2,electronica,379.77,2025-06-25
12995,289,1,libros,39.12,2025-06-04
12996,573,6,hogar,34.13,2025-10-20
12997,420,2,deportes,143.34,2025-10-26
12998,82,1,ropa,197.83,2025-12-15
12999,491,1,mercado,53.9,2025-03-04
13000,105,2,electronica,519.21,2025-06-12
13001,233,2,electronica,44.54,2025-08-24
13002,442,3,electronica,12.51,2025-05-22
13003,644,3,libros,41.05,2025-05-14
13004,117,3,deportes,142.84,2025-02-15
13005,119,2,electronica,50.62,2025-11-13
13006,72,2,mercado,9.01,2025-02-24
13007,222,2,electronica,242.96,2025-05-05
13008,230,2,electronica,41.75,2025-09-07
13009,465,2,electronica,20.5,2025-09-02
13010,107,1,electronica,363.15,2025-04-18
13011,243,1,hogar,353.39,2025-08-08
13012,697,2,juguetes,98.86,2025-02-01
13013,99,2,hogar,481.78,2025-08-17
13014,663,1,hogar,29.42,2025-02-04
13015,194,4,libros,16.26,2025-11-24
13016,211,3,mercado,115.33,2025-08-15
13017,9,1,hogar,114.1,2025-05-03
13018,522,2,hogar,37.19,2025-05-22
13019,708,2,ropa,93.0,2025-02-12
13020,136,2,deportes,48.71,2025-05-12
13021,418,1,mercado,86.62,2025-03-07
13022,658,1,hogar,295.66,2025-03-05
13023,33,3,hogar,111.61,2025-08-27
13024,629,1,ropa,152.84,2025-05-23
13025,601,2,hogar,256.48,2025-02-03
13026,127,1,electronica,108.35,2025-02-18
13027,136,2,deportes,30.97,2025-02-25
13028,730,3,hogar,22.76,2025-05-24
13029,679,2,hogar,80.51,2025-11-04
13030,478,1,electronica,6.21,2025-05-16
13031,29,1,electronica,319.16,2025-09-27
13032,729,1,electronica,499.58,2025-02-04
13033,61,2,libros,37.65,2025-02-22
13034,373,2,hogar,222.18,2025-08-13
13035,756,2,electronica,15.98,2025-07-23
13036,571,2,mercado,70.63,2025-07-18
13037,714,3,electronica,785.72,2025-08-20
13038,539,2,mercado,132.59,2025-05-11
13039,355,2,electronica,435.69,2025-01-14
13040,523,3,hogar,190.23,2025-12-12
13041,478,1,mercado,10.99,2025-10-03
13042,792,6,electronica,163.71,2025-05-06
13043,461,4,electronica,109.81,2025-09-02
13044,453,3,deportes,88.78,2025-10-28
13045,196,2,libros,16.44,2025-02-05
13046,101,4,libros,21.75,2025-12-01
13047,193,3,libros,24.09,2025-01-22
13048,85,6,juguetes,13.34,2025-09-26
13049,588,1,ropa,84.79,2025-05-23
13050,638,1,ropa,68.63,2025-05-02
13051,579,5,electronica,92.72,2025-07-19
13052,212,2,ropa,22.12,2025-12-25
13053,438,2,ropa,110.69,2025-11-14
13054,268,1,mercado,118.58,2025-03-17
13055,511,1,electronica,472.99,2025-05-04
13056,239,1,electronica,201.38,2025-02-07
13057,459,7,hogar,9.13,2025-12-03
13058,73,1,electronica,431.9,2025-08-13
13059,146,2,ropa,6.22,2025-06-11
13060,658,2,electronica,86.35,2025-10-05
13061,568,2,ropa,40.18,2025-11-09
13062,36,2,ropa,137.99,2025-06-21
13063,702,1,juguetes,44.16,2025-05-22
13064,580,4,mercado,7.99,2025-11-16
13065,765,1,mercado,63.68,2025-06-11
13066,645,1,hogar,102.28,2025-01-28
13067,234,5,deportes,245.93,2025-01-28
13068,535,2,ropa,123.99,2025-02-19
13069,710,1,ropa,27.64,2025-04-02
13070,406,2,deportes,28.37,2025-01-20
13071,575,3,juguetes,29.25,2025-07-27
13072,487,3,electronica,405.55,2025-09-19
13073,210,1,libros,38.64,2025-07-24
13074,173,3,juguetes,98.11,2025-07-17
13075,16,1,deportes,86.25,2025-10-16
13076,647,1,hogar,53.62,2025-12-19
13077,460,1,hogar,48.01,2025-02-15
13078,374,1,mercado,223.19,2025-04-06
13079,426,2,juguetes,47.68,2025-04-26
13080,128,2,hogar,241.27,2025-02-16
13081,144,2,deportes,74.9,2025-02-26
13082,756,2,ropa,53.26,2025-11-19
13083,155,3,hogar,176.81,2025-07-24
13084,756,5,libros,58.19,2025-09-19
13085,570,1,electronica,154.03,2025-08-01
13086,779,2,ropa,100.43,2025-01-28
13087,546,4,hogar,414.11,2025-10-05
13088,39,1,ropa,98.18,2025-04-25
13089,569,1,electronica,62.41,2025-05-19
13090,276,2,electronica,274.45,2025-08-01
13091,196,1,juguetes,27.61,2025-07-27
13092,677,4,ropa,111.41,2025-12-06
13093,358,7,hogar,57.52,2025-05-27
13094,188,2,ropa,79.04,2025-11-12
13095,129,3,deportes,111.53,2025-10-12
13096,777,4,libros,32.69,2025-12-05
13097,563,1,hogar,125.92,2025-01-25
13098,75,1,hogar,63.28,2025-12-07
13099,118,3,juguetes,59.27,2025-11-11
13100,269,2,deportes,179.97,2025-09-23
13101,241,1,hogar,18.54,2025-04-26
13102,237,2,electronica,159.86,2025-02-24
13103,578,1,mercado,56.82,2025-04-04
13104,322,3,electronica,329.35,2025-09-19
13105,592,2,mercado,115.79,2025-11-19
13106,319,3,electronica,353.85,2025-04-08
13107,72,3,libros,72.11,2025-09-06
13108,198,1,electronica,103.04,2025-03-17
13109,405,1,electronica,463.39,2025-06-21
13110,293,2,hogar,9.43,2025-03-11
13111,773,2,hogar,58.31,2025-08-05
13112,282,6,ropa,58.7,2025-01-22
13113,338,1,mercado,39.65,2025-10-13
13114,59,1,mercado,27.98,2025-03-18
13115,93,4,hogar,40.32,2025-05-20
13116,173,1,mercado,65.56,2025-07-10
13117,619,4,hogar,121.38,2025-08-28
13118,258,1,hogar,21.02,2025-09-06
13119,124,2,hogar,13.87,2025-06-06
13120,250,1,ropa,126.93,2025-11-07
13121,40,2,mercado,19.83,2025-09-18
13122,441,4,mercado,35.46,2025-04-22
13123,129,2,electronica,109.39,2025-04-28
13124,190,2,hogar,469.47,2025-02-14
13125,360,1,electronica,34.33,2025-06-11
13126,65,1,hogar,34.25,2025-03-09
13127,490,2,deportes,82.68,2025-04-23
13128,272,1,mercado,12.27,2025-11-22
13129,33,2,ropa,111.55,2025-07-08
13130,184,2,hogar,219.17,2025-12-08
13131,322,4,electronica,181.3,2025-07-18
13132,446,2,electronica,61.97,2025-04-04
13133,75,2,libros,22.59,2025-01-14
13134,28,2,hogar,113.22,2025-08-02
13135,69,7,electronica,65.78,2025-08-10
13136,18,1,electronica,555.16,2025-11-11
13137,799,3,mercado,160.0,2025-01-24
13138,211,1,ropa,17.0,2025-02-18
13139,294,1,electronica,6.37,2025-04-12
13140,341,7,hogar,323.39,2025-10-05
13141,534,1,mercado,94.79,2025-12-06
13142,243,1,ropa,24.51,2025-02-20
13143,206,1,hogar,203.36,2025-03-24
13144,777,2,ropa,83.23,2025-06-21
13145,150,2,mercado,43.95,2025-11-06
13146,165,2,electronica,1189.89,2025-08-16
13147,254,2,mercado,69.61,2025-10-27
13148,215,2,electronica,176.65,2025-03-12
13149,619,1,hogar,143.04,2025-11-03
13150,532,6,electronica,259.89,2025-02-27
13151,231,2,ropa,80.15,2025-09-28
13152,783,4,ropa,29.7,2025-09-15
13153,63,1,mercado,250.54,2025-10-01
13154,498,2,hogar,118.67,2025-04-20
13155,332,2,mercado,78.41,2025-06-12
13156,383,6,deportes,13.09,2025-05-17
13157,765,7,electronica,13.62,2025-07-14
13158,468,1,hogar,136.85,2025-11-03
13159,164,4,juguetes,67.49,2025-06-05
13160,400,1,mercado,119.46,2025-08-05
13161,383,1,ropa,158.17,2025-10-19
13162,124,3,juguetes,92.93,2025-01-01
13163,799,2,juguetes,5.76,2025-08-04
13164,235,1,electronica,64.15,2025-01-28
13165,166,2,electronica,90.82,2025-08-07
13166,101,3,hogar,67.26,2025-09-20
13167,145,2,libros,27.78,2025-08-12
13168,160,1,deportes,159.65,2025-04-05
13169,500,2,electronica,10.18,2025-10-07
13170,181,1,hogar,189.4,2025-04-09
13171,641,1,ropa,64.36,2025-10-07
13172,549,3,mercado,145.73,2025-11-25
13173,256,2,electronica,28.2,2025-01-26
13174,201,3,deportes,162.4,2025-03-11
13175,161,7,libros,110.97,2025-02-11
13176,723,1,deportes,33.17,2025-04-06
13177,139,2,electronica,1248.59,2025-11-21
13178,24,2,libros,31.69,2025-06-19
13179,353,3,deportes,454.4,2025-02-08
13180,293,2,ropa,77.74,2025-12-28
13181,444,3,deportes,9.97,2025-09-21
13182,460,2,mercado,6.16,2025-04-06
13183,392,2,electronica,539.21,2025-07-08
13184,183,1,hogar,141.43,2025-07-13
13185,792,1,electronica,968.84,2025-01-01
13186,443,1,hogar,76.68,2025-10-12
13187,506,1,ropa,42.43,2025-02-18
13188,58,2,electronica,91.37,2025-04-03
13189,690,1,mercado,33.51,2025-10-04
13190,785,1,mercado,66.89,2025-10-24
13191,785,1,ropa,92.01,2025-12-10
13192,501,2,electronica,28.83,2025-07-01
13193,304,3,ropa,74.12,2025-01-06
13194,492,5,electronica,54.54,2025-02-18
13195,271,2,deportes,32.31,2025-09-17
13196,194,1,mercado,113.11,2025-03-07
13197,225,5,mercado,144.71,2025-04-21
13198,667,4,electronica,165.33,2025-12-02
13199,96,2,ropa,180.44,2025-11-11
13200,533,1,mercado,22.15,2025-10-21
13201,6,4,mercado,19.05,2025-09-08
13202,552,2,deportes,305.09,2025-07-28
13203,750,3,mercado,8.33,2025-03-05
13204,241,2,electronica,186.68,2025-03-02
13205,691,3,libros,36.75,2025-10-24
13206,125,3,libros,5.98,2025-01-08
13207,248,6,electronica,1045.87,2025-01-05
13208,405,2,hogar,38.7,2025-04-03
13209,795,2,deportes,377.63,2025-06-25
13210,25,1,electronica,72.63,2025-10-23
13211,568,2,electronica,289.96,2025-08-16
13212,391,2,ropa,57.17,2025-05-01
13213,785,1,hogar,73.69,2025-11-16
13214,665,2,electronica,221.37,2025-03-13
13215,475,2,mercado,17.07,2025-01-18
13216,289,1,electronica,127.72,2025-07-10
13217,777,2,electronica,92.13,2025-05-03
13218,562,2,mercado,32.82,2025-02-16
13219,685,5,libros,14.75,2025-09-25
13220,371,2,electronica,199.45,2025-05-04
13221,238,2,electronica,161.55,2025-10-22
13222,492,3,hogar,72.29,2025-07-03
13223,302,3,electronica,101.1,2025-04-18
13224,299,1,mercado,67.63,2025-12-09
13225,351,5,electronica,262.2,2025-08-21
13226,350,5,electronica,71.18,2025-09-15
13227,44,2,ropa,657.32,2025-04-13
13228,190,2,ropa,125.87,2025-12-19
13229,587,2,juguetes,41.66,2025-05-01
13230,595,5,electronica,444.6,2025-04-09
13231,523,2,mercado,8.46,2025-10-17
13232,751,2,deportes,508.66,2025-12-26
13233,200,2,ropa,169.01,2025-09-20
13234,564,2,electronica,478.1,2025-05-07
13235,85,2,electronica,542.93,2025-11-02
13236,432,1,electronica,333.83,2025-11-26
13237,422,6,electronica,159.57,2025-06-01
13238,632,2,mercado,20.16,2025-09-22
13239,508,1,electronica,508.57,2025-09-05
13240,377,1,hogar,161.49,2025-08-16
13241,186,6,hogar,57.48,2025-03-18
13242,409,3,deportes,5.23,2025-07-07
13243,291,1,electronica,890.37,2025-01-20
13244,310,3,electronica,31.52,2025-08-16
13245,86,3,electronica,235.73,2025-11-24
13246,320,3,ropa,40.73,2025-02-18
13247,617,3,hogar,57.85,2025-02-18
13248,122,4,electronica,326.9,2025-09-14
13249,792,4,ropa,54.98,2025-10-16
13250,59,2,mercado,79.31,2025-12-05
13251,627,2,electronica,1196.79,2025-04-07
13252,680,2,electronica,60.49,2025-11-03
13253,129,5,ropa,58.45,2025-11-25
13254,487,5,deportes,230.08,2025-03-23
13255,300,2,hogar,96.68,2025-03-11
13256,788,2,mercado,31.5,2025-05-10
13257,329,2,ropa,69.96,2025-10-12
13258,419,1,mercado,141.46,2025-11-16
13259,142,1,ropa,23.67,2025-10-12
13260,797,2,ropa,37.78,2025-03-02
13261,127,1,mercado,44.87,2025-12-18
13262,198,2,libros,99.91,2025-08-22
13263,319,3,deportes,91.4,2025-02-07
13264,521,2,juguetes,62.51,2025-08-02
13265,67,2,deportes,21.95,2025-08-16
13266,384,2,hogar,116.07,2025-10-22
13267,295,2,electronica,260.15,2025-09-20
13268,520,1,electronica,25.35,2025-02-06
13269,709,1,deportes,141.45,2025-01-14
13270,134,5,mercado,36.32,2025-02-08
13271,353,6,juguetes,59.2,2025-02-01
13272,271,1,hogar,150.66,2025-06-20
13273,262,2,ropa,33.58,2025-11-27
13274,615,7,mercado,137.32,2025-07-15
13275,100,4,deportes,30.51,2025-06-23
13276,730,7,hogar,222.13,2025-07-03
13277,661,5,hogar,246.11,2025-12-19
13278,387,3,electronica,136.66,2025-01-24
13279,176,3,electronica,204.23,2025-09-18
13280,461,2,hogar,21.2,2025-07-25
13281,262,2,mercado,31.64,2025-03-18
13282,278,1,hogar,100.92,2025-11-21
13283,266,2,electronica,146.86,2025-08-10
13284,193,5,libros,17.62,2025-06-23
13285,623,1,mercado,22.74,2025-12-06
13286,359,2,mercado,58.53,2025-10-04
13287,284,1,mercado,91.33,2025-11-27
13288,41,2,mercado,61.81,2025-11-08
13289,754,1,mercado,24.94,2025-11-28
13290,666,1,ropa,63.7,2025-11-22
13291,664,2,mercado,29.08,2025-03-08
13292,93,3,electronica,211.9,2025-03-15
13293,533,7,hogar,247.43,2025-04-12
13294,485,2,electronica,251.7,2025-08-22
13295,604,6,hogar,287.27,2025-09-07
13296,142,3,mercado,76.42,2025-10-08
13297,460,1,deportes,107.35,2025-11-03
13298,409,3,ropa,240.39,2025-12-16
13299,594,1,deportes,211.1,2025-07-24
13300,300,2,mercado,9.21,2025-08-06
13301,304,2,ropa,21.18,2025-08-05
13302,427,1,hogar,54.36,2025-11-07
13303,768,1,deportes,90.5,2025-02-26
13304,183,1,electronica,713.51,2025-05-19
13305,502,2,deportes,13.96,2025-11-09
13306,298,1,hogar,45.46,2025-06-10
13307,721,5,libros,15.0,2025-09-26
13308,151,3,libros,78.11,2025-01-14
13309,513,3,ropa,173.3,2025-02-16
13310,618,2,electronica,186.75,2025-04-01
13311,303,3,electronica,92.76,2025-07-22
13312,123,2,electronica,48.74,2025-08-06
13313,317,4,mercado,93.72,2025-07-10
13314,94,1,ropa,22.26,2025-02-21
13315,692,1,juguetes,22.05,2025-02-18
13316,400,2,electronica,398.41,2025-07-20
13317,301,2,hogar,7.02,2025-03-18
13318,412,1,electronica,152.64,2025-09-12
13319,145,1,hogar,486.86,2025-08-12
13320,372,2,ropa,80.11,2025-03-03
13321,274,3,ropa,47.34,2025-10-25
13322,296,2,mercado,39.84,2025-01-17
13323,574,2,mercado,170.12,2025-04-19
13324,340,2,electronica,327.67,2025-08-07
13325,313,4,ropa,89.41,2025-01-20
13326,241,6,electronica,810.7,2025-05-26
13327,537,2,electronica,268.6,2025-01-28
13328,105,4,libros,15.97,2025-04-20
13329,499,4,mercado,92.44,2025-07-23
13330,750,2,juguetes,15.96,2025-01-07
13331,298,1,ropa,90.48,2025-11-24
13332,725,1,mercado,22.75,2025-10-16
13333,617,2,electronica,618.81,2025-06-06
13334,452,1,electronica,228.43,2025-05-16
13335,81,1,electronica,9.7,2025-07-02
13336,303,1,electronica,121.69,2025-03-23
13337,575,5,electronica,474.47,2025-06-24
13338,59,2,deportes,480.68,2025-10-22
13339,498,4,mercado,97.09,2025-03-19
13340,569,2,electronica,246.97,2025-07-21
13341,561,3,deportes,92.99,2025-11-16
13342,267,1,electronica,715.63,2025-01-07
13343,371,4,ropa,75.9,2025-03-19
13344,197,1,hogar,101.72,2025-04-20
13345,793,2,ropa,12.29,2025-10-04
13346,658,2,electronica,40.36,2025-08-26
13347,543,2,mercado,17.9,2025-06-08
13348,397,3,electronica,26.91,2025-10-24
13349,703,1,deportes,190.04,2025-07-02
13350,740,3,deportes,430.23,2025-11-11
13351,403,2,mercado,87.05,2025-05-26
13352,140,6,juguetes,18.64,2025-09-24
13353,460,2,ropa,63.05,2025-09-09
13354,16,1,hogar,105.69,2025-01-19
13355,427,1,electronica,599.24,2025-07-03
13356,194,2,electronica,18.5,2025-03-04
13357,678,2,electronica,176.29,2025-05-01
13358,762,1,ropa,10.3,2025-04-16
13359,113,5,electronica,400.35,2025-04-21
13360,503,3,electronica,469.51,2025-03-15
13361,146,1,libros,35.35,2025-01-26
13362,183,1,mercado,20.7,2025-11-27
13363,444,2,ropa,86.96,2025-11-04
13364,758,7,libros,7.18,2025-04-17
13365,544,2,mercado,28.91,2025-12-28
13366,625,2,ropa,120.3,2025-01-18
13367,531,2,ropa,154.17,2025-01-20
13368,787,2,electronica,1443.73,2025-04-22
13369,784,7,electronica,677.96,2025-05-16
13370,576,1,hogar,9.97,2025-05-22
13371,703,2,ropa,91.8,2025-09-15
13372,799,2,ropa,74.42,2025-03-25
13373,110,1,libros,8.35,2025-09-13
13374,542,1,ropa,62.23,2025-03-22
13375,175,1,juguetes,47.91,2025-01-08
13376,402,5,hogar,22.88,2025-12-06
13377,666,2,ropa,8.42,2025-11-06
13378,98,2,hogar,170.94,2025-12-14
13379,168,4,electronica,125.34,2025-07-23
13380,21,2,electronica,25.4,2025-07-20
13381,761,1,juguetes,40.46,2025-05-18
13382,86,2,hogar,23.76,2025-01-25
13383,130,6,mercado,6.85,2025-07-17
13384,460,2,hogar,143.3,2025-10-24
13385,741,3,hogar,140.74,2025-08-12
13386,765,1,hogar,50.55,2025-04-28
13387,245,3,ropa,32.51,2025-07-05
13388,351,2,hogar,96.04,2025-06-06
13389,344,5,hogar,104.04,2025-06-14
13390,395,2,electronica,22.2,2025-09-06
13391,386,1,ropa,7.05,2025-04-13
13392,620,3,hogar,142.78,2025-09-25
13393,296,1,electronica,236.95,2025-02-21
13394,543,3,mercado,273.13,2025-08-22
13395,213,2,electronica,564.09,2025-05-09
13396,178,2,ropa,17.6,2025-11-05
13397,509,2,electronica,67.22,2025-08-15
13398,65,1,ropa,66.51,2025-01-23
13399,429,1,electronica,498.6,2025-12-24
13400,568,2,electronica,302.51,2025-07-07
13401,359,2,libros,112.35,2025-08-24
13402,312,1,juguetes,11.15,2025-02-12
13403,76,3,juguetes,85.24,2025-07-04
13404,727,3,ropa,104.69,2025-07-20
13405,219,2,ropa,54.52,2025-07-10
13406,407,1,electronica,187.56,2025-08-05
13407,113,6,mercado,13.16,2025-04-04
13408,622,1,hogar,329.7,2025-07-02
13409,760,2,ropa,5.15,2025-08-26
13410,357,2,hogar,125.43,2025-12-11
13411,780,1,deportes,109.81,2025-04-09
13412,61,3,hogar,185.75,2025-12-25
13413,470,1,electronica,711.36,2025-08-14
13414,620,2,mercado,26.07,2025-10-13
13415,404,3,ropa,60.14,2025-06-07
13416,652,4,mercado,25.03,2025-06-27
13417,779,1,electronica,523.79,2025-09-23
13418,210,4,hogar,14.33,2025-05-24
13419,150,2,hogar,124.5,2025-07-18
13420,23,3,mercado,142.33,2025-02-28
13421,473,1,electronica,623.97,2025-03-14
13422,222,2,mercado,33.64,2025-11-04
13423,322,2,hogar,289.84,2025-09-26
13424,135,3,electronica,198.21,2025-06-22
13425,260,2,electronica,140.77,2025-05-25
13426,245,2,deportes,165.18,2025-02-12
13427,684,4,mercado,70.87,2025-05-06
13428,726,3,ropa,54.73,2025-09-06
13429,97,1,mercado,38.94,2025-08-20
13430,700,3,ropa,69.82,2025-10-17
13431,204,4,ropa,64.32,2025-06-09
13432,226,3,electronica,683.08,2025-03-23
13433,296,2,hogar,48.47,2025-05-13
13434,784,2,ropa,137.93,2025-07-28
13435,640,1,ropa,191.76,2025-12-10
13436,289,4,hogar,18.08,2025-03-03
13437,340,2,electronica,239.71,2025-04-17
13438,690,2,libros,33.57,2025-02-16
13439,725,1,ropa,91.99,2025-09-02
13440,16,1,mercado,57.27,2025-04-19
13441,623,1,ropa,19.85,2025-03-12
13442,297,1,ropa,208.71,2025-09-14
13443,105,1,deportes,40.52,2025-08-15
13444,202,3,hogar,38.44,2025-08-05
13445,435,1,mercado,22.73,2025-10-09
13446,710,4,electronica,78.67,2025-02-05
13447,559,1,electronica,28.35,2025-01-08
13448,292,4,electronica,649.9,2025-11-01
13449,382,2,mercado,52.72,2025-02-23
13450,466,2,mercado,17.15,2025-06-28
13451,84,2,electronica,1925.99,2025-07-12
13452,722,1,electronica,23.6,2025-07-20
13453,270,7,mercado,12.27,2025-07-13
13454,735,4,ropa,33.56,2025-04-06
13455,370,4,hogar,189.85,2025-02-26
13456,52,2,electronica,129.09,2025-08-26
13457,718,7,ropa,34.82,2025-07-03
13458,617,2,mercado,10.01,2025-11-25
13459,433,3,mercado,19.76,2025-05-02
13460,370,5,mercado,139.93,2025-08-28
13461,5,2,ropa,43.46,2025-03-25
13462,166,1,hogar,83.26,2025-10-11
13463,683,3,mercado,82.96,2025-06-04
13464,451,2,electronica,182.46,2025-01-03
13465,236,2,ropa,39.53,2025-11-27
13466,250,3,hogar,280.57,2025-10-05
13467,230,3,mercado,42.93,2025-12-10
13468,110,3,hogar,31.48,2025-08-01
13469,229,4,hogar,163.27,2025-01-11
13470,210,2,mercado,59.73,2025-05-10
13471,734,7,electronica,217.43,2025-06-03
13472,776,3,libros,22.59,2025-04-07
13473,416,1,mercado,46.26,2025-09-25
13474,402,2,mercado,128.9,2025-05-07
13475,49,5,juguetes,9.12,2025-07-09
13476,274,2,mercado,37.33,2025-10-27
13477,351,2,ropa,51.25,2025-11-08
13478,140,2,electronica,5.35,2025-07-22
13479,136,1,hogar,275.31,2025-09-09
13480,307,4,electronica,60.15,2025-07-01
13481,101,3,mercado,84.44,2025-10-03
13482,754,3,deportes,146.59,2025-04-18
13483,68,2,deportes,172.54,2025-12-03
13484,436,2,hogar,14.67,2025-01-04
13485,467,5,ropa,76.38,2025-09-17
13486,454,4,deportes,54.79,2025-07-07
13487,463,2,electronica,63.02,2025-04-23
13488,236,1,deportes,264.81,2025-11-19
13489,115,2,hogar,42.25,2025-09-06
13490,668,2,electronica,559.91,2025-11-25
13491,64,1,electronica,230.4,2025-07-01
13492,445,2,hogar,159.03,2025-04-11
13493,616,7,mercado,29.89,2025-05-16
13494,126,1,electronica,145.54,2025-11-17
13495,706,2,mercado,9.34,2025-04-18
13496,450,1,libros,93.88,2025-04-02
13497,45,3,ropa,58.0,2025-04-24
13498,228,2,ropa,35.06,2025-10-10
13499,790,1,deportes,133.88,2025-04-28
13500,736,5,electronica,75.06,2025-08-19
13501,170,1,electronica,48.01,2025-05-06
13502,498,2,libros,62.64,2025-04-17
13503,713,1,ropa,30.96,2025-02-05
13504,641,7,juguetes,69.01,2025-02-13
13505,290,2,hogar,387.34,2025-05-12
13506,387,2,mercado,12.83,2025-09-25
13507,782,1,mercado,96.23,2025-12-19
13508,525,6,hogar,7.94,2025-07-08
13509,476,2,hogar,140.38,2025-04-27
13510,564,2,juguetes,6.1,2025-07-17
13511,577,4,libros,13.74,2025-12-21
13512,796,1,electronica,85.05,2025-03-26
13513,328,5,electronica,72.93,2025-09-19
13514,34,1,mercado,33.51,2025-06-16
13515,321,1,electronica,74.08,2025-12-22
13516,253,2,deportes,48.75,2025-11-12
13517,613,2,deportes,88.09,2025-10-20
13518,155,2,juguetes,195.59,2025-02-10
13519,630,2,libros,8.31,2025-04-21
13520,419,2,ropa,20.5,2025-10-03
13521,79,1,electronica,27.2,2025-12-03
13522,398,1,mercado,209.07,2025-05-10
13523,699,1,mercado,88.15,2025-07-27
13524,210,2,mercado,194.49,2025-09-24
13525,419,4,ropa,55.38,2025-02-14
13526,629,7,hogar,325.16,2025-09-10
13527,276,2,electronica,29.99,2025-10-18
13528,116,2,hogar,21.97,2025-04-15
13529,401,2,electronica,256.95,2025-07-05
13530,614,1,electronica,215.28,2025-12-07
13531,435,2,ropa,29.85,2025-01-24
13532,125,1,hogar,212.19,2025-08-05
13533,13,2,electronica,245.99,2025-01-25
13534,336,2,juguetes,6.02,2025-01-07
13535,700,2,electronica,203.92,2025-03-24
13536,494,1,electronica,558.14,2025-05-18
13537,467,3,mercado,28.3,2025-11-22
13538,542,2,mercado,88.3,2025-02-18
13539,694,2,libros,5.22,2025-01-15
13540,723,2,ropa,169.61,2025-01-25
13541,789,2,mercado,17.48,2025-01-24
13542,303,1,mercado,11.48,2025-02-09
13543,744,2,deportes,5.66,2025-08-07
13544,12,1,mercado,81.95,2025-09-19
13545,412,1,mercado,45.72,2025-04-13
13546,339,2,deportes,7.57,2025-11-02
13547,194,5,hogar,71.09,2025-07-14
13548,436,4,hogar,94.46,2025-03-03
13549,722,3,ropa,14.33,2025-01-22
13550,633,3,ropa,97.29,2025-07-15
13551,260,2,mercado,174.21,2025-05-28
13552,286,3,electronica,33.59,2025-07-15
13553,701,1,mercado,61.79,2025-11-14
13554,397,2,electronica,110.97,2025-03-27
13555,109,1,ropa,34.56,2025-09-21
13556,661,1,electronica,233.55,2025-01-17
13557,159,2,electronica,539.61,2025-02-05
13558,16,4,ropa,49.02,2025-11-19
13559,563,1,libros,30.25,2025-05-01
13560,739,5,libros,45.87,2025-04-18
13561,557,2,electronica,257.71,2025-07-19
13562,590,2,mercado,68.94,2025-03-24
13563,191,2,electronica,34.01,2025-11-04
13564,670,5,juguetes,32.75,2025-08-12
13565,586,2,ropa,14.55,2025-01-27
13566,148,2,mercado,54.54,2025-05-20
13567,626,2,electronica,828.42,2025-07-12
13568,161,4,ropa,69.36,2025-10-21
13569,178,2,deportes,48.62,2025-06-14
13570,414,1,electronica,126.0,2025-06-23
13571,779,5,mercado,183.3,2025-11-02
13572,786,3,libros,13.3,2025-07-22
13573,151,2,mercado,7.89,2025-04-04
13574,314,2,electronica,50.17,2025-07-03
13575,797,1,mercado,15.64,2025-02-03
13576,220,1,hogar,121.55,2025-03-27
13577,103,2,ropa,138.91,2025-10-04
13578,597,1,electronica,277.83,2025-07-10
13579,723,1,hogar,162.46,2025-02-01
13580,692,2,electronica,52.33,2025-01-07
13581,632,1,electronica,142.66,2025-09-10
13582,744,2,mercado,127.3,2025-10-09
13583,87,1,hogar,46.03,2025-02-26
13584,522,5,electronica,186.45,2025-03-19
13585,549,2,ropa,11.11,2025-01-18
13586,657,1,mercado,82.31,2025-11-12
13587,496,2,electronica,495.05,2025-12-27
13588,598,2,electronica,148.01,2025-08-12
13589,380,2,electronica,123.37,2025-06-04
13590,372,1,juguetes,26.08,2025-11-09
13591,143,1,ropa,157.2,2025-01-02
13592,192,1,mercado,94.37,2025-02-03
13593,211,4,ropa,73.74,2025-04-07
13594,129,3,libros,24.67,2025-07-02
13595,600,1,electronica,37.33,2025-06-01
13596,527,2,mercado,72.5,2025-07-15
13597,13,2,hogar,65.86,2025-04-23
13598,311,1,electronica,222.96,2025-12-19
13599,478,1,libros,86.48,2025-10-21
13600,358,5,ropa,37.46,2025-09-18
13601,576,1,electronica,405.03,2025-06-10
13602,604,2,ropa,129.04,2025-06-18
13603,437,2,ropa,78.9,2025-02-20
13604,62,2,mercado,147.18,2025-08-19
13605,626,4,mercado,114.53,2025-05-11
13606,727,2,hogar,207.49,2025-05-10
13607,357,4,libros,60.17,2025-10-07
13608,797,2,hogar,107.56,2025-10-05
13609,684,2,juguetes,28.44,2025-07-07
13610,705,2,juguetes,185.03,2025-01-01
13611,346,1,electronica,347.37,2025-03-02
13612,486,2,ropa,180.6,2025-09-26
13613,247,2,ropa,14.39,2025-02-13
13614,315,5,ropa,33.93,2025-11-22
13615,169,1,mercado,27.36,2025-12-20
13616,632,1,juguetes,43.09,2025-07-04
13617,129,2,ropa,6.38,2025-03-03
13618,782,1,hogar,245.73,2025-05-11
13619,249,2,ropa,30.58,2025-01-27
13620,275,2,hogar,125.52,2025-02-08
13621,323,7,mercado,10.92,2025-11-24
13622,447,4,mercado,42.61,2025-05-17
13623,633,5,hogar,43.32,2025-04-10
13624,236,4,deportes,13.55,2025-11-06
13625,595,1,libros,115.99,2025-11-16
13626,455,1,mercado,40.68,2025-02-04
13627,647,1,deportes,46.44,2025-06-25
13628,178,2,electronica,138.6,2025-04-23
13629,632,4,ropa,8.37,2025-07-12
13630,761,1,mercado,236.24,2025-07-24
13631,658,2,electronica,1589.84,2025-01-16
13632,495,2,hogar,23.91,2025-02-05
13633,542,3,ropa,133.88,2025-03-22
13634,758,1,ropa,38.43,2025-09-21
13635,377,3,deportes,22.51,2025-06-19
13636,76,4,juguetes,32.33,2025-07-16
13637,663,1,juguetes,27.61,2025-01-22
13638,660,7,juguetes,25.51,2025-11-12
13639,675,2,electronica,220.16,2025-03-23
13640,14,2,mercado,43.03,2025-05-03
13641,300,1,mercado,5.87,2025-12-21
13642,484,5,ropa,41.13,2025-01-21
13643,727,1,libros,13.94,2025-07-09
13644,707,2,ropa,36.48,2025-01-02
13645,779,5,electronica,101.84,2025-08-01
13646,306,7,hogar,34.48,2025-05-27
13647,735,2,juguetes,66.84,2025-02-05
13648,689,3,mercado,25.89,2025-10-21
13649,707,1,electronica,108.66,2025-07-23
13650,795,1,mercado,14.1,2025-03-20
13651,298,1,electronica,651.43,2025-07-02
13652,325,3,deportes,299.04,2025-07-07
13653,743,2,electronica,105.52,2025-04-19
13654,566,1,electronica,49.67,2025-08-02
13655,392,2,ropa,139.53,2025-11-14
13656,358,2,electronica,40.98,2025-04-25
13657,798,2,electronica,493.21,2025-06-24
13658,780,1,electronica,97.64,2025-12-02
13659,514,3,libros,13.17,2025-01-12
13660,655,3,ropa,50.35,2025-04-23
13661,430,2,libros,28.78,2025-10-20
13662,239,7,deportes,163.32,2025-06-17
13663,264,2,ropa,94.37,2025-03-02
13664,196,2,electronica,567.5,2025-04-03
13665,800,2,hogar,304.59,2025-05-04
13666,694,7,mercado,268.62,2025-08-18
13667,496,1,deportes,65.18,2025-06-20
13668,532,1,hogar,73.32,2025-01-07
13669,728,3,ropa,172.29,2025-12-17
13670,15,1,mercado,18.94,2025-12-04
13671,715,2,libros,32.83,2025-11-13
13672,5,2,hogar,17.54,2025-02-12
13673,423,3,deportes,7.99,2025-01-10
13674,696,2,hogar,58.62,2025-04-17
13675,295,1,hogar,6.3,2025-01-23
13676,520,1,ropa,75.26,2025-12-18
13677,145,2,hogar,307.92,2025-11-20
13678,77,2,ropa,158.8,2025-09-01
13679,750,1,libros,13.3,2025-12-01
13680,440,1,electronica,71.16,2025-05-13
13681,25,2,mercado,13.26,2025-04-03
13682,245,4,electronica,474.67,2025-10-15
13683,778,2,ropa,135.24,2025-07-21
13684,393,5,deportes,10.33,2025-11-28
13685,735,1,hogar,105.55,2025-01-23
13686,440,2,deportes,91.82,2025-09-16
13687,598,2,electronica,404.66,2025-06-21
13688,177,2,mercado,20.51,2025-12-06
13689,766,3,mercado,28.42,2025-02-04
13690,358,2,mercado,66.97,2025-11-15
13691,70,5,libros,78.28,2025-03-28
13692,187,3,electronica,270.67,2025-06-17
13693,795,5,electronica,256.96,2025-12-26
13694,769,3,libros,11.52,2025-02-26
13695,538,3,deportes,33.5,2025-07-07
13696,377,1,juguetes,31.35,2025-03-02
13697,738,2,libros,32.09,2025-05-26
13698,556,2,electronica,268.78,2025-02-15
13699,214,1,mercado,14.57,2025-04-16
13700,157,3,juguetes,76.82,2025-04-19
13701,543,1,hogar,211.94,2025-06-08
13702,103,2,deportes,6.71,2025-06-07
13703,760,3,electronica,97.06,2025-01-26
13704,483,3,libros,150.15,2025-03-04
13705,535,2,juguetes,61.58,2025-08-09
13706,651,1,ropa,48.59,2025-08-10
13707,671,3,electronica,848.87,2025-02-22
13708,455,1,mercado,14.77,2025-11-04
13709,116,5,mercado,165.09,2025-08-18
13710,495,1,mercado,54.64,2025-10-18
13711,362,4,hogar,58.24,2025-10-11
13712,456,1,hogar,75.21,2025-05-24
13713,33,1,hogar,90.74,2025-01-01
13714,98,3,deportes,20.84,2025-11-25
13715,772,2,hogar,118.26,2025-05-05
13716,660,3,ropa,81.53,2025-06-28
13717,205,1,hogar,393.13,2025-09-16
13718,778,4,libros,49.5,2025-05-05
13719,483,2,ropa,8.39,2025-10-02
13720,117,1,mercado,12.6,2025-01-23
13721,445,1,mercado,16.84,2025-08-23
13722,21,2,mercado,63.61,2025-03-27
13723,723,1,ropa,58.13,2025-10-02
13724,335,2,electronica,312.18,2025-11-06
13725,303,2,electronica,164.72,2025-10-25
13726,106,2,mercado,53.66,2025-03-07
13727,149,2,electronica,762.72,2025-01-18
13728,483,1,hogar,224.58,2025-07-05
13729,655,1,hogar,91.72,2025-12-16
13730,432,2,hogar,103.36,2025-06-28
13731,177,2,libros,15.6,2025-11-09
13732,306,4,ropa,11.18,2025-08-14
13733,126,2,electronica,157.15,2025-01-03
13734,564,2,mercado,12.31,2025-02-28
13735,257,2,electronica,691.81,2025-07-14
13736,325,4,ropa,140.02,2025-10-26
13737,671,2,electronica,1052.19,2025-07-19
13738,596,2,hogar,154.05,2025-03-10
13739,644,2,electronica,138.92,2025-04-23
13740,473,2,hogar,153.78,2025-05-21
13741,429,1,deportes,48.77,2025-10-24
13742,275,2,mercado,50.17,2025-07-27
13743,691,2,electronica,815.12,2025-01-13
13744,688,6,hogar,18.2,2025-07-23
13745,303,1,hogar,183.78,2025-01-16
13746,242,2,mercado,83.46,2025-06-06
13747,130,1,libros,56.3,2025-06-21
13748,121,2,juguetes,67.34,2025-09-28
13749,706,4,electronica,228.37,2025-05-19
13750,590,4,ropa,6.04,2025-05-20
13751,224,2,ropa,35.88,2025-03-17
13752,329,2,hogar,25.69,2025-08-01
13753,124,1,electronica,594.04,2025-10-20
13754,576,1,mercado,40.48,2025-02-21
13755,420,2,hogar,79.3,2025-09-06
13756,297,5,mercado,68.74,2025-12-19
13757,275,1,mercado,15.46,2025-07-20
13758,584,1,mercado,21.25,2025-02-03
13759,384,2,mercado,57.18,2025-01-12
13760,562,1,electronica,579.98,2025-03-15
13761,501,2,ropa,61.82,2025-04-13
13762,431,3,juguetes,33.14,2025-12-13
13763,90,1,electronica,318.95,2025-10-23
13764,60,2,ropa,71.65,2025-06-25
13765,526,2,electronica,96.5,2025-01-20
13766,10,1,mercado,124.21,2025-03-18
13767,463,1,mercado,92.86,2025-08-24
13768,89,4,deportes,34.49,2025-06-19
13769,472,3,mercado,80.97,2025-06-19
13770,361,5,electronica,841.78,2025-06-03
13771,228,5,electronica,25.26,2025-05-20
13772,331,1,libros,20.48,2025-12-17
13773,336,3,electronica,24.23,2025-08-15
13774,98,2,deportes,96.05,2025-05-18
13775,490,1,mercado,80.64,2025-08-24
13776,774,5,hogar,16.43,2025-09-24
13777,629,1,ropa,6.02,2025-01-23
13778,277,4,mercado,97.05,2025-11-17
13779,250,3,hogar,48.64,2025-10-02
13780,336,2,ropa,76.1,2025-11-24
13781,722,4,electronica,406.33,2025-02-26
13782,234,1,electronica,363.5,2025-05-06
13783,142,2,electronica,129.94,2025-07-18
13784,194,5,hogar,94.27,2025-06-12
13785,381,1,mercado,20.41,2025-03-25
13786,684,1,hogar,42.51,2025-11-27
13787,296,2,ropa,74.57,2025-07-06
13788,474,2,ropa,20.5,2025-07-22
13789,80,1,juguetes,27.39,2025-03-22
13790,206,2,ropa,247.44,2025-01-14
13791,126,2,electronica,309.25,2025-03-19
13792,577,2,electronica,50.33,2025-03-27
13793,764,2,mercado,9.11,2025-01-14
13794,612,3,ropa,69.71,2025-08-11
13795,293,6,hogar,238.4,2025-08-15
13796,2,1,libros,7.23,2025-01-26
13797,115,2,electronica,229.67,2025-04-01
13798,108,1,hogar,81.24,2025-09-22
13799,442,3,mercado,63.98,2025-02-03
13800,166,1,juguetes,25.2,2025-02-02
13801,261,2,hogar,114.59,2025-06-08
13802,565,1,libros,42.99,2025-06-04
13803,448,2,ropa,356.09,2025-07-26
13804,467,1,libros,23.69,2025-03-09
13805,294,3,ropa,53.02,2025-12-18
13806,231,4,mercado,224.26,2025-07-07
13807,691,2,ropa,11.12,2025-06-08
13808,134,1,ropa,13.64,2025-08-19
13809,7,2,ropa,7.17,2025-08-13
13810,160,1,mercado,125.58,2025-12-15
13811,419,2,electronica,115.02,2025-04-13
13812,499,2,libros,7.27,2025-01-12
13813,36,3,deportes,158.17,2025-11-26
13814,774,2,deportes,21.66,2025-02-15
13815,726,2,electronica,328.19,2025-10-21
13816,326,1,ropa,99.07,2025-06-20
13817,783,3,hogar,52.86,2025-01-17
13818,636,1,mercado,37.26,2025-10-18
13819,727,1,ropa,56.69,2025-03-25
13820,462,3,deportes,210.12,2025-08-21
13821,498,7,hogar,53.93,2025-11-04
13822,742,2,mercado,172.84,2025-02-18
13823,293,2,hogar,39.81,2025-07-23
13824,623,5,ropa,27.53,2025-06-03
13825,559,1,ropa,75.16,2025-11-26
13826,622,2,hogar,9.38,2025-05-02
13827,251,1,electronica,207.73,2025-07-03
13828,576,7,mercado,20.24,2025-04-06
13829,216,2,hogar,34.69,2025-10-25
13830,357,3,ropa,59.84,2025-07-10
13831,674,3,ropa,6.57,2025-09-26
13832,412,7,mercado,25.56,2025-03-18
13833,663,2,hogar,182.17,2025-09-22
13834,430,2,mercado,137.62,2025-03-21
13835,761,1,ropa,184.58,2025-03-19
13836,617,7,mercado,179.68,2025-09-18
13837,751,2,ropa,51.45,2025-09-14
13838,225,2,ropa,10.14,2025-02-20
13839,772,2,ropa,178.95,2025-09-18
13840,192,1,juguetes,76.95,2025-08-15
13841,428,2,mercado,78.88,2025-01-09
13842,98,1,hogar,33.65,2025-02-04
13843,210,6,libros,12.12,2025-03-27
13844,45,6,ropa,19.7,2025-12-09
13845,722,1,ropa,29.94,2025-02-25
13846,218,2,ropa,62.25,2025-07-25
13847,494,4,libros,31.41,2025-11-21
13848,31,4,mercado,59.66,2025-03-12
13849,228,5,hogar,190.13,2025-07-15
13850,466,4,mercado,18.18,2025-07-01
13851,454,4,mercado,55.28,2025-02-07
13852,337,1,electronica,36.97,2025-01-10
13853,45,3,mercado,27.86,2025-08-23
13854,687,2,ropa,18.89,2025-04-23
13855,294,1,mercado,54.27,2025-01-17
13856,453,4,libros,47.12,2025-10-28
13857,215,1,electronica,145.02,2025-10-27
13858,727,5,mercado,140.62,2025-10-02
13859,199,2,libros,21.48,2025-08-19
13860,746,2,deportes,8.17,2025-06-14
13861,175,2,libros,9.94,2025-10-11
13862,468,1,ropa,150.93,2025-06-06
13863,267,3,mercado,77.09,2025-04-04
13864,374,2,mercado,7.9,2025-04-19
13865,91,1,deportes,281.51,2025-12-17
13866,523,2,electronica,112.0,2025-06-08
13867,313,2,mercado,45.89,2025-01-14
13868,630,4,electronica,39.32,2025-09-21
13869,23,3,libros,50.46,2025-10-04
13870,502,3,mercado,70.94,2025-11-14
13871,622,2,hogar,186.0,2025-04-07
13872,656,2,mercado,32.1,2025-01-07
13873,592,1,electronica,110.61,2025-11-01
13874,113,1,ropa,46.05,2025-10-03
13875,438,1,electronica,453.1,2025-08-20
13876,552,4,ropa,44.31,2025-07-01
13877,592,1,hogar,102.07,2025-03-06
13878,507,2,ropa,15.82,2025-12-13
13879,594,3,libros,115.25,2025-02-14
13880,590,2,ropa,84.28,2025-08-13
13881,289,1,ropa,111.64,2025-03-01
13882,615,1,ropa,232.04,2025-02-19
13883,197,1,ropa,239.1,2025-11-27
13884,352,1,electronica,197.7,2025-10-15
13885,514,1,mercado,11.24,2025-11-18
13886,250,1,electronica,471.67,2025-12-26
13887,800,1,hogar,48.63,2025-07-09
13888,626,2,electronica,225.52,2025-09-10
13889,657,2,hogar,116.59,2025-01-05
13890,75,3,juguetes,91.91,2025-07-09
13891,692,2,electronica,213.17,2025-10-17
13892,535,4,mercado,42.58,2025-12-16
13893,579,5,electronica,409.11,2025-06-02
13894,448,2,electronica,102.39,2025-12-03
13895,538,1,ropa,118.94,2025-08-19
13896,757,4,ropa,15.27,2025-11-18
13897,288,1,hogar,18.85,2025-06-13
13898,256,2,libros,16.24,2025-03-10
13899,592,2,mercado,45.75,2025-04-02
13900,760,1,mercado,103.91,2025-04-16
13901,592,2,electronica,122.96,2025-06-09
13902,390,1,electronica,221.74,2025-03-21
13903,579,1,electronica,338.2,2025-01-16
13904,642,1,ropa,34.94,2025-01-06
13905,152,2,ropa,36.37,2025-02-11
13906,616,2,hogar,176.86,2025-04-13
13907,546,4,electronica,265.59,2025-08-09
13908,457,3,hogar,110.98,2025-09-21
13909,274,1,electronica,73.88,2025-09-06
13910,759,1,electronica,69.67,2025-06-06
13911,104,2,libros,121.87,2025-11-01
13912,274,2,mercado,26.38,2025-09-16
13913,569,3,ropa,97.53,2025-11-13
13914,194,4,hogar,196.67,2025-06-19
13915,485,3,mercado,97.35,2025-05-18
13916,4,3,mercado,18.78,2025-06-20
13917,223,2,ropa,13.64,2025-03-26
13918,127,2,hogar,119.84,2025-09-21
13919,178,2,electronica,10.62,2025-02-25
13920,389,3,libros,27.11,2025-02-26
13921,701,4,ropa,20.01,2025-05-20
13922,456,1,ropa,72.49,2025-11-17
13923,143,3,electronica,406.76,2025-11-05
13924,24,5,mercado,54.17,2025-10-19
13925,614,1,juguetes,7.47,2025-09-25
13926,226,1,electronica,30.15,2025-09-13
13927,436,5,ropa,75.75,2025-06-11
13928,130,2,electronica,60.7,2025-09-18
13929,571,4,ropa,241.57,2025-12-10
13930,35,4,mercado,46.16,2025-01-02
13931,486,2,deportes,14.42,2025-09-12
13932,247,2,electronica,83.66,2025-02-22
13933,640,5,hogar,120.53,2025-03-23
13934,336,1,ropa,71.9,2025-11-28
13935,301,1,ropa,83.38,2025-04-20
13936,347,2,mercado,43.68,2025-09-04
13937,497,2,mercado,21.88,2025-09-10
13938,75,3,electronica,226.71,2025-09-18
13939,635,2,libros,109.69,2025-06-26
13940,578,2,mercado,6.19,2025-07-23
13941,547,2,hogar,97.3,2025-08-16
13942,595,1,electronica,275.48,2025-04-23
13943,27,6,juguetes,61.44,2025-08-10
13944,12,1,ropa,83.13,2025-08-25
13945,624,2,electronica,346.25,2025-03-22
13946,779,1,electronica,40.27,2025-02-13
13947,453,3,electronica,87.34,2025-07-02
13948,217,1,electronica,25.02,2025-07-09
13949,419,5,mercado,172.22,2025-01-10
13950,66,1,mercado,69.59,2025-04-18
13951,357,1,juguetes,8.06,2025-01-16
13952,756,1,ropa,35.23,2025-10-25
13953,562,3,deportes,25.77,2025-04-09
13954,671,1,mercado,373.06,2025-03-04
13955,275,2,electronica,174.66,2025-07-11
13956,584,1,ropa,88.19,2025-05-14
13957,314,2,deportes,66.11,2025-06-05
13958,50,2,electronica,74.11,2025-03-25
13959,80,4,juguetes,105.52,2025-07-14
13960,590,1,mercado,26.54,2025-07-14
13961,660,2,hogar,36.44,2025-08-18
13962,179,2,libros,63.17,2025-07-18
13963,265,2,mercado,21.78,2025-12-22
13964,298,2,libros,106.38,2025-02-12
13965,153,2,juguetes,43.57,2025-09-19
13966,733,6,hogar,13.77,2025-08-23
13967,533,4,electronica,230.78,2025-07-02
13968,634,3,hogar,73.13,2025-10-13
13969,412,2,hogar,157.08,2025-12-26
13970,738,4,electronica,136.41,2025-09-16
13971,735,1,electronica,79.23,2025-09-27
13972,75,1,mercado,69.22,2025-07-08
13973,230,1,electronica,884.95,2025-11-17
13974,460,4,hogar,24.74,2025-08-01
13975,660,2,ropa,19.6,2025-06-02
13976,145,2,mercado,41.28,2025-01-06
13977,609,1,libros,100.25,2025-01-20
13978,563,1,ropa,66.24,2025-06-07
13979,563,2,deportes,27.9,2025-08-27
13980,661,1,ropa,19.46,2025-07-27
13981,105,3,ropa,34.12,2025-01-17
13982,339,1,ropa,107.67,2025-07-20
13983,464,2,mercado,13.55,2025-09-06
13984,165,6,mercado,106.65,2025-07-05
13985,720,4,electronica,425.88,2025-01-13
13986,349,3,ropa,22.79,2025-01-25
13987,106,3,libros,35.5,2025-06-16
13988,715,1,mercado,13.32,2025-10-06
13989,659,2,electronica,532.34,2025-10-12
13990,151,1,ropa,191.87,2025-03-21
13991,568,1,libros,5.02,2025-06-20
13992,17,2,mercado,15.17,2025-04-11
13993,448,1,electronica,9.88,2025-03-26
13994,161,5,mercado,141.17,2025-11-03
13995,678,2,hogar,170.14,2025-04-24
13996,455,1,electronica,117.2,2025-06-23
13997,781,1,electronica,629.97,2025-11-11
13998,221,2,hogar,24.74,2025-12-18
13999,712,2,ropa,36.64,2025-05-08
14000,267,2,hogar,73.66,2025-03-17
14001,363,2,ropa,286.89,2025-12-13
14002,21,2,juguetes,147.79,2025-09-24
14003,778,2,electronica,217.11,2025-09-04
14004,584,2,mercado,14.1,2025-11-25
14005,713,2,ropa,220.98,2025-06-18
14006,533,1,hogar,275.65,2025-11-02
14007,614,1,electronica,407.81,2025-07-04
14008,510,2,electronica,1420.26,2025-10-16
14009,775,6,electronica,1002.24,2025-09-02
14010,335,5,electronica,674.78,2025-04-19
14011,249,2,electronica,615.07,2025-08-11
14012,417,5,electronica,233.42,2025-11-05
14013,215,2,ropa,132.77,2025-08-26
14014,121,2,juguetes,56.45,2025-07-27
14015,228,2,hogar,32.15,2025-09-02
14016,5,2,ropa,69.65,2025-12-25
14017,509,1,electronica,34.88,2025-12-10
14018,244,4,juguetes,43.72,2025-10-27
14019,178,2,electronica,21.48,2025-04-26
14020,75,3,electronica,34.91,2025-08-05
14021,710,2,mercado,21.32,2025-03-09
14022,386,1,juguetes,67.19,2025-01-08
14023,128,7,deportes,29.86,2025-07-16
14024,594,1,mercado,57.95,2025-03-08
14025,435,3,ropa,26.82,2025-03-09
14026,371,2,electronica,601.79,2025-08-04
14027,100,1,electronica,1002.44,2025-09-21
14028,470,1,electronica,300.75,2025-02-04
14029,10,4,mercado,13.26,2025-04-23
14030,779,3,electronica,135.05,2025-08-04
14031,248,3,electronica,511.4,2025-01-17
14032,588,2,electronica,366.22,2025-05-07
14033,511,2,electronica,175.56,2025-08-02
14034,614,3,juguetes,159.83,2025-10-16
14035,765,1,electronica,601.44,2025-05-11
14036,593,1,ropa,41.98,2025-05-17
14037,574,2,mercado,14.57,2025-07-20
14038,381,1,mercado,11.17,2025-07-11
14039,79,2,electronica,21.18,2025-02-05
14040,646,2,hogar,116.46,2025-03-10
14041,283,1,ropa,63.18,2025-03-10
14042,389,2,electronica,360.77,2025-11-24
14043,703,1,hogar,15.03,2025-01-22
14044,80,1,ropa,13.18,2025-08-08
14045,208,2,ropa,38.6,2025-05-05
14046,398,2,deportes,90.53,2025-12-27
14047,694,2,mercado,7.52,2025-07-18
14048,262,5,libros,59.36,2025-07-08
14049,464,1,mercado,146.49,2025-06-22
14050,47,1,ropa,129.48,2025-05-16
14051,281,2,mercado,74.09,2025-04-13
14052,286,2,mercado,55.25,2025-02-07
14053,46,1,deportes,99.97,2025-02-20
14054,749,3,mercado,66.75,2025-03-05
14055,66,7,mercado,83.3,2025-10-10
14056,707,1,deportes,24.92,2025-07-19
14057,245,2,deportes,560.97,2025-07-21
14058,201,1,ropa,31.58,2025-12-06
14059,496,2,libros,21.07,2025-03-24
14060,690,1,electronica,170.79,2025-04-22
14061,272,3,hogar,302.12,2025-01-01
14062,108,1,libros,32.35,2025-10-19
14063,245,5,deportes,194.23,2025-11-21
14064,315,1,libros,10.09,2025-03-27
14065,143,2,electronica,460.37,2025-10-02
14066,305,3,ropa,262.13,2025-06-02
14067,18,2,ropa,65.48,2025-08-09
14068,756,3,electronica,147.52,2025-06-18
14069,377,2,ropa,84.86,2025-12-12
14070,214,1,ropa,41.77,2025-10-11
14071,159,2,electronica,65.23,2025-09-20
14072,445,2,mercado,47.48,2025-06-28
14073,644,3,electronica,38.2,2025-04-04
14074,43,1,electronica,5.07,2025-08-04
14075,214,3,hogar,20.49,2025-07-27
14076,493,1,electronica,380.79,2025-11-27
14077,649,2,hogar,250.35,2025-03-19
14078,150,1,ropa,22.68,2025-05-11
14079,61,1,electronica,486.3,2025-02-07
14080,116,4,ropa,27.63,2025-10-21
14081,451,2,electronica,489.4,2025-04-21
14082,471,1,ropa,69.29,2025-05-21
14083,355,2,hogar,223.97,2025-01-07
14084,565,2,electronica,199.62,2025-05-09
14085,753,2,mercado,77.67,2025-03-16
14086,463,5,mercado,20.47,2025-11-07
14087,401,5,mercado,16.99,2025-03-14
14088,304,1,electronica,160.9,2025-11-17
14089,279,3,deportes,27.03,2025-12-07
14090,51,2,ropa,39.0,2025-06-01
14091,98,1,ropa,26.52,2025-02-15
14092,52,1,hogar,33.25,2025-04-23
14093,579,2,ropa,51.93,2025-08-24
14094,278,2,electronica,151.02,2025-08-06
14095,362,7,deportes,528.35,2025-08-12
14096,549,5,electronica,292.29,2025-06-15
14097,520,3,electronica,70.98,2025-07-24
14098,551,2,electronica,299.3,2025-06-17
14099,761,4,libros,11.23,2025-07-11
14100,505,6,mercado,50.75,2025-11-03
14101,716,1,ropa,35.65,2025-08-23
14102,262,3,mercado,18.95,2025-02-28
14103,522,1,hogar,125.9,2025-04-24
14104,382,1,ropa,44.53,2025-02-21
14105,202,1,electronica,395.55,2025-10-01
14106,350,6,juguetes,14.64,2025-11-27
14107,48,1,ropa,22.03,2025-04-19
14108,122,4,juguetes,12.95,2025-03-20
14109,549,3,electronica,156.02,2025-03-08
14110,764,2,electronica,915.67,2025-01-18
14111,239,1,juguetes,58.9,2025-01-24
14112,320,5,ropa,75.61,2025-02-22
14113,482,1,libros,45.12,2025-12-23
14114,126,1,mercado,16.61,2025-05-03
14115,249,1,deportes,100.02,2025-02-18
14116,447,1,electronica,220.47,2025-08-28
14117,194,2,hogar,123.57,2025-12-02
14118,653,3,mercado,53.4,2025-12-01
14119,595,1,libros,48.71,2025-05-01
14120,497,2,mercado,22.89,2025-09-22
14121,61,1,ropa,129.32,2025-03-12
14122,424,5,libros,15.16,2025-08-19
14123,339,2,mercado,110.79,2025-10-10
14124,579,7,electronica,93.93,2025-10-02
14125,504,2,ropa,32.3,2025-03-05
14126,458,2,electronica,667.41,2025-12-21
14127,268,4,electronica,440.96,2025-07-16
14128,387,1,ropa,9.4,2025-11-04
14129,583,1,electronica,411.1,2025-10-07
14130,796,5,deportes,44.18,2025-12-27
14131,704,1,electronica,489.96,2025-03-01
14132,368,5,ropa,352.65,2025-11-19
14133,165,2,hogar,25.69,2025-04-06
14134,99,1,hogar,19.86,2025-12-11
14135,658,6,electronica,60.52,2025-04-24
14136,534,1,deportes,105.46,2025-03-03
14137,71,2,electronica,142.51,2025-07-08
14138,239,2,ropa,15.63,2025-11-10
14139,343,5,electronica,298.21,2025-04-23
14140,154,2,hogar,56.34,2025-09-05
14141,484,4,electronica,161.09,2025-04-19
14142,309,3,juguetes,7.16,2025-07-17
14143,210,4,electronica,918.44,2025-11-20
14144,609,4,ropa,22.77,2025-10-20
14145,149,2,ropa,41.23,2025-08-08
14146,800,2,electronica,5.69,2025-04-07
14147,348,2,hogar,209.35,2025-02-05
14148,399,2,hogar,31.24,2025-09-09
14149,714,1,electronica,1060.19,2025-07-26
14150,676,1,hogar,54.65,2025-09-12
14151,797,6,electronica,179.9,2025-01-16
14152,207,1,electronica,818.42,2025-11-28
14153,157,5,ropa,83.3,2025-07-10
14154,126,1,ropa,82.88,2025-12-03
14155,717,3,hogar,60.24,2025-03-07
14156,434,1,ropa,60.93,2025-02-18
14157,643,3,hogar,256.68,2025-07-14
14158,85,1,hogar,374.74,2025-03-23
14159,488,1,mercado,146.7,2025-11-27
14160,678,2,deportes,102.37,2025-04-04
14161,579,3,libros,16.44,2025-01-13
14162,748,4,deportes,152.76,2025-10-17
14163,96,2,mercado,99.0,2025-04-22
14164,434,2,libros,37.44,2025-12-25
14165,46,1,mercado,128.5,2025-11-16
14166,434,3,ropa,23.4,2025-07-24
14167,688,3,ropa,113.36,2025-07-15
14168,560,1,hogar,116.14,2025-02-07
14169,265,1,electronica,430.63,2025-07-09
14170,687,3,deportes,18.6,2025-04-26
14171,173,1,deportes,27.07,2025-11-06
14172,474,3,electronica,539.45,2025-03-22
14173,247,2,ropa,50.45,2025-06-11
14174,705,1,ropa,24.77,2025-07-09
14175,581,4,mercado,45.25,2025-11-01
14176,44,2,ropa,25.27,2025-01-01
14177,461,1,hogar,19.9,2025-03-26
14178,422,4,mercado,17.12,2025-11-19
14179,675,5,ropa,140.86,2025-03-16
14180,394,4,mercado,50.4,2025-09-23
14181,156,3,electronica,46.02,2025-10-28
14182,480,1,ropa,66.44,2025-09-03
14183,125,6,ropa,132.31,2025-12-19
14184,293,2,electronica,113.98,2025-10-10
14185,17,3,electronica,85.19,2025-12-04
14186,469,2,electronica,195.09,2025-02-21
14187,595,2,electronica,253.53,2025-04-24
14188,496,1,electronica,46.79,2025-07-15
14189,203,2,libros,8.7,2025-10-27
14190,298,1,electronica,407.19,2025-07-15
14191,279,1,electronica,815.53,2025-08-06
14192,423,4,electronica,281.63,2025-11-17
14193,655,2,ropa,98.63,2025-06-23
14194,409,1,libros,93.0,2025-11-15
14195,565,2,hogar,22.3,2025-01-20
14196,689,4,electronica,354.47,2025-12-25
14197,322,1,electronica,544.89,2025-07-17
14198,650,1,juguetes,6.26,2025-05-18
14199,457,2,ropa,102.66,2025-07-16
14200,198,2,deportes,45.88,2025-12-05
14201,277,2,mercado,32.83,2025-04-26
14202,426,3,deportes,70.84,2025-10-26
14203,354,1,mercado,8.65,2025-01-15
14204,358,2,juguetes,19.46,2025-07-03
14205,114,1,electronica,681.19,2025-11-19
14206,240,4,ropa,53.44,2025-11-07
14207,332,1,electronica,141.63,2025-02-20
14208,72,2,electronica,302.48,2025-05-19
14209,418,6,electronica,36.06,2025-07-01
14210,561,2,libros,78.63,2025-05-27
14211,432,1,electronica,311.46,2025-11-21
14212,508,2,mercado,41.03,2025-04-14
14213,87,2,electronica,363.96,2025-05-07
14214,553,2,mercado,25.25,2025-07-19
14215,93,2,electronica,52.29,2025-02-06
14216,439,2,mercado,16.94,2025-07-04
14217,637,1,ropa,36.26,2025-05-17
14218,368,1,hogar,11.55,2025-04-05
14219,187,3,juguetes,53.98,2025-02-15
14220,107,2,electronica,1051.03,2025-09-15
14221,497,4,electronica,627.31,2025-01-15
14222,185,4,mercado,49.74,2025-06-02
14223,112,1,libros,13.6,2025-02-28
14224,50,1,deportes,84.95,2025-02-26
14225,722,2,hogar,266.24,2025-10-02
14226,15,2,juguetes,15.88,2025-11-05
14227,484,3,electronica,64.19,2025-02-16
14228,483,2,hogar,33.42,2025-04-20
14229,611,3,mercado,24.31,2025-07-25
14230,655,2,electronica,130.86,2025-12-28
14231,344,1,libros,104.53,2025-01-04
14232,232,2,ropa,38.51,2025-05-04
14233,221,6,electronica,971.12,2025-04-27
14234,433,2,deportes,121.23,2025-05-25
14235,479,3,mercado,45.17,2025-11-01
14236,67,2,libros,92.22,2025-03-25
14237,482,1,ropa,24.3,2025-10-15
14238,537,2,ropa,25.85,2025-02-06
14239,253,2,deportes,58.04,2025-12-03
14240,531,6,hogar,68.92,2025-01-07
14241,22,3,mercado,220.56,2025-02-08
14242,52,2,electronica,94.06,2025-05-21
14243,442,3,juguetes,30.46,2025-04-17
14244,473,1,hogar,69.63,2025-02-22
14245,494,2,hogar,45.46,2025-03-24
14246,730,3,hogar,403.64,2025-02-26
14247,222,2,electronica,1014.41,2025-11-01
14248,583,2,ropa,47.15,2025-06-05
14249,755,1,juguetes,130.21,2025-07-05
14250,787,2,juguetes,22.47,2025-01-27
14251,497,1,hogar,97.9,2025-12-16
14252,141,2,hogar,35.09,2025-12-20
14253,345,1,hogar,152.4,2025-06-21
14254,175,1,hogar,153.0,2025-01-12
14255,388,1,ropa,25.23,2025-04-28
14256,652,2,electronica,130.8,2025-01-04
14257,428,2,ropa,23.0,2025-03-02
14258,57,1,hogar,96.91,2025-09-18
14259,489,4,mercado,15.32,2025-12-12
14260,490,1,hogar,86.84,2025-08-18
14261,227,1,deportes,147.85,2025-05-07
14262,592,2,ropa,86.44,2025-05-13
14263,325,1,ropa,175.02,2025-01-24
14264,682,1,mercado,26.53,2025-11-19
14265,235,2,hogar,99.89,2025-05-13
14266,180,5,hogar,171.04,2025-10-09
14267,563,3,libros,31.48,2025-05-16
14268,767,6,ropa,70.0,2025-11-02
14269,402,2,mercado,17.23,2025-11-15
14270,317,2,mercado,71.96,2025-08-23
14271,320,4,electronica,212.6,2025-01-13
14272,330,2,ropa,225.52,2025-03-19
14273,234,4,ropa,227.95,2025-05-17
14274,179,1,libros,65.02,2025-04-01
14275,643,2,juguetes,15.77,2025-07-22
14276,369,1,ropa,49.58,2025-07-14
14277,712,4,hogar,25.23,2025-05-22
14278,411,1,electronica,260.13,2025-03-07
14279,371,2,electronica,439.54,2025-10-19
14280,628,1,ropa,175.52,2025-12-17
14281,348,2,libros,82.63,2025-06-17
14282,184,2,juguetes,75.79,2025-08-05
14283,696,3,ropa,123.27,2025-02-01
14284,187,1,ropa,177.8,2025-05-05
14285,534,7,electronica,100.81,2025-11-06
14286,651,4,electronica,621.22,2025-05-08
14287,111,1,hogar,338.55,2025-03-11
14288,1,2,hogar,256.96,2025-02-17
14289,302,1,mercado,14.99,2025-03-11
14290,248,1,electronica,229.59,2025-06-21
14291,534,1,mercado,24.56,2025-05-10
14292,571,2,deportes,58.81,2025-05-24
14293,291,2,mercado,30.53,2025-07-20
14294,703,1,mercado,30.48,2025-08-20
14295,26,2,ropa,12.65,2025-01-23
14296,43,3,mercado,86.93,2025-04-10
14297,431,2,electronica,582.83,2025-08-14
14298,781,1,electronica,63.63,2025-07-19
14299,22,4,deportes,70.31,2025-08-26
14300,52,3,mercado,167.63,2025-01-03
14301,337,2,mercado,88.72,2025-03-05
14302,108,2,ropa,75.62,2025-07-19
14303,105,6,hogar,171.0,2025-05-03
14304,434,5,ropa,138.53,2025-01-14
14305,442,4,deportes,44.24,2025-02-16
14306,609,2,electronica,164.07,2025-10-15
14307,639,2,hogar,35.16,2025-10-09
14308,332,1,mercado,33.7,2025-08-01
14309,210,2,hogar,159.03,2025-03-10
14310,412,2,hogar,9.13,2025-09-04
14311,390,1,electronica,174.49,2025-03-08
14312,96,2,juguetes,22.82,2025-12-16
14313,566,2,electronica,84.98,2025-06-05
14314,663,3,juguetes,132.17,2025-06-28
14315,722,1,mercado,65.68,2025-12-04
14316,96,1,electronica,241.97,2025-05-10
14317,507,7,electronica,400.86,2025-10-14
14318,352,3,deportes,30.75,2025-02-12
14319,766,2,ropa,103.1,2025-09-10
14320,355,2,electronica,765.28,2025-07-09
14321,444,1,deportes,218.33,2025-11-08
14322,131,4,electronica,27.91,2025-09-13
14323,312,2,juguetes,74.5,2025-10-23
14324,176,2,juguetes,66.08,2025-07-10
14325,122,2,hogar,134.43,2025-08-20
14326,754,3,mercado,7.44,2025-10-11
14327,361,2,ropa,370.67,2025-05-28
14328,347,2,ropa,45.86,2025-05-17
14329,540,1,electronica,175.9,2025-01-06
14330,470,1,electronica,28.54,2025-06-05
14331,6,2,ropa,54.91,2025-03-06
14332,325,1,electronica,89.74,2025-12-05
14333,401,2,ropa,36.39,2025-01-18
14334,76,1,hogar,283.97,2025-09-27
14335,679,5,libros,57.16,2025-06-04
14336,702,2,electronica,552.83,2025-05-27
14337,197,1,electronica,434.74,2025-12-19
14338,35,1,deportes,79.57,2025-08-23
14339,293,3,ropa,25.39,2025-09-11
14340,192,3,libros,61.82,2025-08-03
14341,247,2,mercado,19.8,2025-07-11
14342,798,4,electronica,304.74,2025-01-04
14343,520,2,electronica,521.35,2025-10-23
14344,54,3,libros,18.52,2025-11-08
14345,444,2,electronica,184.57,2025-01-14
14346,491,6,ropa,18.44,2025-06-27
14347,449,1,electronica,140.3,2025-04-11
14348,573,1,electronica,200.38,2025-06-27
14349,736,1,mercado,23.25,2025-05-12
14350,785,1,ropa,13.62,2025-03-08
14351,705,1,hogar,422.88,2025-10-23
14352,307,1,mercado,107.01,2025-01-23
14353,268,3,electronica,73.22,2025-04-21
14354,273,2,electronica,314.96,2025-01-11
14355,493,1,deportes,105.63,2025-10-15
14356,259,2,hogar,57.99,2025-03-20
14357,11,2,hogar,247.24,2025-06-16
14358,504,1,electronica,1243.93,2025-11-06
14359,691,1,electronica,1541.74,2025-11-11
14360,298,1,ropa,64.93,2025-11-23
14361,536,4,mercado,20.02,2025-08-19
14362,106,1,mercado,39.7,2025-11-27
14363,578,3,electronica,28.14,2025-10-11
14364,163,1,mercado,51.53,2025-07-17
14365,418,3,ropa,69.43,2025-12-20
14366,428,1,hogar,109.43,2025-05-13
14367,700,2,mercado,22.49,2025-11-22
14368,157,2,electronica,341.17,2025-10-16
14369,22,2,libros,19.76,2025-03-06
14370,605,1,hogar,95.73,2025-04-28
14371,651,3,mercado,82.71,2025-09-07
14372,136,2,electronica,137.08,2025-07-18
14373,663,1,mercado,190.39,2025-08-17
14374,128,1,deportes,9.66,2025-01-11
14375,785,1,libros,24.92,2025-03-07
14376,787,1,electronica,382.92,2025-08-28
14377,339,2,electronica,241.88,2025-07-14
14378,479,6,electronica,178.73,2025-11-17
14379,366,2,deportes,134.83,2025-12-25
14380,176,3,deportes,20.84,2025-07-05
14381,463,1,mercado,22.54,2025-04-17
14382,143,5,deportes,84.93,2025-03-16
14383,509,3,libros,105.82,2025-12-28
14384,582,3,electronica,29.45,2025-11-03
14385,579,5,electronica,56.6,2025-12-13
14386,607,5,electronica,12.89,2025-08-28
14387,51,3,hogar,148.58,2025-06-11
14388,366,4,electronica,47.49,2025-05-09
14389,248,2,electronica,473.02,2025-05-10
14390,796,1,electronica,691.52,2025-10-28
14391,638,4,electronica,49.43,2025-11-04
14392,484,1,juguetes,22.09,2025-06-22
14393,746,6,electronica,220.77,2025-03-25
14394,585,2,electronica,260.32,2025-10-21
14395,735,3,deportes,143.78,2025-02-21
14396,759,7,juguetes,50.59,2025-09-02
14397,389,3,hogar,105.47,2025-08-11
14398,738,2,electronica,118.94,2025-07-23
14399,604,5,hogar,130.37,2025-12-12
14400,755,3,hogar,201.44,2025-06-20
14401,388,2,electronica,1735.61,2025-01-21
14402,86,4,ropa,65.69,2025-10-04
14403,581,4,ropa,31.52,2025-12-03
14404,792,2,ropa,197.48,2025-02-21
14405,134,2,libros,70.59,2025-12-19
14406,433,2,hogar,8.34,2025-11-17
14407,348,4,hogar,160.64,2025-12-05
14408,48,5,hogar,98.03,2025-09-02
14409,53,2,electronica,606.26,2025-07-28
14410,480,3,juguetes,278.47,2025-10-25
14411,47,3,juguetes,34.38,2025-12-17
14412,492,2,electronica,108.06,2025-04-27
14413,128,2,electronica,76.04,2025-11-13
14414,153,2,ropa,80.26,2025-11-14
14415,118,2,ropa,51.71,2025-07-26
14416,445,6,mercado,29.81,2025-07-14
14417,584,2,libros,53.79,2025-11-11
14418,413,2,electronica,9.65,2025-08-26
14419,681,5,libros,26.78,2025-11-04
14420,25,2,juguetes,44.28,2025-10-08
14421,112,1,hogar,137.03,2025-11-14
14422,664,2,mercado,66.63,2025-12-15
14423,640,2,hogar,47.76,2025-04-15
14424,351,1,ropa,159.36,2025-05-24
14425,493,1,mercado,47.99,2025-12-17
14426,586,3,juguetes,24.08,2025-02-04
14427,79,2,mercado,171.73,2025-10-11
14428,122,2,mercado,275.06,2025-02-08
14429,345,1,ropa,29.64,2025-06-09
14430,175,1,mercado,16.44,2025-03-12
14431,141,1,mercado,5.61,2025-05-09
14432,286,1,libros,48.13,2025-05-28
14433,333,4,hogar,29.54,2025-09-17
14434,3,1,electronica,300.36,2025-08-17
14435,466,1,deportes,65.74,2025-08-25
14436,279,1,juguetes,20.16,2025-01-21
14437,635,1,ropa,59.0,2025-10-25
14438,402,6,electronica,99.2,2025-01-26
14439,465,3,electronica,19.68,2025-09-03
14440,550,1,ropa,49.15,2025-05-20
14441,99,1,mercado,8.46,2025-11-14
14442,289,6,mercado,59.8,2025-11-27
14443,372,1,hogar,260.77,2025-11-10
14444,697,2,mercado,114.74,2025-06-12
14445,449,1,electronica,347.19,2025-02-23
14446,399,2,ropa,141.74,2025-09-07
14447,463,2,juguetes,41.84,2025-04-23
14448,269,1,libros,20.17,2025-08-21
14449,707,1,ropa,198.77,2025-03-14
14450,783,2,mercado,79.2,2025-06-03
14451,55,4,electronica,892.39,2025-06-10
14452,755,4,libros,6.32,2025-06-09
14453,339,2,electronica,616.15,2025-05-07
14454,29,5,ropa,25.19,2025-11-07
14455,121,2,electronica,402.04,2025-11-01
14456,12,1,electronica,750.93,2025-11-21
14457,54,1,ropa,67.51,2025-08-26
14458,206,3,ropa,255.76,2025-07-24
14459,781,1,ropa,498.06,2025-10-06
14460,741,4,ropa,58.85,2025-08-27
14461,156,1,electronica,194.09,2025-04-03
14462,389,1,mercado,119.09,2025-08-14
14463,354,5,electronica,480.51,2025-03-24
14464,595,2,mercado,86.87,2025-12-01
14465,57,3,electronica,13.69,2025-09-20
14466,540,1,electronica,215.14,2025-01-06
14467,468,4,hogar,348.52,2025-05-07
14468,598,2,mercado,16.54,2025-07-12
14469,441,7,libros,53.96,2025-04-09
14470,133,2,ropa,75.58,2025-01-19
14471,438,2,electronica,41.03,2025-03-06
14472,511,1,hogar,36.39,2025-10-21
14473,564,1,hogar,6.05,2025-05-18
14474,729,1,hogar,38.94,2025-10-12
14475,461,2,hogar,15.58,2025-02-28
14476,34,2,mercado,5.51,2025-12-05
14477,237,4,electronica,19.15,2025-10-23
14478,338,4,ropa,78.42,2025-07-20
14479,744,1,deportes,87.22,2025-09-20
14480,216,1,hogar,292.02,2025-02-13
14481,432,2,electronica,183.09,2025-05-05
14482,397,4,ropa,96.91,2025-05-01
14483,88,2,ropa,299.55,2025-10-25
14484,140,3,mercado,77.14,2025-06-04
14485,728,1,mercado,61.76,2025-04-02
14486,257,3,hogar,104.5,2025-07-12
14487,322,5,mercado,37.98,2025-05-02
14488,591,2,electronica,22.17,2025-07-22
14489,773,1,electronica,169.27,2025-09-17
14490,547,4,deportes,30.07,2025-08-22
14491,209,7,juguetes,7.5,2025-12-28
14492,603,2,ropa,67.13,2025-12-18
14493,80,2,deportes,338.01,2025-07-23
14494,375,6,ropa,202.67,2025-01-05
14495,194,2,ropa,71.33,2025-07-12
14496,490,5,juguetes,88.19,2025-10-05
14497,254,2,mercado,45.86,2025-04-01
14498,131,2,libros,5.77,2025-09-09
14499,27,7,mercado,44.79,2025-04-03
14500,529,1,electronica,195.29,2025-06-28
14501,591,1,mercado,87.12,2025-05-01
14502,183,1,juguetes,58.8,2025-12-02
14503,656,2,ropa,109.57,2025-11-04
14504,373,1,electronica,430.83,2025-04-05
14505,686,1,electronica,410.02,2025-03-15
14506,757,7,electronica,855.32,2025-08-13
14507,460,1,ropa,18.94,2025-12-18
14508,696,3,ropa,201.58,2025-05-03
14509,174,3,juguetes,91.66,2025-04-27
14510,750,1,ropa,42.8,2025-04-18
14511,469,4,ropa,82.84,2025-03-22
14512,263,5,mercado,164.02,2025-02-21
14513,101,2,hogar,85.61,2025-02-28
14514,393,1,electronica,1216.89,2025-06-27
14515,228,1,electronica,157.61,2025-07-21
14516,26,1,hogar,488.77,2025-01-22
14517,676,3,mercado,73.23,2025-09-14
14518,159,2,electronica,492.84,2025-10-23
14519,417,2,juguetes,36.83,2025-02-19
14520,45,4,libros,59.51,2025-08-10
14521,613,4,electronica,60.51,2025-04-19
14522,508,2,ropa,78.89,2025-02-17
14523,317,3,mercado,16.21,2025-11-10
14524,286,1,ropa,139.12,2025-11-04
14525,11,1,deportes,62.77,2025-05-18
14526,38,2,mercado,121.17,2025-11-26
14527,243,5,electronica,431.06,2025-03-01
14528,554,4,libros,9.65,2025-11-16
14529,254,3,ropa,5.15,2025-11-15
14530,241,1,mercado,103.79,2025-03-02
14531,403,1,electronica,27.64,2025-10-05
14532,686,2,electronica,24.35,2025-06-25
14533,567,2,deportes,137.74,2025-11-06
14534,187,2,electronica,306.09,2025-08-20
14535,676,4,mercado,14.38,2025-05-13
14536,135,2,deportes,168.41,2025-09-01
14537,728,1,ropa,31.87,2025-12-27
14538,218,3,ropa,21.95,2025-02-22
14539,162,2,deportes,159.97,2025-02-04
14540,512,4,electronica,75.21,2025-08-25
14541,643,3,ropa,28.03,2025-08-23
14542,541,2,mercado,50.08,2025-06-16
14543,195,2,ropa,31.45,2025-11-16
14544,145,1,mercado,29.73,2025-01-22
14545,492,3,mercado,75.47,2025-04-07
14546,168,1,mercado,33.83,2025-04-02
14547,81,2,libros,77.45,2025-07-16
14548,234,1,mercado,138.47,2025-01-20
14549,197,5,ropa,82.86,2025-03-06
14550,744,2,deportes,35.82,2025-04-18
14551,268,3,deportes,131.04,2025-12-27
14552,361,2,mercado,36.05,2025-11-23
14553,165,3,electronica,269.73,2025-07-27
14554,8,3,ropa,39.0,2025-09-17
14555,756,2,ropa,65.97,2025-04-14
14556,482,1,electronica,460.67,2025-10-03
14557,758,2,hogar,227.62,2025-03-03
14558,43,3,hogar,369.32,2025-12-08
14559,593,1,mercado,155.94,2025-10-13
14560,768,2,mercado,22.64,2025-06-02
14561,11,5,electronica,490.4,2025-07-27
14562,641,1,ropa,136.88,2025-05-10
14563,553,3,hogar,44.67,2025-07-07
14564,199,2,hogar,444.1,2025-04-07
14565,616,4,mercado,32.82,2025-09-09
14566,473,1,ropa,285.98,2025-02-04
14567,105,2,mercado,19.19,2025-08-11
14568,650,3,ropa,56.93,2025-12-07
14569,243,2,mercado,75.5,2025-01-09
14570,346,5,deportes,23.78,2025-12-27
14571,176,3,hogar,55.17,2025-02-20
14572,692,4,hogar,179.15,2025-08-17
14573,751,2,hogar,165.8,2025-10-15
14574,429,2,hogar,196.26,2025-04-13
14575,623,7,hogar,103.19,2025-06-09
14576,224,2,electronica,88.84,2025-04-17
14577,234,2,juguetes,23.79,2025-03-20
14578,527,7,ropa,51.64,2025-05-14
14579,335,2,mercado,23.23,2025-02-13
14580,534,3,mercado,27.13,2025-11-20
14581,774,2,electronica,215.03,2025-05-12
14582,486,6,mercado,101.05,2025-07-02
14583,330,2,ropa,15.22,2025-03-05
14584,417,3,mercado,83.97,2025-06-10
14585,111,4,ropa,151.28,2025-12-24
14586,742,1,deportes,8.5,2025-02-24
14587,134,3,mercado,12.47,2025-04-04
14588,493,4,electronica,478.42,2025-05-04
14589,7,2,ropa,84.05,2025-03-09
14590,198,4,electronica,194.44,2025-02-21
14591,202,2,hogar,375.01,2025-02-18
14592,123,2,mercado,168.78,2025-12-17
14593,211,2,mercado,90.75,2025-07-24
14594,510,3,electronica,480.27,2025-04-22
14595,295,1,libros,36.42,2025-03-23
14596,719,2,ropa,17.22,2025-02-02
14597,390,1,juguetes,49.76,2025-11-12
14598,407,3,electronica,845.14,2025-02-14
14599,546,6,mercado,49.06,2025-06-13
14600,5,1,hogar,189.43,2025-08-16
14601,792,4,mercado,33.82,2025-06-20
14602,798,1,hogar,187.43,2025-05-02
14603,38,1,ropa,18.89,2025-03-23
14604,23,4,libros,31.86,2025-07-18
14605,212,1,mercado,173.92,2025-12-16
14606,393,1,libros,81.46,2025-11-23
14607,13,4,electronica,299.0,2025-12-09
14608,423,4,hogar,21.41,2025-08-12
14609,496,2,mercado,25.8,2025-11-24
14610,458,1,ropa,57.56,2025-05-20
14611,266,1,electronica,553.46,2025-10-19
14612,66,2,ropa,10.93,2025-09-23
14613,655,2,deportes,39.83,2025-08-14
14614,86,2,mercado,26.16,2025-11-06
14615,593,2,ropa,72.04,2025-04-15
14616,324,5,libros,44.8,2025-01-19
14617,208,4,electronica,21.21,2025-08-14
14618,530,2,mercado,180.76,2025-02-10
14619,674,4,electronica,157.48,2025-04-01
14620,352,7,electronica,308.24,2025-08-14
14621,39,2,hogar,391.29,2025-03-12
14622,302,1,ropa,51.87,2025-05-13
14623,548,1,libros,136.9,2025-02-12
14624,165,6,libros,5.66,2025-09-01
14625,522,5,mercado,37.29,2025-01-24
14626,345,1,libros,20.28,2025-09-03
14627,84,1,hogar,265.86,2025-04-18
14628,316,2,electronica,139.11,2025-09-24
14629,446,3,mercado,121.55,2025-12-14
14630,108,2,ropa,15.79,2025-12-03
14631,330,1,hogar,22.96,2025-07-12
14632,766,4,electronica,88.53,2025-09-05
14633,207,5,juguetes,7.67,2025-07-02
14634,326,2,ropa,44.08,2025-10-28
14635,445,2,juguetes,37.36,2025-10-09
14636,564,5,libros,75.18,2025-02-20
14637,478,2,mercado,160.98,2025-06-10
14638,696,4,electronica,619.3,2025-05-11
14639,795,3,mercado,122.12,2025-11-08
14640,539,1,ropa,122.24,2025-08-10
14641,403,2,ropa,193.19,2025-10-01
14642,546,2,libros,136.21,2025-10-06
14643,528,3,electronica,446.15,2025-07-03
14644,488,1,ropa,153.83,2025-03-16
14645,158,3,hogar,35.13,2025-09-01
14646,257,1,hogar,76.62,2025-08-20
14647,678,1,libros,82.09,2025-01-23
14648,726,6,ropa,188.51,2025-12-06
14649,255,7,electronica,814.37,2025-12-22
14650,329,6,libros,14.61,2025-09-04
14651,148,2,deportes,234.08,2025-10-07
14652,608,2,hogar,452.86,2025-10-03
14653,202,1,deportes,239.76,2025-03-21
14654,589,1,hogar,271.53,2025-11-10
14655,438,6,electronica,65.14,2025-09-04
14656,142,2,electronica,712.14,2025-11-06
14657,770,1,mercado,25.56,2025-08-16
14658,496,2,libros,12.14,2025-04-07
14659,496,1,libros,30.02,2025-11-14
14660,446,2,juguetes,65.77,2025-02-24
14661,60,4,ropa,44.82,2025-12-17
14662,382,1,ropa,105.36,2025-11-05
14663,570,2,mercado,28.09,2025-08-27
14664,309,7,electronica,543.51,2025-06-16
14665,437,1,mercado,63.92,2025-01-01
14666,19,2,libros,23.92,2025-09-26
14667,193,2,juguetes,64.58,2025-09-27
14668,141,7,deportes,243.59,2025-04-22
14669,165,1,hogar,57.33,2025-03-04
14670,523,2,hogar,73.53,2025-03-27
14671,597,3,ropa,12.59,2025-08-02
14672,38,1,mercado,14.39,2025-11-09
14673,245,2,ropa,188.15,2025-09-03
14674,226,1,ropa,97.13,2025-02-25
14675,731,1,mercado,7.68,2025-02-04
14676,144,2,hogar,89.8,2025-06-10
14677,674,1,deportes,44.66,2025-01-01
14678,747,1,electronica,519.86,2025-04-10
14679,356,2,ropa,42.81,2025-06-07
14680,340,3,deportes,20.02,2025-09-17
14681,405,2,deportes,47.08,2025-08-12
14682,245,4,electronica,514.72,2025-01-08
14683,151,3,hogar,54.49,2025-08-05
14684,591,3,libros,21.73,2025-07-26
14685,681,3,mercado,123.35,2025-10-09
14686,242,1,deportes,258.94,2025-12-23
14687,741,2,mercado,74.17,2025-09-23
14688,147,1,ropa,76.54,2025-05-13
14689,713,4,mercado,9.26,2025-03-13
14690,572,2,deportes,14.88,2025-11-24
14691,658,1,libros,69.11,2025-04-24
14692,285,2,electronica,725.85,2025-09-06
14693,443,1,ropa,70.15,2025-10-04
14694,39,6,ropa,9.49,2025-03-21
14695,19,2,hogar,14.45,2025-11-08
14696,658,2,electronica,461.15,2025-01-01
14697,562,1,mercado,104.25,2025-01-28
14698,215,7,ropa,25.65,2025-12-07
14699,25,1,electronica,1277.25,2025-10-04
14700,554,6,mercado,44.29,2025-12-25
14701,335,1,electronica,193.82,2025-05-05
14702,192,1,juguetes,6.88,2025-10-07
14703,403,2,hogar,53.77,2025-08-06
14704,712,3,mercado,53.47,2025-12-04
14705,644,2,deportes,693.96,2025-04-13
14706,120,2,ropa,28.89,2025-01-05
14707,333,3,ropa,105.51,2025-02-15
14708,469,2,electronica,403.26,2025-08-17
14709,233,3,ropa,29.28,2025-06-07
14710,583,4,mercado,182.58,2025-10-01
14711,704,1,libros,16.05,2025-11-02
14712,403,1,juguetes,110.81,2025-08-19
14713,189,1,ropa,47.94,2025-08-12
14714,756,7,mercado,33.51,2025-08-18
14715,384,4,ropa,46.8,2025-01-10
14716,39,2,mercado,12.84,2025-01-07
14717,656,3,mercado,17.8,2025-10-20
14718,628,4,electronica,289.49,2025-03-26
14719,687,2,juguetes,7.62,2025-09-23
14720,107,1,electronica,641.29,2025-03-07
14721,324,2,juguetes,54.98,2025-09-10
14722,645,3,mercado,40.55,2025-07-11
14723,414,2,mercado,18.47,2025-10-22
14724,647,3,electronica,266.24,2025-03-07
14725,327,1,hogar,236.06,2025-08-12
14726,201,1,libros,86.87,2025-10-17
14727,136,4,deportes,119.95,2025-04-25
14728,121,7,electronica,405.39,2025-12-04
14729,354,4,mercado,118.33,2025-03-27
14730,353,1,deportes,6.59,2025-09-12
14731,259,2,electronica,76.86,2025-07-09
14732,480,2,electronica,434.02,2025-06-04
14733,578,1,libros,26.6,2025-04-07
14734,99,4,hogar,30.73,2025-05-18
14735,519,2,electronica,371.83,2025-08-14
14736,399,2,electronica,142.69,2025-03-23
14737,791,3,libros,33.26,2025-09-05
14738,422,4,hogar,214.29,2025-05-25
14739,289,2,electronica,486.48,2025-12-27
14740,764,2,hogar,87.42,2025-09-04
14741,609,2,electronica,382.69,2025-09-03
14742,632,1,deportes,13.26,2025-02-11
14743,63,3,mercado,43.7,2025-12-17
14744,640,2,libros,44.02,2025-07-17
14745,422,1,ropa,19.3,2025-12-26
14746,794,6,ropa,105.62,2025-04-04
14747,203,3,mercado,6.37,2025-02-12
14748,107,2,mercado,40.13,2025-03-26
14749,757,2,ropa,116.82,2025-01-22
14750,715,1,electronica,64.95,2025-07-28
14751,373,2,electronica,60.11,2025-02-27
14752,505,1,ropa,52.37,2025-03-27
14753,114,3,ropa,131.53,2025-02-18
14754,632,4,deportes,153.2,2025-02-17
14755,736,4,electronica,156.44,2025-01-24
14756,356,5,mercado,28.13,2025-02-11
14757,519,1,hogar,5.73,2025-11-16
14758,532,7,ropa,138.03,2025-02-01
14759,547,2,ropa,48.47,2025-06-04
14760,426,4,ropa,203.97,2025-10-07
14761,295,7,electronica,230.99,2025-01-10
14762,516,6,hogar,19.8,2025-03-07
14763,447,2,juguetes,84.6,2025-01-09
14764,572,6,mercado,7.49,2025-08-03
14765,284,3,ropa,93.66,2025-03-16
14766,113,1,ropa,172.01,2025-09-28
14767,457,2,ropa,209.7,2025-01-25
14768,681,6,electronica,149.24,2025-01-20
14769,227,4,hogar,108.46,2025-11-14
14770,438,3,hogar,177.43,2025-08-16
14771,771,3,juguetes,99.7,2025-08-16
14772,2,3,ropa,19.86,2025-07-28
14773,80,2,deportes,59.35,2025-11-13
14774,415,1,ropa,295.0,2025-06-23
14775,224,3,deportes,67.27,2025-05-17
14776,464,2,ropa,139.35,2025-12-07
14777,44,2,electronica,143.7,2025-10-17
14778,534,5,libros,6.55,2025-12-23
14779,21,2,ropa,11.59,2025-11-25
14780,59,2,electronica,109.36,2025-07-17
14781,366,1,mercado,7.21,2025-12-13
14782,515,1,electronica,583.92,2025-01-24
14783,592,2,libros,10.57,2025-05-12
14784,609,4,ropa,40.76,2025-11-27
14785,577,1,ropa,10.2,2025-04-06
14786,705,1,ropa,73.64,2025-08-06
14787,435,3,libros,7.8,2025-02-10
14788,425,1,hogar,93.34,2025-11-06
14789,251,1,ropa,498.96,2025-02-18
14790,224,1,hogar,166.28,2025-06-07
14791,503,4,mercado,40.87,2025-09-18
14792,138,2,ropa,84.48,2025-04-13
14793,150,2,electronica,1800.14,2025-03-16
14794,673,2,libros,65.92,2025-02-11
14795,151,2,mercado,143.51,2025-11-14
14796,38,1,hogar,155.99,2025-01-12
14797,797,1,ropa,106.36,2025-12-15
14798,67,1,electronica,80.04,2025-02-07
14799,471,3,electronica,296.74,2025-09-21
14800,611,6,hogar,83.86,2025-06-28
14801,332,5,juguetes,27.77,2025-02-13
14802,66,4,electronica,308.19,2025-07-24
14803,534,3,mercado,14.55,2025-02-11
14804,452,3,ropa,32.3,2025-03-04
14805,459,4,electronica,109.85,2025-10-02
14806,45,4,hogar,281.96,2025-10-22
14807,316,6,libros,5.6,2025-01-27
14808,149,2,electronica,156.15,2025-12-04
14809,365,5,mercado,77.21,2025-02-10
14810,69,5,electronica,921.66,2025-10-11
14811,1,3,electronica,293.73,2025-07-01
14812,485,2,electronica,666.48,2025-05-07
14813,162,4,mercado,78.82,2025-09-20
14814,211,1,mercado,124.72,2025-03-20
14815,664,2,electronica,230.0,2025-06-22
14816,698,1,libros,155.78,2025-11-24
14817,266,2,electronica,27.47,2025-12-25
14818,23,4,deportes,47.67,2025-10-21
14819,333,1,mercado,114.07,2025-06-24
14820,752,2,electronica,757.78,2025-02-12
14821,771,6,deportes,204.45,2025-12-21
14822,527,1,electronica,63.71,2025-03-21
14823,441,2,mercado,24.4,2025-01-25
14824,222,2,hogar,69.72,2025-05-17
14825,552,5,electronica,380.19,2025-09-13
14826,431,4,electronica,862.24,2025-10-01
14827,639,2,hogar,85.74,2025-11-08
14828,252,2,ropa,18.95,2025-11-21
14829,581,2,hogar,333.09,2025-06-03
14830,364,5,mercado,35.36,2025-08-04
14831,517,1,juguetes,39.85,2025-01-20
14832,426,2,electronica,37.77,2025-09-06
14833,560,3,electronica,5.91,2025-09-19
14834,156,1,hogar,39.53,2025-02-01
14835,308,3,deportes,254.96,2025-07-11
14836,591,3,juguetes,32.71,2025-01-17
14837,610,2,electronica,532.17,2025-04-12
14838,183,3,ropa,29.37,2025-05-28
14839,226,2,ropa,52.29,2025-12-11
14840,1,2,ropa,10.76,2025-05-27
14841,427,5,hogar,5.81,2025-01-21
14842,344,2,hogar,40.48,2025-08-25
14843,724,1,ropa,99.23,2025-01-22
14844,573,5,electronica,791.6,2025-05-20
14845,44,1,hogar,136.3,2025-01-18
14846,779,7,electronica,190.11,2025-11-05
14847,253,2,libros,7.98,2025-06-20
14848,98,1,electronica,283.6,2025-07-06
14849,580,1,ropa,116.17,2025-09-17
14850,753,2,deportes,173.53,2025-06-16
14851,575,2,hogar,73.32,2025-08-01
14852,656,1,mercado,17.04,2025-03-04
14853,701,4,electronica,512.25,2025-01-05
14854,318,2,electronica,799.45,2025-12-11
14855,760,1,mercado,91.93,2025-02-13
14856,430,2,mercado,111.59,2025-04-10
14857,681,2,electronica,114.47,2025-08-14
14858,415,3,electronica,193.43,2025-09-01
14859,719,2,electronica,129.1,2025-08-13
14860,561,1,ropa,55.23,2025-04-27
14861,736,2,ropa,49.36,2025-08-20
14862,586,2,electronica,748.99,2025-09-17
14863,639,3,electronica,788.4,2025-03-16
14864,360,4,hogar,112.32,2025-06-24
14865,47,2,hogar,118.55,2025-03-12
14866,274,6,mercado,112.69,2025-11-04
14867,616,2,hogar,281.46,2025-09-04
14868,302,2,electronica,193.56,2025-01-10
14869,579,3,mercado,62.14,2025-09-02
14870,567,3,mercado,125.47,2025-07-20
14871,387,1,mercado,62.85,2025-07-21
14872,256,1,electronica,404.56,2025-09-05
14873,491,3,mercado,84.91,2025-01-21
14874,739,2,ropa,73.83,2025-02-05
14875,150,1,electronica,25.94,2025-04-07
14876,554,4,libros,164.52,2025-02-01
14877,589,3,hogar,437.45,2025-07-02
14878,68,1,mercado,20.54,2025-08-02
14879,94,3,hogar,177.17,2025-04-17
14880,458,7,mercado,10.76,2025-11-10
14881,670,2,ropa,64.06,2025-07-02
14882,664,5,electronica,43.47,2025-11-14
14883,93,1,mercado,23.16,2025-08-06
14884,616,2,hogar,54.63,2025-10-04
14885,629,1,mercado,19.44,2025-09-20
14886,351,5,electronica,153.0,2025-02-21
14887,247,2,ropa,101.0,2025-04-06
14888,315,2,juguetes,171.42,2025-01-24
14889,125,2,electronica,90.59,2025-01-22
14890,559,2,libros,94.42,2025-10-22
14891,684,2,deportes,68.38,2025-05-21
14892,135,2,libros,16.36,2025-04-24
14893,168,3,electronica,219.33,2025-08-25
14894,738,3,deportes,36.72,2025-01-23
14895,389,1,hogar,36.47,2025-10-15
14896,115,6,electronica,10.65,2025-08-23
14897,663,2,deportes,42.93,2025-07-10
14898,291,6,juguetes,25.97,2025-05-10
14899,29,2,mercado,40.79,2025-10-15
14900,689,2,deportes,49.62,2025-06-07
14901,90,3,ropa,168.16,2025-12-02
14902,150,1,mercado,14.98,2025-07-03
14903,736,2,electronica,20.57,2025-09-10
14904,168,2,deportes,449.54,2025-01-07
14905,599,3,juguetes,37.26,2025-08-21
14906,682,1,juguetes,95.22,2025-05-26
14907,543,2,libros,35.26,2025-07-22
14908,773,1,electronica,288.43,2025-09-25
14909,780,1,juguetes,16.87,2025-09-26
14910,623,3,ropa,33.7,2025-11-01
14911,671,2,hogar,53.0,2025-08-21
14912,778,2,hogar,43.16,2025-08-05
14913,586,1,deportes,51.62,2025-10-26
14914,205,3,ropa,72.23,2025-08-27
14915,209,3,electronica,54.65,2025-06-12
14916,478,7,electronica,330.82,2025-12-13
14917,272,1,ropa,244.93,2025-05-26
14918,395,1,mercado,138.25,2025-07-26
14919,456,1,mercado,34.1,2025-09-28
14920,556,2,mercado,16.86,2025-01-06
14921,564,2,mercado,119.85,2025-12-09
14922,92,1,deportes,41.93,2025-09-18
14923,491,4,mercado,61.72,2025-12-26
14924,324,1,ropa,133.99,2025-02-24
14925,189,7,deportes,402.83,2025-06-14
14926,331,1,mercado,39.55,2025-06-03
14927,17,1,deportes,34.64,2025-02-20
14928,194,2,electronica,22.66,2025-06-07
14929,761,6,hogar,168.36,2025-10-23
14930,385,3,ropa,196.1,2025-05-21
14931,716,4,hogar,167.65,2025-07-05
14932,448,1,electronica,32.16,2025-07-15
14933,63,3,electronica,83.5,2025-01-21
14934,376,2,electronica,548.38,2025-03-04
14935,425,1,ropa,60.06,2025-08-12
14936,468,4,ropa,28.03,2025-08-10
14937,347,1,electronica,36.43,2025-05-22
14938,150,2,electronica,23.37,2025-12-06
14939,364,3,mercado,14.5,2025-11-21
14940,76,3,deportes,82.38,2025-10-02
14941,552,1,libros,113.35,2025-11-27
14942,542,1,mercado,21.25,2025-12-11
14943,745,1,deportes,5.67,2025-10-06
14944,519,4,mercado,172.42,2025-02-20
14945,131,1,hogar,41.46,2025-09-18
14946,404,2,electronica,198.03,2025-12-06
14947,531,1,electronica,138.86,2025-03-07
14948,434,1,mercado,24.11,2025-08-22
14949,421,3,hogar,185.68,2025-10-08
14950,488,7,electronica,619.05,2025-06-18
14951,365,5,hogar,14.16,2025-07-16
14952,418,3,electronica,30.35,2025-01-05
14953,143,7,electronica,29.57,2025-05-25
14954,106,7,mercado,21.15,2025-08-14
14955,136,1,electronica,30.82,2025-03-16
14956,379,3,libros,188.79,2025-06-25
14957,342,5,deportes,27.15,2025-09-24
14958,627,1,hogar,42.5,2025-04-07
14959,262,2,ropa,100.42,2025-09-20
14960,729,5,ropa,78.43,2025-03-20
14961,14,2,hogar,133.99,2025-03-13
14962,112,2,electronica,17.37,2025-09-01
14963,262,2,ropa,16.72,2025-12-05
14964,656,3,hogar,99.59,2025-12-25
14965,798,1,electronica,240.75,2025-02-08
14966,477,2,ropa,19.94,2025-07-21
14967,213,2,mercado,44.71,2025-02-21
14968,241,2,mercado,132.54,2025-09-28
14969,458,1,mercado,34.37,2025-05-08
14970,713,3,electronica,100.69,2025-04-05
14971,517,1,juguetes,31.05,2025-02-21
14972,572,1,ropa,10.4,2025-06-23
14973,729,3,deportes,37.13,2025-01-10
14974,607,1,mercado,60.11,2025-11-05
14975,742,1,ropa,57.76,2025-08-16
14976,570,5,ropa,45.5,2025-12-16
14977,373,2,hogar,172.96,2025-04-16
14978,285,4,hogar,201.68,2025-06-16
14979,341,2,electronica,349.33,2025-10-25
14980,256,2,ropa,109.89,2025-03-01
14981,502,1,electronica,940.14,2025-04-09
14982,284,3,electronica,205.8,2025-08-04
14983,53,3,mercado,86.19,2025-06-13
14984,367,3,ropa,138.06,2025-01-23
14985,784,4,mercado,41.78,2025-08-25
14986,489,2,electronica,55.0,2025-12-18
14987,163,1,mercado,20.08,2025-07-09
14988,721,2,electronica,123.56,2025-10-05
14989,370,2,hogar,7.75,2025-06-11
14990,30,2,ropa,10.29,2025-05-08
14991,603,2,electronica,176.63,2025-08-21
14992,399,3,mercado,56.14,2025-01-10
14993,518,3,electronica,132.8,2025-11-18
14994,574,2,hogar,127.2,2025-11-25
14995,632,7,ropa,130.62,2025-01-24
14996,609,4,hogar,284.53,2025-10-22
14997,357,6,electronica,362.33,2025-04-22
14998,267,1,ropa,135.75,2025-04-25
14999,215,4,mercado,26.3,2025-11-04
15000,78,3,deportes,38.2,2025-10-06
15001,395,2,mercado,20.65,2025-11-20
15002,702,7,deportes,41.77,2025-06-16
15003,119,3,ropa,37.79,2025-09-06
15004,254,1,electronica,565.04,2025-04-17
15005,22,1,hogar,175.12,2025-02-14
15006,383,1,libros,16.25,2025-10-28
15007,756,2,libros,55.22,2025-11-02
15008,21,6,mercado,112.54,2025-11-08
15009,603,1,mercado,103.7,2025-11-28
15010,726,1,electronica,54.19,2025-12-03
15011,392,4,electronica,198.55,2025-03-27
15012,537,7,mercado,27.63,2025-04-09
15013,291,2,electronica,304.78,2025-12-22
15014,50,2,electronica,165.98,2025-07-24
15015,312,2,deportes,180.69,2025-02-28
15016,527,2,juguetes,20.83,2025-11-05
15017,623,2,libros,227.1,2025-03-05
15018,452,1,deportes,73.74,2025-07-01
15019,286,3,mercado,91.61,2025-05-07
15020,527,2,ropa,17.33,2025-05-18
15021,18,2,ropa,46.25,2025-03-14
15022,307,1,hogar,72.89,2025-05-10
15023,708,2,hogar,359.67,2025-01-11
15024,605,6,electronica,308.75,2025-08-21
15025,237,3,deportes,233.64,2025-09-07
15026,45,2,electronica,222.12,2025-01-28
15027,679,3,deportes,349.37,2025-11-21
15028,725,7,ropa,17.9,2025-08-03
15029,747,5,mercado,22.52,2025-04-26
15030,685,4,libros,44.41,2025-06-18
15031,764,3,hogar,262.34,2025-06-13
15032,597,3,mercado,193.18,2025-03-09
15033,43,2,deportes,591.17,2025-02-18
15034,762,4,electronica,371.64,2025-10-07
15035,692,2,ropa,29.13,2025-03-17
15036,430,4,hogar,298.02,2025-11-05
15037,525,4,mercado,38.0,2025-11-28
15038,47,1,deportes,70.74,2025-02-07
15039,639,2,mercado,158.03,2025-09-24
15040,635,3,deportes,17.34,2025-08-27
15041,469,2,hogar,19.52,2025-07-17
15042,394,2,electronica,420.22,2025-01-03
15043,280,1,mercado,187.77,2025-04-07
15044,339,2,electronica,314.93,2025-12-20
15045,348,1,libros,33.4,2025-03-14
15046,570,2,mercado,37.35,2025-10-17
15047,762,2,electronica,151.27,2025-06-14
15048,244,2,ropa,97.69,2025-12-25
15049,349,2,hogar,409.57,2025-08-12
15050,118,2,electronica,582.78,2025-08-07
15051,212,2,ropa,42.84,2025-01-22
15052,456,1,ropa,34.48,2025-07-02
15053,29,1,hogar,22.17,2025-10-03
15054,665,2,deportes,78.04,2025-01-27
15055,168,1,mercado,49.09,2025-02-25
15056,291,3,electronica,144.32,2025-08-02
15057,204,2,electronica,108.05,2025-12-21
15058,581,1,ropa,174.5,2025-12-22
15059,113,2,electronica,336.04,2025-04-05
15060,30,4,ropa,16.81,2025-07-21
15061,121,2,ropa,164.43,2025-04-26
15062,78,4,electronica,433.99,2025-11-20
15063,417,4,electronica,327.73,2025-06-11
15064,527,2,deportes,7.36,2025-12-12
15065,338,3,electronica,356.11,2025-08-22
15066,181,2,mercado,8.48,2025-06-05
15067,283,1,electronica,26.65,2025-08-12
15068,53,1,libros,250.05,2025-04-23
15069,373,2,ropa,23.11,2025-02-27
15070,113,1,mercado,15.52,2025-05-06
15071,27,1,mercado,36.19,2025-07-23
15072,243,6,mercado,74.1,2025-10-11
15073,144,1,libros,51.21,2025-12-25
15074,173,2,ropa,104.89,2025-09-24
15075,319,6,electronica,249.89,2025-08-25
15076,132,3,libros,19.33,2025-03-23
15077,739,1,ropa,94.17,2025-11-19
15078,578,2,electronica,14.54,2025-09-25
15079,159,1,hogar,31.86,2025-07-06
15080,176,4,mercado,28.48,2025-03-13
15081,56,2,libros,11.53,2025-03-28
15082,559,3,deportes,61.28,2025-06-08
15083,313,2,mercado,51.97,2025-04-09
15084,57,1,ropa,101.03,2025-06-11
15085,776,5,hogar,57.21,2025-09-27
15086,485,2,hogar,87.83,2025-05-27
15087,713,7,hogar,48.74,2025-09-09
15088,250,3,hogar,440.9,2025-04-03
15089,709,2,ropa,12.16,2025-06-11
15090,451,1,hogar,438.76,2025-11-06
15091,41,2,hogar,239.11,2025-08-14
15092,512,2,mercado,5.53,2025-11-08
15093,495,2,mercado,70.06,2025-10-16
15094,635,7,ropa,84.17,2025-12-26
15095,537,1,hogar,589.54,2025-08-19
15096,52,1,hogar,146.89,2025-06-06
15097,67,3,mercado,6.02,2025-01-18
15098,168,1,ropa,45.14,2025-04-03
15099,658,3,mercado,102.34,2025-05-25
15100,601,1,ropa,12.04,2025-09-17
15101,488,2,hogar,38.36,2025-06-20
15102,519,2,mercado,129.9,2025-07-16
15103,283,4,electronica,48.53,2025-11-22
15104,59,3,mercado,58.27,2025-02-15
15105,604,1,ropa,181.29,2025-03-19
15106,751,2,electronica,218.86,2025-07-26
15107,193,4,electronica,1078.92,2025-09-06
15108,364,4,deportes,173.16,2025-09-02
15109,575,1,electronica,991.6,2025-09-25
15110,770,5,electronica,271.77,2025-05-03
15111,457,5,deportes,235.11,2025-04-28
15112,67,2,hogar,49.25,2025-02-26
15113,169,1,libros,33.35,2025-10-21
15114,256,1,deportes,101.67,2025-02-18
15115,388,2,electronica,245.27,2025-05-16
15116,274,1,ropa,42.3,2025-05-11
15117,485,3,electronica,43.34,2025-01-17
15118,317,2,electronica,358.04,2025-07-07
15119,135,2,ropa,58.82,2025-02-19
15120,294,1,electronica,29.15,2025-02-15
15121,418,4,mercado,77.12,2025-05-15
15122,575,2,ropa,157.83,2025-01-08
15123,73,3,libros,37.43,2025-01-28
15124,505,2,mercado,65.83,2025-09-26
15125,731,2,mercado,51.78,2025-11-03
15126,487,2,hogar,217.75,2025-02-12
15127,3,4,mercado,24.8,2025-03-13
15128,7,2,deportes,47.29,2025-08-20
15129,23,2,deportes,159.05,2025-05-12
15130,769,2,mercado,59.86,2025-10-05
15131,337,1,hogar,30.61,2025-04-12
15132,378,2,juguetes,34.65,2025-07-15
15133,519,4,ropa,90.0,2025-03-20
15134,503,3,mercado,26.85,2025-02-23
15135,658,2,juguetes,96.4,2025-04-13
15136,698,2,juguetes,71.2,2025-08-09
15137,120,2,deportes,69.73,2025-11-17
15138,451,5,electronica,725.96,2025-04-11
15139,716,4,electronica,475.97,2025-02-04
15140,702,1,mercado,34.79,2025-06-04
15141,624,3,mercado,107.58,2025-11-10
15142,30,3,electronica,143.23,2025-07-26
15143,719,1,mercado,38.85,2025-08-16
15144,318,2,deportes,228.57,2025-01-05
15145,248,2,mercado,18.01,2025-03-04
15146,376,3,hogar,89.12,2025-10-01
15147,193,6,electronica,25.47,2025-04-06
15148,788,1,mercado,69.98,2025-08-17
15149,448,2,hogar,12.71,2025-06-08
15150,504,2,electronica,80.6,2025-08-13
15151,773,2,libros,11.47,2025-10-25
15152,543,2,electronica,170.2,2025-11-22
15153,374,3,ropa,138.0,2025-10-23
15154,89,1,ropa,9.76,2025-08-08
15155,686,2,electronica,178.17,2025-10-01
15156,290,1,ropa,48.74,2025-07-24
15157,784,1,mercado,18.32,2025-01-27
15158,465,2,electronica,145.17,2025-03-23
15159,367,1,ropa,75.59,2025-02-02
15160,173,2,juguetes,25.87,2025-03-17
15161,383,2,mercado,174.51,2025-12-12
15162,564,3,mercado,8.9,2025-09-24
15163,433,1,ropa,27.75,2025-09-18
15164,276,1,mercado,54.0,2025-05-25
15165,467,5,mercado,10.46,2025-09-06
15166,620,2,hogar,93.4,2025-10-01
15167,265,1,libros,197.68,2025-09-01
15168,96,5,ropa,178.13,2025-11-25
15169,163,1,mercado,97.03,2025-04-20
15170,413,1,mercado,23.71,2025-09-22
15171,372,1,libros,8.85,2025-03-17
15172,610,2,ropa,62.44,2025-12-13
15173,636,5,electronica,84.24,2025-01-09
15174,608,6,electronica,767.8,2025-03-08
15175,662,1,electronica,154.17,2025-02-06
15176,30,3,ropa,81.48,2025-04-28
15177,601,2,deportes,14.37,2025-02-21
15178,329,1,mercado,6.07,2025-06-26
15179,577,3,hogar,63.13,2025-04-05
15180,70,1,mercado,86.28,2025-09-26
15181,274,2,mercado,46.81,2025-11-27
15182,459,1,hogar,19.98,2025-07-21
15183,408,1,mercado,24.55,2025-02-23
15184,419,3,mercado,36.7,2025-06-09
15185,630,6,electronica,932.08,2025-05-18
15186,52,3,ropa,183.63,2025-01-13
15187,301,1,mercado,9.36,2025-11-11
15188,438,5,libros,15.21,2025-02-04
15189,226,2,mercado,50.72,2025-12-11
15190,475,7,ropa,141.08,2025-02-19
15191,55,2,hogar,76.79,2025-04-28
15192,414,3,libros,42.99,2025-03-26
15193,77,1,mercado,63.9,2025-10-05
15194,103,1,deportes,246.59,2025-01-19
15195,712,1,electronica,137.61,2025-12-19
15196,39,2,hogar,439.36,2025-10-13
15197,585,1,ropa,32.72,2025-01-14
15198,202,2,electronica,86.72,2025-05-22
15199,777,4,mercado,30.51,2025-03-08
15200,130,2,ropa,76.44,2025-01-27
15201,65,3,electronica,281.68,2025-09-13
15202,718,3,hogar,26.58,2025-06-07
15203,666,2,hogar,89.71,2025-03-23
15204,15,1,electronica,811.24,2025-11-27
15205,652,2,ropa,20.06,2025-03-28
15206,535,2,hogar,135.86,2025-02-16
15207,759,2,electronica,172.04,2025-07-10
15208,691,2,mercado,18.04,2025-11-18
15209,465,1,deportes,133.22,2025-05-07
15210,383,3,ropa,84.11,2025-03-18
15211,67,2,ropa,42.45,2025-04-18
15212,175,2,electronica,948.14,2025-10-07
15213,537,1,electronica,44.46,2025-07-12
15214,644,2,hogar,87.33,2025-03-17
15215,145,5,electronica,180.72,2025-12-16
15216,82,7,ropa,71.96,2025-06-19
15217,154,2,libros,108.13,2025-05-09
15218,20,3,mercado,23.91,2025-10-21
15219,393,1,hogar,122.63,2025-09-16
15220,565,1,deportes,96.77,2025-04-19
15221,495,1,mercado,223.38,2025-08-01
15222,60,1,electronica,484.28,2025-07-18
15223,80,3,electronica,670.25,2025-04-03
15224,432,4,ropa,47.07,2025-02-14
15225,698,1,electronica,165.73,2025-07-26
15226,15,2,deportes,80.53,2025-07-07
15227,543,1,electronica,66.19,2025-12-22
15228,719,1,juguetes,19.93,2025-03-06
15229,776,2,electronica,170.83,2025-12-07
15230,242,2,ropa,21.33,2025-05-21
15231,380,1,electronica,229.93,2025-02-23
15232,644,2,electronica,227.48,2025-08-08
15233,346,2,mercado,54.42,2025-04-06
15234,481,2,juguetes,15.36,2025-08-19
15235,779,1,libros,11.63,2025-01-12
15236,70,1,hogar,6.7,2025-05-04
15237,533,1,ropa,136.21,2025-01-23
15238,365,2,mercado,94.48,2025-02-06
15239,49,3,mercado,20.12,2025-01-17
15240,645,6,libros,49.23,2025-10-26
15241,350,5,ropa,39.43,2025-01-16
15242,23,2,juguetes,59.28,2025-05-21
15243,66,2,electronica,276.85,2025-02-01
15244,98,3,electronica,72.75,2025-07-04
15245,459,2,electronica,9.66,2025-09-20
15246,792,1,deportes,58.39,2025-10-28
15247,675,1,ropa,113.47,2025-08-24
15248,202,1,hogar,171.82,2025-06-22
15249,384,1,mercado,7.24,2025-09-12
15250,181,1,electronica,457.77,2025-03-26
15251,559,1,ropa,7.88,2025-06-18
15252,416,4,ropa,139.41,2025-04-18
15253,247,3,juguetes,24.7,2025-08-20
15254,329,3,mercado,41.95,2025-05-03
15255,67,2,mercado,49.91,2025-03-10
15256,395,2,ropa,75.91,2025-01-21
15257,166,2,mercado,212.11,2025-12-26
15258,765,2,electronica,161.34,2025-08-06
15259,98,1,ropa,604.4,2025-10-10
15260,391,2,hogar,329.79,2025-05-24
15261,330,2,hogar,277.18,2025-11-23
15262,756,1,libros,11.09,2025-06-19
15263,474,1,hogar,29.56,2025-05-14
15264,438,1,mercado,28.04,2025-08-26
15265,370,4,libros,48.78,2025-08-14
15266,291,1,electronica,411.5,2025-10-24
15267,356,4,libros,57.42,2025-05-04
15268,333,2,hogar,75.89,2025-03-16
15269,443,3,ropa,43.6,2025-05-20
15270,351,2,mercado,28.81,2025-06-28
15271,615,2,hogar,252.46,2025-02-18
15272,407,3,mercado,129.71,2025-04-09
15273,217,4,ropa,139.43,2025-02-24
15274,33,2,ropa,5.63,2025-08-27
15275,785,1,ropa,12.12,2025-12-22
15276,477,1,electronica,404.34,2025-01-14
15277,305,2,electronica,402.02,2025-11-25
15278,102,7,electronica,200.48,2025-09-06
15279,652,3,hogar,110.08,2025-11-04
15280,193,3,mercado,110.06,2025-07-13
15281,44,2,mercado,13.23,2025-06-04
15282,617,6,electronica,2034.95,2025-08-12
15283,186,1,hogar,63.95,2025-08-28
15284,460,1,hogar,46.5,2025-12-12
15285,615,2,hogar,143.21,2025-11-27
15286,644,1,juguetes,46.04,2025-05-12
15287,543,1,juguetes,69.52,2025-10-01
15288,156,1,hogar,28.44,2025-12-24
15289,25,4,deportes,139.04,2025-05-23
15290,33,3,mercado,55.25,2025-05-18
15291,54,1,electronica,504.13,2025-01-21
15292,6,6,ropa,7.44,2025-11-11
15293,45,2,ropa,159.56,2025-08-28
15294,533,2,mercado,84.77,2025-08-16
15295,170,1,hogar,16.55,2025-04-02
15296,686,1,electronica,203.23,2025-04-03
15297,738,2,ropa,163.58,2025-03-01
15298,190,1,electronica,659.73,2025-11-21
15299,267,3,ropa,128.7,2025-07-02
15300,777,6,electronica,53.51,2025-01-09
15301,644,4,electronica,22.8,2025-09-02
15302,109,7,juguetes,43.03,2025-12-10
15303,296,4,hogar,20.21,2025-10-22
15304,409,7,electronica,6.96,2025-07-13
15305,735,1,juguetes,30.29,2025-07-28
15306,734,2,deportes,64.87,2025-07-20
15307,80,3,electronica,331.46,2025-06-14
15308,178,2,mercado,27.18,2025-05-13
15309,124,1,electronica,139.93,2025-04-13
15310,736,5,electronica,145.32,2025-11-24
15311,431,1,mercado,33.64,2025-11-04
15312,288,3,hogar,161.8,2025-11-20
15313,334,3,hogar,14.96,2025-02-03
15314,535,4,electronica,302.67,2025-04-24
15315,607,2,mercado,67.11,2025-10-24
15316,291,3,mercado,117.73,2025-05-26
15317,286,1,hogar,180.52,2025-03-08
15318,667,1,ropa,102.67,2025-12-26
15319,103,2,deportes,55.68,2025-12-18
15320,45,1,mercado,42.99,2025-11-11
15321,275,1,ropa,60.15,2025-08-24
15322,53,2,juguetes,11.26,2025-09-18
15323,565,1,electronica,252.6,2025-08-27
15324,702,3,mercado,70.66,2025-05-11
15325,651,2,mercado,43.39,2025-09-23
15326,118,1,electronica,432.0,2025-05-10
15327,721,1,electronica,205.09,2025-05-07
15328,585,2,deportes,85.33,2025-02-27
15329,692,2,electronica,371.39,2025-07-23
15330,699,1,mercado,336.71,2025-05-12
15331,85,3,hogar,559.88,2025-08-14
15332,228,2,mercado,42.78,2025-11-16
15333,327,2,electronica,291.66,2025-12-15
15334,203,1,deportes,35.33,2025-03-19
15335,737,2,mercado,11.67,2025-05-27
15336,720,1,ropa,58.44,2025-07-05
15337,446,1,electronica,150.43,2025-11-02
15338,4,1,mercado,278.42,2025-01-11
15339,725,3,juguetes,154.87,2025-06-20
15340,560,2,ropa,44.27,2025-05-07
15341,530,2,ropa,58.68,2025-04-17
15342,742,1,mercado,231.33,2025-08-27
15343,142,2,mercado,95.51,2025-12-14
15344,100,3,electronica,559.13,2025-02-21
15345,473,3,ropa,28.11,2025-11-05
15346,446,2,mercado,83.27,2025-01-04
15347,548,3,electronica,440.04,2025-12-10
15348,555,5,electronica,877.1,2025-04-08
15349,35,1,hogar,78.07,2025-06-20
15350,281,1,ropa,75.06,2025-05-23
15351,520,5,mercado,75.18,2025-01-03
15352,196,2,deportes,88.77,2025-11-16
15353,141,1,mercado,47.26,2025-01-15
15354,741,3,ropa,21.97,2025-03-04
15355,432,3,ropa,61.49,2025-04-27
15356,338,1,electronica,591.34,2025-07-04
15357,416,2,electronica,322.41,2025-07-14
15358,652,1,mercado,19.25,2025-07-14
15359,791,6,hogar,130.33,2025-09-06
15360,741,1,mercado,122.39,2025-01-04
15361,744,1,ropa,126.12,2025-10-24
15362,81,3,ropa,71.13,2025-10-06
15363,164,5,libros,32.35,2025-11-04
15364,101,2,hogar,202.44,2025-04-27
15365,118,7,libros,92.88,2025-09-14
15366,245,2,electronica,44.27,2025-08-16
15367,452,2,deportes,8.11,2025-09-20
15368,683,1,mercado,86.34,2025-05-05
15369,475,3,mercado,37.95,2025-07-07
15370,575,2,ropa,6.8,2025-11-20
15371,167,2,electronica,50.02,2025-05-10
15372,313,2,mercado,47.99,2025-04-28
15373,417,1,ropa,120.47,2025-10-07
15374,638,4,ropa,7.4,2025-06-02
15375,10,1,ropa,25.0,2025-10-04
15376,284,1,mercado,62.64,2025-10-26
15377,568,5,hogar,29.85,2025-07-12
15378,723,1,ropa,169.61,2025-04-02
15379,361,2,mercado,235.57,2025-01-26
15380,462,1,ropa,173.39,2025-06-18
15381,322,1,mercado,24.0,2025-10-07
15382,532,1,electronica,86.15,2025-11-10
15383,746,3,mercado,228.24,2025-05-27
15384,449,1,ropa,168.85,2025-09-03
15385,32,1,hogar,5.16,2025-12-17
15386,292,2,mercado,95.47,2025-12-07
15387,59,3,mercado,111.0,2025-06-24
15388,227,3,ropa,9.02,2025-01-24
15389,750,3,juguetes,50.89,2025-11-12
15390,112,1,ropa,40.12,2025-04-28
15391,463,4,libros,16.94,2025-03-13
15392,184,1,mercado,5.63,2025-09-19
15393,432,2,electronica,316.71,2025-07-25
15394,493,2,electronica,544.37,2025-10-24
15395,389,3,deportes,24.13,2025-09-15
15396,757,2,ropa,105.76,2025-05-05
15397,604,4,electronica,121.9,2025-05-09
15398,492,4,libros,18.06,2025-04-20
15399,188,1,electronica,83.6,2025-08-24
15400,607,1,ropa,60.42,2025-11-17
15401,617,3,ropa,71.13,2025-03-20
15402,346,7,hogar,12.07,2025-07-10
15403,13,4,hogar,51.54,2025-07-03
15404,603,1,mercado,57.55,2025-01-08
15405,539,3,electronica,111.12,2025-01-08
15406,270,4,electronica,64.58,2025-06-06
15407,557,1,electronica,239.2,2025-06-20
15408,442,3,mercado,21.32,2025-07-21
15409,617,1,ropa,130.62,2025-06-25
15410,615,6,mercado,5.16,2025-03-04
15411,262,1,mercado,8.77,2025-11-09
15412,473,4,hogar,89.19,2025-01-09
15413,712,2,juguetes,49.39,2025-03-18
15414,309,2,mercado,43.07,2025-01-28
15415,165,2,electronica,213.59,2025-11-09
15416,335,3,ropa,18.6,2025-08-09
15417,618,2,ropa,54.63,2025-01-16
15418,379,6,electronica,371.4,2025-11-08
15419,647,3,electronica,518.97,2025-03-09
15420,54,4,hogar,12.84,2025-11-20
15421,115,7,hogar,291.32,2025-07-03
15422,70,4,electronica,397.64,2025-01-17
15423,485,3,ropa,44.73,2025-06-14
15424,325,4,hogar,561.21,2025-08-07
15425,134,3,ropa,38.84,2025-09-10
15426,53,1,mercado,35.76,2025-06-04
15427,546,2,hogar,173.65,2025-03-23
15428,48,2,ropa,203.64,2025-10-16
15429,131,1,ropa,210.68,2025-03-06
15430,335,2,electronica,187.54,2025-01-05
15431,418,2,hogar,118.62,2025-05-04
15432,534,3,electronica,66.43,2025-09-19
15433,792,3,hogar,320.11,2025-06-15
15434,55,2,ropa,48.27,2025-12-20
15435,416,2,hogar,7.12,2025-08-08
15436,489,2,electronica,154.53,2025-01-19
15437,621,2,libros,78.44,2025-11-09
15438,236,3,mercado,38.04,2025-02-19
15439,498,1,mercado,230.45,2025-02-08
15440,554,2,deportes,361.87,2025-08-01
15441,223,1,deportes,103.9,2025-01-04
15442,780,1,ropa,210.57,2025-05-23
15443,550,4,ropa,8.0,2025-12-09
15444,54,2,libros,10.02,2025-11-16
15445,480,7,electronica,478.96,2025-09-03
15446,766,7,hogar,249.8,2025-01-21
15447,542,1,electronica,168.97,2025-05-02
15448,725,4,ropa,145.49,2025-05-06
15449,33,4,deportes,364.15,2025-09-05
15450,391,2,hogar,58.52,2025-05-24
15451,529,3,electronica,192.16,2025-08-22
15452,26,1,deportes,11.19,2025-05-23
15453,23,2,mercado,15.97,2025-03-14
15454,642,4,mercado,21.38,2025-07-14
15455,249,3,mercado,5.99,2025-04-07
15456,243,4,hogar,243.14,2025-05-06
15457,182,1,ropa,79.31,2025-07-22
15458,255,1,hogar,111.65,2025-01-17
15459,115,2,libros,36.25,2025-10-20
15460,603,7,hogar,662.68,2025-09-25
15461,388,3,hogar,126.14,2025-12-15
15462,212,2,libros,9.17,2025-11-13
15463,781,2,ropa,27.8,2025-05-07
15464,570,2,libros,11.48,2025-05-03
15465,327,2,electronica,78.85,2025-02-03
15466,31,2,hogar,56.25,2025-10-26
15467,236,1,hogar,193.68,2025-11-10
15468,561,2,deportes,34.34,2025-08-24
15469,27,2,ropa,18.67,2025-09-23
15470,619,5,mercado,18.65,2025-03-25
15471,559,1,electronica,238.23,2025-07-22
15472,480,3,electronica,159.13,2025-03-05
15473,689,2,ropa,197.92,2025-06-28
15474,198,1,electronica,175.77,2025-08-08
15475,524,3,ropa,24.28,2025-08-25
15476,415,5,electronica,394.65,2025-10-04
15477,773,2,electronica,135.73,2025-02-27
15478,17,2,ropa,94.02,2025-09-24
15479,313,4,ropa,38.46,2025-11-27
15480,309,4,electronica,167.59,2025-02-03
15481,493,4,libros,18.15,2025-02-27
15482,438,2,electronica,199.99,2025-07-19
15483,753,2,ropa,8.83,2025-04-12
15484,567,3,ropa,95.44,2025-02-19
15485,477,2,juguetes,88.46,2025-12-19
15486,774,3,deportes,216.97,2025-01-08
15487,628,2,mercado,40.52,2025-04-08
15488,211,5,ropa,12.82,2025-11-10
15489,656,3,libros,40.46,2025-04-11
15490,462,1,ropa,5.37,2025-11-15
15491,349,1,libros,18.18,2025-05-18
15492,403,6,juguetes,29.86,2025-01-23
15493,705,6,mercado,42.34,2025-02-08
15494,454,3,electronica,97.2,2025-12-11
15495,717,2,electronica,1397.66,2025-08-26
15496,564,1,libros,97.31,2025-05-01
15497,222,2,ropa,66.62,2025-03-13
15498,363,2,ropa,54.32,2025-06-28
15499,140,1,electronica,31.8,2025-11-28
15500,673,1,ropa,128.42,2025-09-24
15501,634,5,hogar,31.21,2025-07-23
15502,463,2,deportes,196.24,2025-03-26
15503,150,3,mercado,87.19,2025-09-03
15504,778,2,electronica,497.14,2025-05-08
15505,411,3,electronica,88.12,2025-10-24
15506,13,7,ropa,11.95,2025-07-01
15507,218,7,electronica,47.54,2025-02-12
15508,792,1,electronica,703.13,2025-06-06
15509,677,2,electronica,37.06,2025-10-02
15510,446,2,hogar,311.72,2025-08-22
15511,288,4,electronica,179.59,2025-09-10
15512,322,1,electronica,779.75,2025-09-25
15513,103,1,ropa,153.22,2025-02-19
15514,532,4,mercado,54.79,2025-03-01
15515,225,2,hogar,327.9,2025-01-20
15516,430,1,mercado,22.49,2025-08-04
15517,692,1,electronica,687.89,2025-09-08
15518,675,2,mercado,301.49,2025-04-08
15519,285,1,juguetes,57.07,2025-07-15
15520,666,5,mercado,20.89,2025-03-19
15521,636,6,mercado,138.66,2025-05-17
15522,67,1,ropa,84.76,2025-06-26
15523,360,4,hogar,427.24,2025-06-11
15524,598,5,deportes,25.07,2025-06-12
15525,225,2,mercado,7.97,2025-10-27
15526,152,2,electronica,667.86,2025-01-17
15527,589,1,electronica,428.16,2025-10-09
15528,167,2,juguetes,49.1,2025-08-07
15529,189,3,mercado,41.1,2025-01-13
15530,372,3,ropa,148.82,2025-06-02
15531,452,6,electronica,135.97,2025-08-25
15532,634,2,hogar,86.56,2025-02-26
15533,717,7,hogar,26.7,2025-08-26
15534,583,2,mercado,21.02,2025-01-27
15535,288,4,hogar,26.19,2025-11-15
15536,60,1,hogar,70.43,2025-12-14
15537,576,2,hogar,114.53,2025-11-21
15538,194,2,juguetes,5.48,2025-05-07
15539,440,1,ropa,12.34,2025-02-10
15540,321,5,deportes,209.74,2025-08-23
15541,261,1,mercado,41.11,2025-02-23
15542,258,1,hogar,185.98,2025-12-05
15543,563,2,ropa,119.61,2025-10-20
15544,697,2,electronica,353.69,2025-03-01
15545,635,2,juguetes,49.91,2025-03-23
15546,109,1,hogar,382.46,2025-10-05
15547,108,1,electronica,188.96,2025-01-23
15548,431,2,ropa,15.74,2025-05-04
15549,521,3,mercado,71.98,2025-12-20
15550,241,1,hogar,124.46,2025-04-12
15551,627,1,mercado,78.87,2025-05-14
15552,169,2,ropa,142.98,2025-06-18
15553,720,1,hogar,107.29,2025-05-21
15554,96,2,hogar,397.1,2025-11-15
15555,676,7,mercado,79.34,2025-07-26
15556,575,6,electronica,16.6,2025-10-17
15557,458,3,electronica,330.61,2025-02-14
15558,323,4,electronica,693.47,2025-01-07
15559,107,2,mercado,25.46,2025-09-16
15560,677,1,hogar,332.51,2025-11-11
15561,500,2,ropa,48.15,2025-12-12
15562,254,3,ropa,69.05,2025-10-05
15563,772,3,mercado,129.39,2025-09-18
15564,48,2,electronica,1235.34,2025-10-19
15565,96,4,mercado,35.64,2025-01-19
15566,554,1,mercado,21.56,2025-08-16
15567,45,2,deportes,37.42,2025-08-19
15568,321,3,electronica,168.75,2025-09-19
15569,222,4,hogar,60.91,2025-04-16
15570,606,3,electronica,219.89,2025-07-03
15571,611,3,mercado,152.86,2025-01-22
15572,554,2,mercado,31.67,2025-08-09
15573,418,4,libros,33.2,2025-07-12
15574,98,7,hogar,22.03,2025-10-07
15575,695,7,ropa,35.44,2025-06-11
15576,553,4,ropa,59.04,2025-10-06
15577,539,5,electronica,609.61,2025-03-03
15578,12,1,hogar,59.61,2025-10-07
15579,363,2,deportes,214.17,2025-03-15
15580,338,2,juguetes,7.7,2025-01-18
15581,389,1,deportes,97.61,2025-09-09
15582,231,1,hogar,28.36,2025-05-09
15583,540,5,ropa,151.41,2025-01-21
15584,687,2,hogar,269.44,2025-11-27
15585,206,2,hogar,49.87,2025-04-26
15586,268,3,mercado,93.49,2025-03-04
15587,751,1,electronica,292.15,2025-05-28
15588,555,2,libros,45.81,2025-11-27
15589,768,2,electronica,559.36,2025-07-10
15590,389,2,ropa,123.79,2025-09-27
15591,526,6,libros,58.48,2025-12-10
15592,481,2,mercado,11.01,2025-02-16
15593,389,2,libros,69.46,2025-01-03
15594,217,2,electronica,109.13,2025-09-09
15595,746,6,mercado,125.74,2025-04-05
15596,76,2,juguetes,89.88,2025-05-01
15597,64,3,electronica,1007.88,2025-02-26
15598,125,2,electronica,187.04,2025-10-19
15599,23,2,ropa,9.44,2025-02-04
15600,13,6,ropa,88.83,2025-05-15
15601,417,1,mercado,11.0,2025-02-23
15602,427,2,ropa,37.8,2025-10-27
15603,518,4,mercado,146.06,2025-08-28
15604,512,2,electronica,546.47,2025-04-16
15605,363,2,hogar,76.26,2025-02-23
15606,198,2,hogar,101.8,2025-08-17
15607,691,3,electronica,69.86,2025-08-19
15608,55,3,ropa,14.66,2025-08-21
15609,247,4,hogar,11.73,2025-02-16
15610,79,4,electronica,169.56,2025-09-24
15611,22,1,mercado,56.23,2025-09-13
15612,532,1,electronica,60.07,2025-07-26
15613,403,2,ropa,20.14,2025-08-04
15614,562,6,deportes,148.74,2025-12-17
15615,415,2,electronica,523.82,2025-03-24
15616,392,2,electronica,118.3,2025-11-17
15617,307,4,mercado,8.15,2025-11-22
15618,150,2,deportes,207.17,2025-07-22
15619,331,2,electronica,42.06,2025-03-01
15620,512,2,juguetes,126.43,2025-04-17
15621,3,2,ropa,209.91,2025-04-27
15622,346,2,hogar,176.47,2025-02-11
15623,590,6,electronica,165.94,2025-02-05
15624,713,5,electronica,771.78,2025-09-04
15625,368,5,electronica,476.33,2025-10-19
15626,26,1,libros,65.29,2025-10-05
15627,199,2,deportes,343.78,2025-02-23
15628,736,1,electronica,414.01,2025-03-27
15629,571,4,electronica,386.83,2025-02-20
15630,385,5,hogar,15.58,2025-12-10
15631,744,7,libros,45.79,2025-06-11
15632,196,3,electronica,20.26,2025-10-14
15633,58,3,ropa,31.03,2025-07-19
15634,348,2,deportes,170.45,2025-07-22
15635,289,2,mercado,53.3,2025-03-07
15636,43,3,mercado,40.6,2025-01-17
15637,188,1,mercado,69.13,2025-04-27
15638,288,2,electronica,21.1,2025-09-15
15639,433,4,deportes,24.83,2025-02-03
15640,348,1,juguetes,20.1,2025-01-02
15641,454,4,mercado,104.87,2025-09-26
15642,244,7,ropa,15.8,2025-04-11
15643,510,6,electronica,658.49,2025-09-13
15644,425,1,electronica,162.25,2025-08-28
15645,46,3,hogar,156.85,2025-08-01
15646,556,2,juguetes,86.54,2025-02-04
15647,291,1,mercado,29.34,2025-11-01
15648,12,2,hogar,465.63,2025-01-15
15649,430,2,ropa,9.91,2025-12-06
15650,673,2,ropa,80.08,2025-03-19
15651,410,1,electronica,534.71,2025-04-08
15652,581,2,mercado,21.08,2025-04-13
15653,2,1,deportes,55.35,2025-12-06
15654,220,2,ropa,122.82,2025-01-20
15655,49,1,ropa,430.01,2025-04-02
15656,391,1,ropa,19.08,2025-05-12
15657,347,2,electronica,203.15,2025-09-06
15658,328,2,deportes,154.86,2025-05-20
15659,271,3,mercado,141.67,2025-05-11
15660,334,5,hogar,281.79,2025-05-03
15661,555,1,deportes,198.4,2025-11-08
15662,227,3,mercado,184.56,2025-09-10
15663,631,2,mercado,142.42,2025-06-11
15664,239,1,hogar,10.76,2025-06-21
15665,650,1,hogar,363.45,2025-08-24
15666,651,2,mercado,67.45,2025-08-02
15667,44,1,hogar,21.51,2025-03-28
15668,640,4,mercado,121.28,2025-06-15
15669,78,1,hogar,144.95,2025-07-13
15670,509,2,hogar,77.1,2025-08-18
15671,169,1,hogar,95.04,2025-07-04
15672,608,2,libros,66.35,2025-01-04
15673,447,4,ropa,18.49,2025-01-06
15674,6,3,juguetes,51.84,2025-03-07
15675,517,2,electronica,53.54,2025-03-18
15676,144,6,ropa,23.1,2025-06-18
15677,213,2,deportes,200.86,2025-09-24
15678,161,2,mercado,71.23,2025-02-09
15679,81,3,hogar,205.7,2025-10-05
15680,112,3,ropa,40.2,2025-03-07
15681,522,1,electronica,118.31,2025-05-09
15682,449,1,deportes,56.09,2025-04-08
15683,183,1,ropa,244.69,2025-04-18
15684,442,3,hogar,38.29,2025-12-25
15685,307,2,mercado,103.51,2025-07-22
15686,425,5,ropa,59.47,2025-08-06
15687,475,2,mercado,78.83,2025-07-11
15688,704,2,mercado,18.97,2025-06-11
15689,105,1,ropa,400.6,2025-12-04
15690,84,2,libros,98.8,2025-02-11
15691,680,1,mercado,34.92,2025-01-07
15692,772,4,deportes,344.24,2025-01-21
15693,586,7,mercado,19.8,2025-12-23
15694,186,7,libros,23.75,2025-08-13
15695,759,1,hogar,144.48,2025-09-20
15696,682,4,deportes,18.07,2025-05-13
15697,542,1,electronica,244.07,2025-11-25
15698,150,3,mercado,36.38,2025-12-06
15699,458,1,electronica,92.4,2025-04-12
15700,304,5,hogar,52.82,2025-12-23
15701,679,1,ropa,120.69,2025-02-21
15702,412,1,ropa,61.74,2025-01-07
15703,602,1,hogar,66.08,2025-05-14
15704,208,4,hogar,279.2,2025-01-28
15705,551,3,ropa,182.69,2025-05-23
15706,170,2,electronica,489.32,2025-01-13
15707,547,1,libros,10.42,2025-06-20
15708,263,2,mercado,8.77,2025-09-27
15709,385,3,ropa,57.78,2025-11-01
15710,178,3,mercado,87.69,2025-06-24
15711,43,1,ropa,143.64,2025-03-23
15712,573,2,deportes,505.78,2025-05-16
15713,98,2,hogar,105.04,2025-08-10
15714,552,1,deportes,476.2,2025-04-05
15715,550,3,deportes,86.92,2025-05-10
15716,230,1,ropa,29.65,2025-05-09
15717,237,2,mercado,33.54,2025-07-21
15718,635,2,libros,84.16,2025-10-23
15719,591,2,libros,11.34,2025-06-17
15720,461,1,juguetes,112.06,2025-09-17
15721,382,3,ropa,31.78,2025-05-10
15722,654,2,ropa,113.99,2025-11-24
15723,555,2,juguetes,55.82,2025-06-21
15724,149,2,ropa,10.2,2025-09-07
15725,793,1,electronica,411.46,2025-03-28
15726,16,1,ropa,61.93,2025-05-03
15727,793,1,deportes,82.96,2025-08-20
15728,281,1,mercado,33.56,2025-01-06
15729,439,1,mercado,57.13,2025-11-08
15730,533,2,hogar,287.35,2025-05-28
15731,398,2,mercado,203.74,2025-01-05
15732,241,1,electronica,888.4,2025-03-15
15733,107,1,electronica,1093.74,2025-09-12
15734,538,1,ropa,18.79,2025-10-22
15735,568,2,ropa,40.34,2025-07-16
15736,398,2,juguetes,12.09,2025-11-11
15737,321,2,ropa,17.71,2025-06-27
15738,308,1,hogar,209.0,2025-09-05
15739,549,5,electronica,51.4,2025-11-28
15740,317,5,hogar,9.39,2025-12-01
15741,473,2,libros,164.2,2025-01-23
15742,6,5,electronica,101.06,2025-12-04
15743,530,4,ropa,55.25,2025-02-11
15744,256,1,hogar,181.65,2025-12-20
15745,146,1,electronica,160.51,2025-06-19
15746,383,1,ropa,269.32,2025-03-16
15747,568,6,ropa,24.33,2025-04-27
15748,483,1,electronica,11.03,2025-09-28
15749,91,1,mercado,156.72,2025-01-15
15750,722,2,libros,26.09,2025-02-16
15751,733,2,electronica,1141.2,2025-05-27
15752,496,1,libros,109.77,2025-12-16
15753,395,1,mercado,20.94,2025-07-15
15754,444,2,electronica,43.69,2025-12-18
15755,594,4,electronica,486.31,2025-01-20
15756,669,1,electronica,313.19,2025-03-18
15757,149,2,ropa,168.56,2025-02-16
15758,641,1,mercado,35.07,2025-06-24
15759,91,2,electronica,139.54,2025-02-27
15760,228,2,ropa,82.82,2025-04-01
15761,241,1,ropa,77.46,2025-01-22
15762,364,2,juguetes,76.29,2025-03-17
15763,167,3,electronica,221.42,2025-08-04
15764,437,1,ropa,177.05,2025-06-02
15765,582,2,ropa,60.14,2025-01-16
15766,640,2,electronica,708.05,2025-06-11
15767,389,2,libros,50.41,2025-02-25
15768,135,1,electronica,23.82,2025-12-23
15769,620,1,libros,33.58,2025-03-06
15770,118,2,ropa,8.42,2025-05-25
15771,297,2,juguetes,29.6,2025-07-19
15772,210,2,deportes,66.29,2025-01-12
15773,446,1,hogar,15.33,2025-01-15
15774,625,2,ropa,96.84,2025-01-25
15775,646,1,ropa,193.7,2025-10-15
15776,238,7,hogar,16.93,2025-05-27
15777,12,3,mercado,87.11,2025-01-02
15778,490,2,electronica,275.47,2025-10-09
15779,189,1,electronica,579.52,2025-02-12
15780,671,1,electronica,127.47,2025-04-23
15781,525,3,juguetes,27.18,2025-12-03
15782,389,3,electronica,863.81,2025-09-24
15783,246,2,hogar,360.28,2025-12-25
15784,246,1,ropa,30.86,2025-03-22
15785,289,3,mercado,129.64,2025-07-28
15786,244,6,electronica,357.36,2025-03-11
15787,130,3,ropa,15.32,2025-06-15
15788,46,2,electronica,311.97,2025-02-21
15789,607,4,electronica,235.49,2025-12-14
15790,80,1,hogar,67.99,2025-10-02
15791,419,3,hogar,23.9,2025-11-12
15792,329,1,libros,28.83,2025-01-17
15793,705,1,mercado,73.86,2025-09-15
15794,165,2,deportes,178.62,2025-07-21
15795,89,1,hogar,9.85,2025-03-07
15796,271,1,ropa,34.8,2025-01-23
15797,96,4,ropa,58.96,2025-09-17
15798,476,1,libros,54.65,2025-06-15
15799,210,1,mercado,38.83,2025-09-21
15800,123,2,electronica,365.81,2025-04-16
15801,597,2,electronica,190.18,2025-10-16
15802,124,6,mercado,9.18,2025-06-28
15803,621,2,mercado,45.01,2025-05-14
15804,447,6,juguetes,118.03,2025-03-14
15805,412,3,hogar,71.66,2025-06-10
15806,655,2,electronica,164.6,2025-12-20
15807,776,2,hogar,105.7,2025-04-22
15808,380,6,deportes,58.31,2025-03-09
15809,246,1,mercado,11.24,2025-01-06
15810,213,1,hogar,30.98,2025-06-19
15811,458,1,hogar,150.51,2025-09-05
15812,119,2,electronica,62.85,2025-10-10
15813,530,1,electronica,37.19,2025-08-09
15814,362,4,libros,19.85,2025-01-20
15815,689,2,ropa,61.35,2025-10-08
15816,178,1,mercado,11.52,2025-06-18
15817,443,1,deportes,41.25,2025-12-11
15818,546,1,electronica,32.9,2025-01-27
15819,301,2,electronica,606.1,2025-08-24
15820,578,3,ropa,65.46,2025-10-12
15821,778,2,deportes,274.81,2025-03-17
15822,134,2,deportes,87.75,2025-10-22
15823,341,2,mercado,31.7,2025-02-25
15824,777,2,electronica,136.4,2025-07-24
15825,774,4,ropa,97.76,2025-03-11
15826,50,2,electronica,92.96,2025-06-02
15827,690,1,ropa,91.56,2025-01-04
15828,124,3,electronica,648.76,2025-09-02
15829,79,4,ropa,131.72,2025-10-24
15830,600,1,electronica,182.62,2025-12-10
15831,490,5,ropa,156.22,2025-09-02
15832,763,1,mercado,8.12,2025-05-20
15833,610,2,hogar,141.79,2025-01-21
15834,86,1,hogar,402.14,2025-10-01
15835,608,2,mercado,87.64,2025-04-04
15836,69,1,electronica,12.43,2025-11-28
15837,146,2,deportes,168.12,2025-11-26
15838,189,1,mercado,33.31,2025-11-13
15839,209,3,ropa,101.06,2025-05-20
15840,377,6,electronica,415.33,2025-04-18
15841,70,1,ropa,39.55,2025-03-06
15842,585,1,ropa,14.15,2025-02-25
15843,389,6,ropa,16.89,2025-08-01
15844,115,2,mercado,15.83,2025-11-27
15845,186,5,ropa,100.04,2025-11-17
15846,439,1,deportes,138.32,2025-05-13
15847,397,2,mercado,22.75,2025-01-03
15848,407,4,hogar,230.2,2025-12-02
15849,675,2,mercado,57.69,2025-07-17
15850,751,3,libros,17.87,2025-03-06
15851,672,2,hogar,118.81,2025-06-01
15852,535,1,electronica,38.31,2025-11-23
15853,196,2,libros,13.01,2025-10-20
15854,324,6,mercado,14.16,2025-05-09
15855,519,7,ropa,226.12,2025-12-18
15856,208,1,mercado,244.24,2025-09-10
15857,186,2,mercado,116.08,2025-01-02
15858,26,5,ropa,70.96,2025-04-13
15859,365,3,electronica,161.16,2025-12-17
15860,33,4,ropa,32.27,2025-11-15
15861,181,3,electronica,643.36,2025-01-01
15862,629,2,electronica,201.85,2025-04-10
15863,227,1,mercado,19.89,2025-03-14
15864,265,2,hogar,108.52,2025-07-28
15865,560,1,hogar,18.99,2025-10-18
15866,561,3,mercado,224.61,2025-10-13
15867,750,2,mercado,140.23,2025-09-27
15868,265,4,libros,143.84,2025-08-24
15869,624,1,ropa,35.39,2025-11-21
15870,789,4,ropa,21.76,2025-01-17
15871,686,5,juguetes,33.72,2025-07-14
15872,390,2,electronica,109.61,2025-04-25
15873,267,2,electronica,12.74,2025-04-08
15874,796,2,mercado,34.03,2025-10-23
15875,426,3,ropa,73.14,2025-05-03
15876,770,1,hogar,92.24,2025-06-06
15877,612,2,mercado,33.67,2025-12-17
15878,722,2,ropa,32.69,2025-10-24
15879,472,4,juguetes,54.16,2025-09-19
15880,730,1,hogar,423.86,2025-08-16
15881,571,4,mercado,58.81,2025-06-16
15882,24,2,hogar,148.21,2025-11-02
15883,138,6,ropa,34.48,2025-01-24
15884,523,1,ropa,213.15,2025-07-05
15885,26,1,electronica,65.94,2025-11-20
15886,29,2,mercado,13.25,2025-02-19
15887,45,1,juguetes,17.07,2025-11-27
15888,440,6,deportes,140.46,2025-08-24
15889,143,2,electronica,251.55,2025-08-20
15890,532,1,electronica,130.08,2025-06-07
15891,432,6,electronica,338.79,2025-01-27
15892,536,1,mercado,35.57,2025-02-05
15893,260,2,ropa,34.51,2025-10-22
15894,685,1,ropa,118.34,2025-07-12
15895,714,2,mercado,21.69,2025-12-04
15896,326,5,ropa,20.81,2025-03-20
15897,693,1,mercado,99.42,2025-02-14
15898,185,2,electronica,1542.61,2025-01-22
15899,463,3,hogar,45.43,2025-04-19
15900,111,2,hogar,163.92,2025-07-11
15901,113,1,ropa,53.84,2025-07-22
15902,186,1,electronica,425.8,2025-08-21
15903,452,1,mercado,65.37,2025-03-18
15904,400,1,electronica,124.88,2025-04-04
15905,137,3,deportes,339.75,2025-12-04
15906,226,2,mercado,19.41,2025-08-12
15907,242,5,ropa,41.55,2025-03-18
15908,592,1,electronica,530.79,2025-03-09
15909,487,2,mercado,122.69,2025-01-11
15910,522,2,hogar,306.12,2025-02-13
15911,55,1,deportes,261.42,2025-04-20
15912,153,2,electronica,497.97,2025-11-25
15913,704,2,hogar,133.04,2025-05-20
15914,759,1,electronica,75.03,2025-05-11
15915,9,1,mercado,5.12,2025-05-07
15916,156,1,ropa,72.65,2025-11-23
15917,764,3,ropa,151.45,2025-10-08
15918,762,2,hogar,9.02,2025-06-26
15919,55,1,electronica,91.6,2025-07-07
15920,491,1,hogar,93.99,2025-07-03
15921,22,3,electronica,97.91,2025-02-10
15922,53,3,deportes,230.67,2025-06-06
15923,657,2,deportes,112.19,2025-03-07
15924,32,5,juguetes,187.47,2025-06-24
15925,200,2,ropa,33.92,2025-07-06
15926,49,2,mercado,64.75,2025-11-07
15927,31,2,mercado,36.19,2025-08-28
15928,599,2,electronica,427.27,2025-07-09
15929,125,1,mercado,29.65,2025-05-18
15930,591,1,electronica,537.93,2025-08-02
15931,215,5,deportes,8.03,2025-01-09
15932,461,2,ropa,66.69,2025-02-09
15933,286,1,juguetes,52.13,2025-10-14
15934,230,2,mercado,19.62,2025-06-28
15935,490,2,deportes,193.86,2025-10-14
15936,450,1,ropa,78.15,2025-02-18
15937,345,2,electronica,718.49,2025-12-20
15938,63,3,mercado,61.07,2025-06-13
15939,519,1,ropa,68.73,2025-03-17
15940,646,1,hogar,253.86,2025-01-21
15941,255,1,electronica,475.5,2025-04-17
15942,401,1,juguetes,31.43,2025-02-02
15943,708,5,libros,208.64,2025-12-12
15944,75,6,mercado,109.82,2025-11-14
15945,569,2,deportes,12.43,2025-07-10
15946,462,3,mercado,8.24,2025-12-18
15947,36,4,ropa,53.42,2025-10-18
15948,69,4,libros,21.15,2025-07-04
15949,422,2,libros,63.31,2025-02-27
15950,647,3,hogar,156.37,2025-05-13
15951,454,1,ropa,65.66,2025-09-26
15952,247,1,hogar,75.82,2025-04-25
15953,433,2,mercado,96.3,2025-11-28
15954,384,3,mercado,8.11,2025-11-09
15955,326,4,hogar,51.3,2025-03-24
15956,594,2,hogar,84.8,2025-01-21
15957,199,2,mercado,91.04,2025-02-19
15958,8,3,hogar,18.25,2025-06-16
15959,213,6,mercado,19.36,2025-09-17
15960,702,1,libros,47.87,2025-06-27
15961,549,2,electronica,144.85,2025-08-14
15962,477,3,hogar,16.77,2025-12-14
15963,500,2,deportes,15.82,2025-04-09
15964,253,3,mercado,83.47,2025-03-28
15965,742,2,ropa,35.88,2025-04-23
15966,324,7,ropa,89.71,2025-09-16
15967,235,4,ropa,160.23,2025-07-25
15968,556,2,ropa,42.38,2025-03-06
15969,771,2,mercado,30.54,2025-02-01
15970,344,2,libros,50.7,2025-05-22
15971,507,2,mercado,50.5,2025-09-10
15972,397,2,hogar,49.44,2025-11-21
15973,101,2,hogar,106.89,2025-02-05
15974,113,2,electronica,813.46,2025-09-23
15975,25,1,electronica,122.71,2025-04-10
15976,419,7,ropa,68.47,2025-01-18
15977,346,7,mercado,57.14,2025-09-28
15978,284,1,hogar,40.22,2025-02-05
15979,403,3,ropa,143.01,2025-06-02
15980,573,3,ropa,311.19,2025-06-24
15981,552,1,electronica,434.98,2025-08-28
15982,499,4,hogar,50.87,2025-06-04
15983,324,2,electronica,23.33,2025-03-08
15984,62,2,ropa,50.54,2025-11-17
15985,492,1,mercado,124.79,2025-05-26
15986,45,1,electronica,229.45,2025-12-16
15987,682,4,libros,26.94,2025-09-15
15988,241,1,ropa,27.42,2025-05-18
15989,437,2,mercado,52.46,2025-10-21
15990,747,3,deportes,133.88,2025-05-25
15991,7,1,mercado,39.92,2025-10-14
15992,203,1,ropa,24.56,2025-08-06
15993,557,1,deportes,41.41,2025-06-18
15994,695,3,hogar,336.27,2025-06-16
15995,279,3,hogar,651.76,2025-12-14
15996,216,2,deportes,65.9,2025-03-19
15997,730,4,ropa,62.8,2025-10-23
15998,68,4,hogar,315.82,2025-10-08
15999,785,1,electronica,297.29,2025-10-28
16000,417,7,libros,55.09,2025-05-08
16001,455,1,mercado,24.88,2025-04-10
16002,556,3,hogar,20.25,2025-05-13
16003,568,1,electronica,216.61,2025-01-01
16004,765,2,hogar,142.91,2025-04-19
16005,645,2,electronica,227.9,2025-12-18
16006,119,2,ropa,10.7,2025-06-06
16007,65,6,mercado,20.35,2025-04-04
16008,556,2,libros,47.14,2025-11-16
16009,722,2,mercado,90.49,2025-01-10
16010,730,3,libros,61.76,2025-07-07
16011,294,1,electronica,1201.16,2025-02-23
16012,636,2,electronica,65.65,2025-07-21
16013,425,1,electronica,1176.64,2025-04-10
16014,152,3,hogar,94.59,2025-03-26
16015,634,2,mercado,51.62,2025-02-21
16016,569,2,electronica,1191.93,2025-03-20
16017,384,6,libros,7.45,2025-03-10
16018,29,3,electronica,409.38,2025-08-26
16019,565,3,electronica,250.88,2025-08-07
16020,45,2,mercado,36.23,2025-01-04
16021,625,3,electronica,599.97,2025-06-18
16022,641,2,hogar,59.51,2025-10-19
16023,175,5,juguetes,111.17,2025-09-06
16024,621,2,ropa,166.35,2025-06-25
16025,215,3,electronica,862.47,2025-07-27
16026,75,1,electronica,73.94,2025-05-14
16027,284,2,mercado,84.09,2025-02-05
16028,706,2,hogar,220.48,2025-05-23
16029,80,5,mercado,21.37,2025-11-22
16030,707,2,hogar,66.75,2025-08-15
16031,389,3,deportes,126.08,2025-10-07
16032,472,3,juguetes,71.42,2025-11-07
16033,309,2,mercado,93.94,2025-08-24
16034,211,3,juguetes,34.06,2025-11-14
16035,125,2,hogar,33.6,2025-08-14
16036,119,5,hogar,132.88,2025-05-15
16037,793,3,electronica,297.25,2025-01-18
16038,177,3,hogar,49.75,2025-02-03
16039,366,1,ropa,43.63,2025-11-21
16040,101,3,juguetes,17.19,2025-07-21
16041,353,5,ropa,120.4,2025-08-18
16042,524,1,mercado,88.08,2025-08-16
16043,261,3,hogar,92.88,2025-02-12
16044,610,5,mercado,59.32,2025-12-03
16045,191,2,mercado,54.71,2025-01-03
16046,247,2,hogar,31.36,2025-10-02
16047,261,6,deportes,424.23,2025-12-25
16048,87,1,ropa,86.36,2025-12-19
16049,422,1,ropa,277.98,2025-04-04
16050,667,2,hogar,13.26,2025-01-06
16051,179,2,deportes,51.94,2025-02-12
16052,50,2,mercado,72.83,2025-11-04
16053,120,2,ropa,17.27,2025-12-10
16054,669,3,deportes,62.33,2025-10-23
16055,1,1,electronica,86.48,2025-12-08
16056,257,6,mercado,14.12,2025-09-28
16057,519,1,electronica,46.14,2025-09-28
16058,190,4,mercado,28.7,2025-11-16
16059,335,1,mercado,74.55,2025-03-04
16060,331,4,ropa,251.81,2025-01-02
16061,619,1,electronica,392.28,2025-03-24
16062,466,3,juguetes,25.86,2025-01-25
16063,607,2,hogar,68.86,2025-09-10
16064,185,2,juguetes,23.4,2025-09-07
16065,306,3,deportes,112.2,2025-08-27
16066,345,3,mercado,82.97,2025-04-19
16067,637,3,mercado,27.68,2025-12-04
16068,678,1,ropa,143.45,2025-03-12
16069,489,1,electronica,179.14,2025-01-24
16070,68,2,mercado,15.33,2025-04-11
16071,639,3,ropa,41.47,2025-12-21
16072,173,4,ropa,28.81,2025-01-07
16073,259,1,deportes,25.41,2025-01-06
16074,5,2,electronica,32.68,2025-01-13
16075,87,1,ropa,33.57,2025-12-26
16076,576,2,electronica,1538.71,2025-03-06
16077,791,2,hogar,5.6,2025-01-11
16078,168,2,electronica,481.87,2025-01-18
16079,14,2,electronica,175.34,2025-02-28
16080,419,2,mercado,143.37,2025-10-06
16081,492,3,ropa,16.6,2025-04-17
16082,588,2,mercado,39.96,2025-06-20
16083,723,1,ropa,144.19,2025-11-03
16084,547,3,mercado,32.84,2025-07-07
16085,109,1,hogar,100.89,2025-10-06
16086,604,1,mercado,53.59,2025-05-14
16087,468,2,juguetes,97.25,2025-11-05
16088,321,1,juguetes,97.44,2025-10-17
16089,788,7,electronica,45.3,2025-02-19
16090,151,4,mercado,68.61,2025-06-18
16091,137,1,hogar,146.07,2025-05-16
16092,119,1,hogar,15.75,2025-12-22
16093,488,3,ropa,97.28,2025-02-11
16094,439,2,ropa,12.28,2025-08-14
16095,478,2,hogar,173.07,2025-04-24
16096,540,4,hogar,155.72,2025-08-19
16097,85,1,mercado,7.8,2025-09-16
16098,199,4,mercado,126.73,2025-08-04
16099,348,3,libros,6.15,2025-10-25
16100,138,2,mercado,85.26,2025-11-06
16101,551,7,hogar,316.82,2025-07-24
16102,170,2,mercado,59.55,2025-02-13
16103,500,6,ropa,31.29,2025-02-02
16104,66,1,juguetes,36.09,2025-02-08
16105,498,2,electronica,233.63,2025-02-02
16106,720,5,libros,107.11,2025-03-26
16107,123,2,electronica,1538.51,2025-08-09
16108,426,3,libros,40.87,2025-02-07
16109,327,1,ropa,233.43,2025-10-22
16110,348,7,deportes,90.51,2025-10-19
16111,396,1,hogar,72.77,2025-05-21
16112,667,2,electronica,361.6,2025-08-26
16113,788,2,mercado,84.65,2025-09-07
16114,72,2,deportes,36.6,2025-03-16
16115,91,2,ropa,173.45,2025-01-24
16116,349,3,mercado,8.75,2025-09-26
16117,574,1,juguetes,32.27,2025-01-06
16118,332,3,ropa,104.26,2025-10-22
16119,208,1,electronica,150.61,2025-09-16
16120,5,2,deportes,135.92,2025-01-12
16121,25,5,juguetes,5.45,2025-11-02
16122,89,1,electronica,39.06,2025-06-06
16123,790,2,mercado,16.37,2025-09-04
16124,273,2,mercado,21.15,2025-04-20
16125,230,2,mercado,23.63,2025-09-22
16126,542,2,ropa,21.92,2025-03-07
16127,772,6,mercado,87.26,2025-09-28
16128,62,2,mercado,171.69,2025-09-01
16129,402,3,hogar,100.11,2025-03-15
16130,194,5,ropa,164.01,2025-05-12
16131,153,1,electronica,381.51,2025-04-20
16132,752,7,mercado,105.01,2025-09-12
16133,412,2,electronica,77.51,2025-01-27
16134,758,3,electronica,31.7,2025-02-15
16135,762,2,ropa,142.65,2025-03-13
16136,369,4,electronica,237.15,2025-12-07
16137,38,2,hogar,52.3,2025-07-19
16138,374,4,electronica,299.86,2025-09-25
16139,339,3,hogar,139.75,2025-04-27
16140,39,1,hogar,18.66,2025-08-12
16141,534,1,deportes,98.15,2025-02-28
16142,491,3,libros,97.81,2025-08-05
16143,790,2,electronica,196.67,2025-08-23
16144,566,2,electronica,19.49,2025-07-04
16145,188,2,juguetes,5.17,2025-03-04
16146,501,2,mercado,8.71,2025-11-18
16147,77,1,ropa,56.55,2025-11-19
16148,714,3,hogar,126.64,2025-07-19
16149,497,3,ropa,27.38,2025-02-12
16150,58,6,mercado,24.14,2025-09-17
16151,2,1,electronica,11.87,2025-10-17
16152,398,4,hogar,50.21,2025-04-17
16153,583,1,hogar,148.35,2025-02-23
16154,665,2,libros,35.5,2025-05-17
16155,334,2,hogar,23.88,2025-10-16
16156,570,1,ropa,39.33,2025-07-14
16157,197,2,mercado,8.69,2025-03-19
16158,671,2,mercado,77.91,2025-07-09
16159,267,1,hogar,11.36,2025-07-09
16160,45,2,ropa,190.21,2025-11-19
16161,105,1,electronica,110.58,2025-10-28
16162,721,1,ropa,90.82,2025-05-17
16163,619,2,mercado,16.37,2025-12-10
16164,252,1,ropa,78.33,2025-04-25
16165,35,3,electronica,354.53,2025-10-04
16166,490,2,deportes,44.28,2025-01-18
16167,534,1,electronica,259.48,2025-11-23
16168,542,5,mercado,63.77,2025-06-14
16169,257,3,deportes,167.41,2025-02-16
16170,465,2,libros,21.78,2025-08-16
16171,59,1,electronica,50.04,2025-07-21
16172,186,1,ropa,15.05,2025-05-10
16173,527,2,hogar,26.03,2025-03-09
16174,675,6,electronica,511.95,2025-12-21
16175,215,4,libros,51.52,2025-02-03
16176,752,5,hogar,8.34,2025-06-18
16177,559,2,ropa,64.97,2025-11-02
16178,99,2,electronica,14.98,2025-11-19
16179,134,4,libros,8.25,2025-03-14
16180,647,2,ropa,96.79,2025-02-09
16181,687,4,electronica,379.63,2025-08-07
16182,462,2,mercado,5.41,2025-06-27
16183,86,2,mercado,65.05,2025-06-27
16184,451,5,deportes,60.41,2025-09-20
16185,658,1,libros,38.3,2025-02-12
16186,518,2,ropa,119.24,2025-11-09
16187,125,2,mercado,28.66,2025-05-18
16188,184,1,hogar,290.21,2025-09-27
16189,454,4,electronica,119.46,2025-02-02
16190,717,3,electronica,388.98,2025-06-23
16191,276,1,hogar,45.36,2025-02-08
16192,299,4,mercado,171.51,2025-02-25
16193,749,1,deportes,38.17,2025-08-17
16194,496,1,libros,16.11,2025-01-27
16195,433,1,mercado,47.7,2025-07-24
16196,631,4,electronica,673.66,2025-01-03
16197,491,2,hogar,147.63,2025-08-26
16198,510,3,electronica,340.16,2025-01-03
16199,781,1,hogar,67.23,2025-12-25
16200,168,1,electronica,807.07,2025-03-14
16201,428,1,deportes,123.18,2025-07-21
16202,540,4,electronica,185.62,2025-09-10
16203,330,2,ropa,218.75,2025-10-18
16204,191,2,mercado,41.44,2025-04-03
16205,63,3,hogar,15.32,2025-04-10
16206,531,2,electronica,147.5,2025-01-05
16207,579,2,libros,101.79,2025-01-10
16208,127,4,hogar,72.07,2025-01-15
16209,39,1,ropa,31.53,2025-12-28
16210,649,5,electronica,1098.74,2025-12-04
16211,315,2,hogar,92.29,2025-01-12
16212,794,1,deportes,82.27,2025-07-19
16213,427,2,ropa,206.65,2025-02-16
16214,280,3,deportes,69.61,2025-12-25
16215,618,5,mercado,51.44,2025-09-07
16216,593,1,hogar,9.0,2025-10-01
16217,637,1,deportes,171.95,2025-03-15
16218,762,2,hogar,25.51,2025-09-14
16219,49,3,hogar,126.47,2025-12-21
16220,195,7,mercado,41.64,2025-07-16
16221,565,1,ropa,326.42,2025-04-13
16222,788,2,electronica,178.72,2025-03-24
16223,664,2,electronica,26.57,2025-07-22
16224,261,1,electronica,993.52,2025-12-21
16225,770,7,electronica,29.2,2025-03-22
16226,774,1,ropa,123.91,2025-10-17
16227,300,3,ropa,69.36,2025-09-19
16228,180,2,electronica,172.84,2025-03-09
16229,652,4,electronica,399.53,2025-01-25
16230,549,2,mercado,71.75,2025-10-21
16231,259,2,juguetes,5.92,2025-10-02
16232,595,1,ropa,108.28,2025-03-18
16233,234,1,ropa,128.69,2025-01-26
16234,544,7,ropa,29.78,2025-03-08
16235,620,3,ropa,13.67,2025-01-02
16236,253,1,ropa,122.31,2025-12-28
16237,782,2,libros,94.82,2025-12-07
16238,218,1,ropa,84.71,2025-08-15
16239,120,4,electronica,797.21,2025-12-21
16240,189,1,mercado,6.03,2025-04-02
16241,23,2,mercado,45.91,2025-08-25
16242,550,1,ropa,5.86,2025-05-08
16243,556,2,hogar,40.07,2025-10-08
16244,331,5,electronica,444.54,2025-05-02
16245,165,7,ropa,187.26,2025-12-02
16246,675,2,libros,35.2,2025-08-06
16247,19,1,electronica,83.68,2025-12-10
16248,686,1,libros,19.87,2025-02-10
16249,563,1,ropa,7.61,2025-03-23
16250,41,3,hogar,839.13,2025-01-16
16251,96,1,ropa,114.4,2025-03-23
16252,612,7,ropa,165.85,2025-12-06
16253,90,2,hogar,498.74,2025-05-26
16254,613,7,libros,76.29,2025-02-28
16255,299,3,electronica,642.26,2025-05-23
16256,453,2,libros,19.5,2025-10-12
16257,516,2,mercado,132.4,2025-09-12
16258,456,2,ropa,90.71,2025-05-17
16259,280,5,electronica,65.49,2025-12-24
16260,614,6,mercado,98.81,2025-08-09
16261,636,2,electronica,103.7,2025-12-18
16262,301,2,ropa,115.06,2025-06-26
16263,23,1,electronica,161.8,2025-02-17
16264,195,2,hogar,314.76,2025-01-16
16265,287,2,hogar,23.01,2025-12-12
16266,61,2,libros,58.93,2025-07-24
16267,367,5,mercado,9.61,2025-02-24
16268,444,1,mercado,84.47,2025-03-03
16269,160,1,mercado,53.7,2025-12-24
16270,83,3,ropa,20.03,2025-12-27
16271,630,2,hogar,80.36,2025-09-26
16272,338,5,mercado,190.18,2025-11-15
16273,251,2,electronica,49.6,2025-03-09
16274,728,2,ropa,81.08,2025-10-03
16275,513,1,libros,107.38,2025-05-07
16276,88,1,electronica,286.88,2025-10-22
16277,308,1,ropa,14.48,2025-11-25
16278,693,2,hogar,368.42,2025-08-12
16279,161,2,hogar,7.98,2025-09-04
16280,767,2,electronica,40.2,2025-09-10
16281,137,2,mercado,85.93,2025-02-10
16282,715,1,libros,58.75,2025-07-08
16283,141,2,mercado,66.3,2025-11-01
16284,328,2,juguetes,42.86,2025-12-21
16285,778,2,ropa,5.75,2025-02-12
16286,198,2,electronica,443.38,2025-04-15
16287,660,1,mercado,8.96,2025-02-23
16288,80,2,electronica,1477.62,2025-03-15
16289,156,2,electronica,204.12,2025-11-22
16290,205,1,libros,146.47,2025-08-07
16291,123,7,juguetes,55.29,2025-05-25
16292,301,4,electronica,123.04,2025-03-27
16293,84,2,ropa,40.44,2025-04-28
16294,722,1,ropa,47.24,2025-01-02
16295,365,1,hogar,52.02,2025-10-20
16296,608,2,ropa,43.67,2025-09-19
16297,255,1,electronica,440.86,2025-05-13
16298,678,2,mercado,80.05,2025-03-07
16299,402,1,ropa,29.47,2025-10-26
16300,31,5,electronica,161.43,2025-10-18
16301,698,4,electronica,164.25,2025-01-18
16302,506,2,hogar,98.08,2025-04-26
16303,339,6,electronica,431.82,2025-12-16
16304,610,3,electronica,959.78,2025-04-06
16305,531,2,hogar,281.45,2025-08-03
16306,521,1,electronica,32.24,2025-10-22
16307,38,1,hogar,145.67,2025-01-07
16308,197,1,mercado,50.06,2025-08-02
16309,47,5,ropa,17.98,2025-10-09
16310,425,4,electronica,49.71,2025-11-16
16311,315,2,libros,15.78,2025-08-20
16312,231,4,mercado,32.02,2025-12-22
16313,360,2,hogar,19.56,2025-06-05
16314,702,2,ropa,23.96,2025-12-25
16315,549,3,mercado,67.13,2025-06-20
16316,483,1,ropa,93.46,2025-03-19
16317,658,1,ropa,11.72,2025-10-23
16318,380,2,mercado,160.81,2025-11-06
16319,186,1,mercado,71.69,2025-08-10
16320,728,3,electronica,25.76,2025-04-11
16321,90,1,mercado,183.23,2025-03-05
16322,502,2,hogar,50.65,2025-04-10
16323,473,2,ropa,24.38,2025-05-16
16324,64,2,mercado,87.3,2025-03-05
16325,624,4,ropa,155.0,2025-01-21
16326,793,3,ropa,143.49,2025-01-14
16327,176,2,ropa,117.03,2025-11-17
16328,461,3,mercado,20.21,2025-03-15
16329,729,2,juguetes,23.29,2025-08-18
16330,404,1,electronica,177.35,2025-05-24
16331,575,6,libros,16.13,2025-04-07
16332,238,3,deportes,101.86,2025-04-02
16333,364,2,hogar,27.25,2025-03-17
16334,252,2,electronica,422.4,2025-02-08
16335,800,2,libros,26.73,2025-06-15
16336,451,3,deportes,194.87,2025-11-08
16337,316,5,mercado,69.49,2025-10-27
16338,567,6,deportes,73.74,2025-10-04
16339,256,2,mercado,212.97,2025-03-21
16340,380,2,electronica,550.34,2025-01-09
16341,286,4,ropa,86.61,2025-09-02
16342,786,2,hogar,245.64,2025-10-07
16343,186,2,juguetes,41.1,2025-08-23
16344,444,4,electronica,768.6,2025-03-18
16345,146,2,mercado,243.94,2025-05-05
16346,527,5,mercado,129.86,2025-09-07
16347,297,1,ropa,189.6,2025-01-01
16348,322,1,mercado,8.74,2025-10-09
16349,711,1,ropa,17.99,2025-05-11
16350,525,1,ropa,387.7,2025-11-24
16351,493,3,electronica,362.9,2025-10-27
16352,532,3,deportes,285.45,2025-05-17
16353,320,4,mercado,15.2,2025-10-20
16354,43,1,ropa,115.8,2025-07-24
16355,736,5,hogar,54.84,2025-02-03
16356,153,2,hogar,62.14,2025-09-06
16357,736,1,electronica,872.06,2025-09-18
16358,470,3,electronica,212.03,2025-11-04
16359,333,2,electronica,778.17,2025-04-11
16360,72,2,electronica,350.44,2025-10-16
16361,427,2,libros,61.69,2025-01-03
16362,623,2,electronica,303.44,2025-05-15
16363,173,4,mercado,5.25,2025-05-05
16364,48,5,mercado,65.6,2025-03-08
16365,363,1,electronica,502.9,2025-02-22
16366,404,2,hogar,10.57,2025-08-07
16367,497,4,ropa,114.8,2025-11-18
16368,348,1,ropa,19.57,2025-02-22
16369,339,3,ropa,141.62,2025-08-07
16370,543,4,ropa,24.24,2025-10-22
16371,301,1,hogar,15.92,2025-05-12
16372,154,1,ropa,59.86,2025-01-04
16373,751,2,ropa,185.99,2025-10-14
16374,784,2,hogar,168.71,2025-03-14
16375,556,1,hogar,74.55,2025-10-14
16376,93,1,ropa,79.92,2025-03-11
16377,664,5,mercado,78.81,2025-11-02
16378,521,2,juguetes,21.79,2025-06-09
16379,17,2,hogar,16.93,2025-09-10
16380,243,2,mercado,25.91,2025-05-22
16381,465,1,ropa,153.16,2025-03-09
16382,577,4,mercado,170.67,2025-02-05
16383,741,1,electronica,630.8,2025-06-04
16384,493,2,deportes,80.59,2025-07-23
16385,384,5,juguetes,31.77,2025-08-12
16386,140,4,ropa,187.41,2025-12-06
16387,208,2,mercado,33.22,2025-04-08
16388,678,2,electronica,488.4,2025-03-20
16389,720,6,deportes,20.72,2025-04-02
16390,488,2,electronica,12.45,2025-03-05
16391,617,4,mercado,45.66,2025-04-04
16392,4,2,electronica,415.32,2025-08-13
16393,333,1,hogar,57.71,2025-03-23
16394,733,2,ropa,267.43,2025-01-17
16395,82,1,mercado,49.33,2025-09-24
16396,283,2,hogar,173.1,2025-01-24
16397,208,2,electronica,90.17,2025-06-23
16398,102,2,ropa,156.2,2025-01-27
16399,162,6,juguetes,120.04,2025-06-25
16400,311,4,deportes,196.6,2025-03-13
16401,565,2,electronica,876.12,2025-11-24
16402,210,1,mercado,39.58,2025-09-11
16403,56,4,electronica,102.83,2025-10-01
16404,787,1,libros,62.57,2025-08-22
16405,47,1,mercado,108.87,2025-02-19
16406,228,1,ropa,114.11,2025-06-17
16407,599,2,ropa,107.03,2025-06-19
16408,653,2,ropa,43.75,2025-10-24
16409,616,2,electronica,149.69,2025-06-19
16410,605,3,deportes,15.07,2025-11-27
16411,515,4,hogar,307.47,2025-04-09
16412,703,2,electronica,76.73,2025-06-03
16413,33,1,ropa,46.52,2025-05-07
16414,370,1,ropa,21.71,2025-07-01
16415,560,1,hogar,71.75,2025-06-20
16416,364,3,libros,52.17,2025-11-15
16417,692,2,hogar,71.47,2025-08-23
16418,495,4,ropa,180.5,2025-05-06
16419,47,5,deportes,149.83,2025-08-02
16420,255,1,ropa,80.54,2025-07-16
16421,297,4,ropa,35.05,2025-07-05
16422,237,2,electronica,278.97,2025-06-09
16423,560,2,electronica,881.71,2025-12-19
16424,654,3,electronica,144.39,2025-03-08
16425,242,4,electronica,83.17,2025-01-27
16426,405,1,libros,26.81,2025-03-14
16427,152,3,ropa,74.49,2025-03-23
16428,710,2,ropa,36.52,2025-10-09
16429,686,1,ropa,119.22,2025-10-21
16430,499,5,ropa,58.65,2025-12-02
16431,457,3,mercado,82.96,2025-06-20
16432,452,2,libros,72.82,2025-10-17
16433,512,4,mercado,98.7,2025-09-07
16434,655,2,ropa,98.32,2025-10-20
16435,194,1,mercado,144.78,2025-05-26
16436,7,6,ropa,58.88,2025-09-20
16437,235,4,juguetes,109.63,2025-11-17
16438,605,2,hogar,84.92,2025-12-08
16439,317,2,hogar,291.22,2025-06-26
16440,502,1,electronica,97.31,2025-04-14
16441,351,1,hogar,192.36,2025-11-13
16442,547,2,electronica,72.71,2025-03-05
16443,221,1,ropa,43.33,2025-05-10
16444,594,1,ropa,22.36,2025-03-01
16445,313,4,hogar,20.02,2025-01-17
16446,282,3,ropa,101.36,2025-04-25
16447,389,1,mercado,49.46,2025-06-09
16448,704,3,juguetes,51.45,2025-11-17
16449,781,2,electronica,46.34,2025-02-13
16450,84,2,hogar,14.77,2025-02-03
16451,743,1,electronica,55.16,2025-04-21
16452,160,4,ropa,489.65,2025-12-21
16453,195,3,ropa,176.13,2025-07-26
16454,56,1,ropa,71.71,2025-11-10
16455,746,2,ropa,28.26,2025-03-11
16456,17,1,mercado,15.29,2025-09-14
16457,48,2,libros,175.67,2025-06-25
16458,481,2,electronica,424.22,2025-04-17
16459,782,2,juguetes,20.85,2025-09-19
16460,171,2,ropa,12.47,2025-10-26
16461,238,1,hogar,346.74,2025-07-22
16462,120,1,ropa,206.02,2025-07-17
16463,769,2,electronica,163.92,2025-03-14
16464,285,5,hogar,97.98,2025-07-21
16465,184,2,hogar,143.34,2025-08-02
16466,695,5,mercado,80.17,2025-01-27
16467,783,2,mercado,19.35,2025-01-15
16468,523,3,electronica,152.2,2025-08-21
16469,111,1,hogar,61.8,2025-01-20
16470,451,2,hogar,84.57,2025-08-13
16471,696,7,hogar,55.91,2025-12-12
16472,460,2,electronica,93.66,2025-07-14
16473,334,2,electronica,237.55,2025-10-22
16474,600,2,ropa,164.47,2025-07-04
16475,92,1,electronica,109.64,2025-01-19
16476,357,1,ropa,20.34,2025-09-03
16477,725,2,juguetes,19.73,2025-11-28
16478,125,1,ropa,31.66,2025-11-26
16479,779,1,electronica,42.07,2025-06-27
16480,316,2,mercado,34.25,2025-09-15
16481,334,2,deportes,53.54,2025-06-28
16482,396,6,electronica,64.66,2025-03-07
16483,348,5,mercado,230.88,2025-07-20
16484,557,1,ropa,65.99,2025-05-11
16485,28,2,ropa,57.97,2025-01-11
16486,660,3,mercado,72.17,2025-04-10
16487,409,2,mercado,13.47,2025-01-07
16488,129,2,mercado,37.35,2025-07-18
16489,152,4,ropa,24.95,2025-01-26
16490,134,5,electronica,567.53,2025-07-16
16491,47,1,ropa,19.96,2025-09-21
16492,601,1,electronica,481.31,2025-04-17
16493,104,5,ropa,261.79,2025-12-10
16494,650,6,electronica,305.58,2025-09-15
16495,349,3,electronica,156.71,2025-10-17
16496,455,7,deportes,120.43,2025-11-18
16497,37,1,mercado,54.58,2025-01-16
16498,119,7,mercado,37.55,2025-05-20
16499,577,1,deportes,205.77,2025-03-19
16500,161,2,electronica,45.92,2025-03-06
16501,105,2,hogar,169.65,2025-04-20
16502,42,2,deportes,9.97,2025-05-09
16503,422,2,deportes,271.14,2025-07-24
16504,393,1,ropa,5.3,2025-08-25
16505,606,2,electronica,590.29,2025-10-05
16506,216,1,ropa,188.54,2025-11-12
16507,366,4,ropa,6.91,2025-10-15
16508,255,7,mercado,36.74,2025-10-11
16509,129,1,ropa,76.15,2025-12-16
16510,404,3,ropa,93.51,2025-03-04
16511,229,2,ropa,68.38,2025-09-13
16512,441,7,hogar,24.81,2025-03-01
16513,293,3,electronica,28.19,2025-05-09
16514,664,3,hogar,169.35,2025-06-18
16515,281,1,electronica,96.27,2025-10-08
16516,392,2,electronica,451.37,2025-06-05
16517,398,2,hogar,121.49,2025-03-25
16518,731,7,mercado,7.47,2025-10-19
16519,477,1,hogar,98.22,2025-02-21
16520,538,2,mercado,19.73,2025-03-28
16521,118,3,mercado,18.12,2025-04-08
16522,322,1,deportes,61.05,2025-07-02
16523,358,1,juguetes,103.68,2025-08-12
16524,533,2,juguetes,18.02,2025-12-08
16525,208,6,mercado,56.03,2025-10-08
16526,539,2,electronica,159.93,2025-05-01
16527,708,6,libros,11.27,2025-11-02
16528,281,5,mercado,8.39,2025-07-01
16529,310,1,hogar,133.77,2025-09-02
16530,188,1,ropa,136.35,2025-09-03
16531,158,3,hogar,210.7,2025-02-03
16532,768,2,ropa,54.08,2025-06-12
16533,454,1,hogar,284.76,2025-10-19
16534,388,1,mercado,40.49,2025-08-13
16535,439,3,mercado,6.64,2025-06-13
16536,153,2,libros,42.68,2025-06-21
16537,387,2,ropa,217.3,2025-12-17
16538,170,3,deportes,33.69,2025-08-24
16539,663,1,hogar,154.76,2025-03-04
16540,296,3,deportes,23.41,2025-11-26
16541,717,1,juguetes,48.62,2025-01-16
16542,355,1,mercado,86.06,2025-09-04
16543,617,1,electronica,302.83,2025-12-20
16544,48,1,ropa,63.03,2025-05-16
16545,27,3,ropa,49.4,2025-02-15
16546,226,3,mercado,28.98,2025-11-22
16547,48,1,libros,8.59,2025-09-05
16548,310,6,electronica,47.34,2025-04-25
16549,451,1,deportes,77.67,2025-04-10
16550,787,4,electronica,181.53,2025-12-09
16551,188,3,mercado,237.01,2025-08-03
16552,226,3,electronica,392.79,2025-10-21
16553,401,3,electronica,34.77,2025-06-10
16554,228,2,ropa,116.79,2025-04-17
16555,716,2,juguetes,29.11,2025-07-12
16556,681,3,electronica,280.21,2025-05-23
16557,430,1,ropa,31.31,2025-07-10
16558,117,3,electronica,119.16,2025-05-07
16559,545,2,ropa,8.38,2025-09-07
16560,579,1,electronica,362.19,2025-04-26
16561,591,1,ropa,11.07,2025-10-19
16562,4,1,hogar,22.2,2025-03-23
16563,468,2,ropa,60.9,2025-04-27
16564,217,1,hogar,109.24,2025-01-09
16565,13,2,hogar,258.38,2025-04-23
16566,479,3,hogar,174.01,2025-05-07
16567,288,3,electronica,164.9,2025-11-07
16568,595,1,electronica,943.16,2025-09-27
16569,737,2,electronica,86.74,2025-12-11
16570,15,2,ropa,196.09,2025-06-23
16571,208,4,electronica,431.77,2025-01-02
16572,200,2,ropa,55.19,2025-02-23
16573,591,4,hogar,226.65,2025-08-12
16574,534,2,electronica,32.94,2025-02-09
16575,706,4,ropa,18.67,2025-03-08
16576,353,2,electronica,216.1,2025-05-24
16577,72,2,mercado,52.79,2025-07-12
16578,200,4,hogar,443.32,2025-05-01
16579,122,3,hogar,248.3,2025-11-21
16580,453,2,ropa,109.83,2025-10-12
16581,511,4,mercado,93.06,2025-05-16
16582,361,3,electronica,5.67,2025-03-22
16583,783,1,hogar,26.29,2025-11-24
16584,176,3,ropa,16.28,2025-02-25
16585,433,1,mercado,6.4,2025-06-17
16586,466,1,electronica,34.54,2025-04-18
16587,260,4,juguetes,72.23,2025-07-11
16588,128,3,electronica,71.11,2025-02-08
16589,249,2,ropa,5.7,2025-01-24
16590,2,2,juguetes,15.79,2025-03-22
16591,55,2,electronica,92.18,2025-04-04
16592,306,2,juguetes,24.49,2025-12-22
16593,123,2,electronica,92.85,2025-12-02
16594,236,2,ropa,18.8,2025-07-16
16595,235,2,electronica,392.03,2025-02-22
16596,350,1,ropa,79.92,2025-08-02
16597,594,2,electronica,267.31,2025-05-01
16598,98,3,electronica,33.46,2025-01-24
16599,671,1,mercado,110.55,2025-01-16
16600,217,4,electronica,166.38,2025-01-06
16601,437,1,mercado,131.98,2025-04-02
16602,584,1,deportes,19.52,2025-05-04
16603,164,1,juguetes,14.23,2025-06-21
16604,790,4,mercado,32.1,2025-02-07
16605,113,1,ropa,5.2,2025-01-11
16606,597,3,juguetes,87.15,2025-03-17
16607,197,2,mercado,12.96,2025-07-21
16608,58,1,electronica,79.16,2025-03-09
16609,281,3,hogar,32.64,2025-03-12
16610,178,2,electronica,148.77,2025-10-22
16611,455,3,ropa,45.85,2025-10-28
16612,73,2,electronica,19.96,2025-09-26
16613,243,1,hogar,36.86,2025-05-26
16614,362,3,electronica,122.07,2025-01-19
16615,195,1,hogar,206.33,2025-12-28
16616,778,3,hogar,17.31,2025-04-08
16617,479,3,hogar,20.06,2025-06-10
16618,691,4,ropa,16.32,2025-06-16
16619,243,2,electronica,515.05,2025-03-09
16620,380,2,electronica,148.06,2025-10-14
16621,80,6,ropa,183.47,2025-12-24
16622,677,3,hogar,41.67,2025-09-07
16623,666,2,ropa,112.03,2025-03-14
16624,108,2,juguetes,15.15,2025-04-20
16625,704,3,mercado,137.67,2025-08-09
16626,337,4,electronica,553.62,2025-02-09
16627,247,4,ropa,273.98,2025-11-19
16628,668,6,mercado,129.52,2025-04-20
16629,629,1,juguetes,13.84,2025-07-06
16630,77,5,mercado,31.02,2025-09-14
16631,450,2,electronica,148.14,2025-08-08
16632,306,1,ropa,156.8,2025-10-09
16633,173,1,electronica,218.58,2025-06-07
16634,681,6,ropa,15.42,2025-07-05
16635,696,2,hogar,21.32,2025-05-14
16636,266,1,mercado,42.11,2025-08-16
16637,13,2,electronica,61.09,2025-03-23
16638,174,1,electronica,84.76,2025-04-02
16639,589,1,electronica,889.93,2025-07-02
16640,190,2,electronica,622.8,2025-09-12
16641,640,2,hogar,13.65,2025-08-18
16642,612,1,ropa,49.8,2025-04-03
16643,540,7,ropa,162.21,2025-01-14
16644,264,5,mercado,132.38,2025-12-06
16645,532,3,libros,19.3,2025-12-16
16646,668,4,hogar,52.73,2025-02-25
16647,512,4,electronica,104.87,2025-04-12
16648,633,2,mercado,131.77,2025-12-08
16649,449,1,juguetes,43.88,2025-12-20
16650,451,4,ropa,107.21,2025-12-11
16651,490,1,ropa,41.99,2025-09-12
16652,308,3,electronica,45.32,2025-05-21
16653,654,1,electronica,474.63,2025-04-03
16654,606,3,electronica,850.3,2025-04-07
16655,431,1,electronica,20.92,2025-07-26
16656,669,5,hogar,269.46,2025-10-16
16657,535,1,electronica,619.6,2025-04-08
16658,428,3,electronica,78.15,2025-02-13
16659,671,3,mercado,155.91,2025-07-22
16660,281,2,ropa,29.06,2025-11-12
16661,350,3,mercado,52.9,2025-11-07
16662,54,3,ropa,138.74,2025-12-18
16663,10,1,electronica,282.91,2025-01-17
16664,91,1,hogar,56.94,2025-08-19
16665,206,2,juguetes,17.58,2025-10-22
16666,34,2,ropa,69.12,2025-05-22
16667,383,2,electronica,224.67,2025-01-03
16668,489,1,juguetes,52.54,2025-12-11
16669,304,2,libros,47.02,2025-08-21
16670,403,2,electronica,46.02,2025-06-08
16671,328,2,ropa,95.08,2025-04-10
16672,691,3,electronica,727.23,2025-01-26
16673,268,2,electronica,55.16,2025-04-20
16674,545,1,hogar,24.67,2025-05-08
16675,463,4,hogar,481.81,2025-01-27
16676,415,1,ropa,117.4,2025-09-09
16677,774,5,hogar,128.1,2025-04-09
16678,599,1,deportes,213.51,2025-11-02
16679,339,1,mercado,115.51,2025-09-13
16680,127,2,libros,23.55,2025-09-28
16681,47,2,deportes,608.83,2025-01-10
16682,631,1,ropa,13.39,2025-03-02
16683,730,3,libros,22.2,2025-01-05
16684,619,2,electronica,16.51,2025-11-02
16685,670,1,mercado,108.52,2025-09-25
16686,791,5,ropa,21.46,2025-11-17
16687,67,2,deportes,57.27,2025-04-06
16688,421,2,mercado,102.45,2025-03-26
16689,173,1,deportes,12.59,2025-11-11
16690,92,3,hogar,337.57,2025-06-26
16691,34,2,deportes,21.79,2025-06-05
16692,275,1,electronica,178.74,2025-04-14
16693,529,1,ropa,156.73,2025-10-24
16694,99,3,mercado,139.25,2025-03-16
16695,174,1,ropa,69.35,2025-10-02
16696,36,1,electronica,301.82,2025-03-06
16697,797,2,ropa,438.24,2025-02-26
16698,542,2,electronica,354.94,2025-11-03
16699,673,2,mercado,56.79,2025-12-28
16700,211,2,electronica,400.06,2025-02-07
16701,382,3,ropa,22.15,2025-06-12
16702,551,2,libros,93.57,2025-12-19
16703,75,1,electronica,457.7,2025-09-20
16704,499,2,hogar,27.91,2025-08-04
16705,36,3,hogar,78.84,2025-10-05
16706,638,4,juguetes,296.29,2025-05-01
16707,238,2,hogar,66.91,2025-07-15
16708,284,5,mercado,24.86,2025-01-15
16709,355,1,deportes,134.25,2025-08-13
16710,761,6,hogar,102.65,2025-02-20
16711,649,1,deportes,122.52,2025-05-24
16712,295,2,ropa,46.22,2025-07-14
16713,393,1,ropa,20.3,2025-07-21
16714,707,2,libros,10.87,2025-05-01
16715,184,2,deportes,12.79,2025-05-16
16716,607,2,mercado,25.72,2025-07-25
16717,514,1,ropa,150.17,2025-03-24
16718,246,1,libros,66.3,2025-12-11
16719,355,2,mercado,118.21,2025-07-03
16720,620,4,hogar,12.43,2025-11-09
16721,49,1,deportes,116.1,2025-01-03
16722,799,1,electronica,138.58,2025-08-09
16723,164,6,hogar,40.8,2025-04-28
16724,714,2,hogar,103.83,2025-03-24
16725,794,1,electronica,782.14,2025-09-12
16726,195,2,libros,116.77,2025-10-16
16727,445,2,electronica,558.87,2025-05-13
16728,79,1,ropa,31.09,2025-09-12
16729,421,3,ropa,147.0,2025-09-13
16730,132,4,juguetes,8.55,2025-07-18
16731,62,2,electronica,57.43,2025-05-23
16732,431,2,deportes,55.77,2025-03-18
16733,10,2,libros,53.51,2025-11-04
16734,437,2,ropa,97.19,2025-10-04
16735,151,4,ropa,10.51,2025-11-09
16736,735,2,libros,21.85,2025-04-24
16737,695,3,libros,35.44,2025-12-13
16738,557,6,ropa,20.35,2025-06-13
16739,711,2,ropa,62.11,2025-10-04
16740,103,2,mercado,80.99,2025-04-27
16741,501,1,juguetes,120.13,2025-05-11
16742,552,2,mercado,74.71,2025-03-27
16743,776,2,mercado,107.08,2025-07-14
16744,130,1,mercado,98.47,2025-03-09
16745,576,3,ropa,54.95,2025-08-09
16746,252,3,mercado,78.91,2025-11-26
16747,304,7,hogar,133.38,2025-02-01
16748,176,1,ropa,38.39,2025-02-05
16749,196,4,hogar,182.31,2025-01-02
16750,13,3,mercado,65.82,2025-07-12
16751,724,1,mercado,22.22,2025-06-23
16752,708,2,electronica,409.68,2025-10-18
16753,721,4,electronica,302.18,2025-08-22
16754,386,1,hogar,215.05,2025-06-14
16755,470,2,hogar,30.97,2025-10-12
16756,255,6,mercado,90.71,2025-07-28
16757,461,1,mercado,68.28,2025-01-09
16758,201,1,mercado,41.93,2025-11-25
16759,427,2,electronica,50.33,2025-03-10
16760,91,3,mercado,82.48,2025-07-23
16761,51,3,libros,58.01,2025-10-19
16762,613,3,electronica,64.91,2025-04-14
16763,500,2,juguetes,87.74,2025-03-18
16764,372,1,mercado,16.91,2025-12-13
16765,211,1,electronica,191.93,2025-07-01
16766,664,2,electronica,275.17,2025-08-08
16767,378,1,mercado,61.76,2025-06-14
16768,63,4,hogar,371.62,2025-12-03
16769,447,2,hogar,59.78,2025-03-11
16770,333,3,ropa,307.88,2025-02-27
16771,425,1,hogar,32.55,2025-09-01
16772,207,2,libros,21.17,2025-01-15
16773,539,1,ropa,120.82,2025-07-12
16774,360,2,mercado,112.97,2025-06-12
16775,609,3,ropa,208.43,2025-10-01
16776,53,2,deportes,196.46,2025-05-25
16777,335,2,ropa,7.57,2025-08-21
16778,779,2,libros,6.96,2025-01-27
16779,206,2,deportes,23.24,2025-12-18
16780,462,4,electronica,152.85,2025-08-01
16781,17,1,mercado,28.32,2025-04-06
16782,659,3,mercado,27.99,2025-01-06
16783,93,1,mercado,44.73,2025-06-05
16784,261,2,electronica,66.66,2025-06-24
16785,492,3,deportes,122.38,2025-08-04
16786,717,1,electronica,323.25,2025-04-27
16787,128,2,mercado,58.4,2025-03-24
16788,501,2,ropa,64.12,2025-11-14
16789,19,1,hogar,35.96,2025-05-18
16790,174,2,electronica,320.79,2025-01-26
16791,432,1,libros,31.77,2025-12-15
16792,761,1,electronica,154.2,2025-01-09
16793,512,1,electronica,29.58,2025-03-10
16794,108,1,ropa,48.91,2025-10-25
16795,215,3,hogar,150.97,2025-09-02
16796,753,5,ropa,75.88,2025-12-24
16797,726,4,juguetes,16.2,2025-09-19
16798,404,2,libros,225.55,2025-07-19
16799,614,5,mercado,41.73,2025-08-19
16800,665,1,electronica,169.63,2025-12-10
16801,730,2,hogar,17.41,2025-05-11
16802,727,2,hogar,112.15,2025-12-27
16803,631,1,mercado,30.09,2025-03-18
16804,373,2,deportes,291.15,2025-08-23
16805,672,1,juguetes,9.32,2025-07-13
16806,693,2,electronica,39.64,2025-04-25
16807,134,4,electronica,414.1,2025-08-16
16808,569,5,electronica,484.67,2025-09-03
16809,751,2,electronica,156.97,2025-02-25
16810,697,3,hogar,180.16,2025-02-28
16811,117,1,electronica,519.02,2025-10-08
16812,58,4,electronica,395.68,2025-01-22
16813,227,2,libros,6.36,2025-08-20
16814,4,1,juguetes,41.23,2025-12-24
16815,204,1,ropa,124.99,2025-05-21
16816,685,2,mercado,25.72,2025-03-22
16817,141,2,ropa,186.13,2025-07-23
16818,138,2,electronica,174.37,2025-08-19
16819,441,4,hogar,107.27,2025-03-07
16820,429,6,ropa,30.77,2025-05-27
16821,3,3,mercado,16.09,2025-02-14
16822,258,2,electronica,456.65,2025-09-10
16823,144,2,mercado,17.87,2025-12-18
16824,321,1,ropa,193.49,2025-12-12
16825,63,4,mercado,242.49,2025-07-02
16826,103,2,mercado,102.81,2025-07-08
16827,644,2,juguetes,47.8,2025-02-03
16828,323,2,mercado,166.86,2025-11-19
16829,11,3,electronica,517.75,2025-09-24
16830,199,1,electronica,242.94,2025-08-09
16831,257,2,mercado,26.84,2025-05-12
16832,156,1,hogar,148.29,2025-04-16
16833,561,3,electronica,75.72,2025-06-26
16834,750,1,deportes,263.51,2025-09-15
16835,393,1,electronica,183.92,2025-12-04
16836,345,1,hogar,59.25,2025-12-02
16837,353,4,hogar,44.74,2025-04-06
16838,470,2,hogar,112.87,2025-10-27
16839,237,3,juguetes,22.66,2025-05-20
16840,563,2,mercado,56.9,2025-01-19
16841,279,3,electronica,398.25,2025-03-21
16842,560,3,mercado,52.61,2025-11-20
16843,173,1,electronica,478.58,2025-09-26
16844,232,3,electronica,465.94,2025-11-23
16845,402,2,electronica,220.94,2025-11-11
16846,124,2,hogar,53.16,2025-07-13
16847,41,5,mercado,31.56,2025-05-17
16848,598,1,electronica,244.75,2025-05-23
16849,98,2,hogar,31.47,2025-05-10
16850,404,2,electronica,291.23,2025-07-15
16851,377,2,mercado,60.9,2025-08-22
16852,749,2,ropa,32.56,2025-06-01
16853,652,2,deportes,83.99,2025-02-25
16854,145,2,electronica,66.14,2025-01-16
16855,237,4,hogar,118.84,2025-08-17
16856,72,2,hogar,74.77,2025-01-27
16857,603,3,mercado,14.18,2025-01-20
16858,237,1,ropa,43.28,2025-04-08
16859,603,2,mercado,34.59,2025-01-12
16860,157,2,electronica,153.04,2025-03-02
16861,448,2,hogar,5.03,2025-10-26
16862,128,3,deportes,154.21,2025-06-17
16863,673,2,ropa,162.58,2025-03-12
16864,108,1,deportes,22.37,2025-01-14
16865,433,1,electronica,190.16,2025-10-20
16866,412,2,mercado,83.56,2025-03-07
16867,137,4,hogar,45.52,2025-10-06
16868,674,1,electronica,45.42,2025-12-25
16869,173,1,libros,43.34,2025-06-04
16870,749,3,electronica,689.54,2025-12-01
16871,135,2,libros,101.94,2025-05-12
16872,424,2,hogar,53.47,2025-03-04
16873,389,1,libros,13.38,2025-12-08
16874,493,2,electronica,500.95,2025-05-01
16875,418,2,electronica,77.06,2025-03-21
16876,137,2,hogar,130.7,2025-06-14
16877,585,1,ropa,45.53,2025-04-09
16878,189,2,juguetes,59.35,2025-02-04
16879,759,5,mercado,103.43,2025-08-05
16880,184,2,juguetes,54.84,2025-06-28
16881,703,2,hogar,33.55,2025-05-12
16882,230,2,ropa,5.55,2025-02-13
16883,619,4,electronica,582.97,2025-11-14
16884,589,1,ropa,16.87,2025-08-14
16885,441,1,ropa,106.5,2025-05-18
16886,180,2,ropa,6.11,2025-09-13
16887,202,1,ropa,56.94,2025-09-17
16888,321,3,electronica,101.14,2025-01-25
16889,602,1,hogar,327.28,2025-11-05
16890,63,3,ropa,10.23,2025-03-03
16891,296,4,juguetes,114.11,2025-10-22
16892,434,2,mercado,186.0,2025-08-25
16893,345,2,mercado,20.13,2025-07-20
16894,505,2,libros,28.29,2025-04-23
16895,3,3,libros,23.85,2025-03-08
16896,31,2,libros,69.62,2025-06-16
16897,701,2,electronica,106.86,2025-02-20
16898,443,2,mercado,37.82,2025-06-24
16899,587,2,electronica,461.92,2025-01-24
16900,6,1,deportes,384.95,2025-12-07
16901,203,1,mercado,149.69,2025-02-06
16902,327,1,mercado,42.92,2025-01-05
16903,57,1,electronica,263.01,2025-05-21
16904,556,2,ropa,160.39,2025-07-04
16905,472,5,ropa,5.66,2025-06-15
16906,779,1,deportes,143.86,2025-02-13
16907,541,4,ropa,146.95,2025-04-12
16908,85,1,electronica,331.82,2025-06-23
16909,147,1,mercado,24.18,2025-04-07
16910,402,1,mercado,174.11,2025-03-20
16911,563,2,mercado,36.75,2025-07-01
16912,331,1,deportes,12.27,2025-09-04
16913,319,2,deportes,82.08,2025-09-07
16914,511,2,deportes,401.26,2025-02-18
16915,414,1,libros,36.59,2025-12-05
16916,358,1,hogar,300.89,2025-01-27
16917,228,2,ropa,31.84,2025-04-02
16918,542,2,juguetes,78.46,2025-10-23
16919,67,3,hogar,62.56,2025-08-01
16920,750,3,ropa,33.96,2025-10-09
16921,218,2,electronica,191.43,2025-06-10
16922,541,5,libros,42.87,2025-01-16
16923,391,2,deportes,176.86,2025-05-26
16924,27,2,electronica,409.94,2025-11-04
16925,363,2,ropa,12.12,2025-01-21
16926,800,1,electronica,63.45,2025-05-04
16927,401,1,mercado,34.77,2025-06-13
16928,611,2,hogar,35.22,2025-12-24
16929,256,5,mercado,105.62,2025-08-16
16930,500,1,electronica,179.64,2025-04-25
16931,531,2,ropa,227.41,2025-09-27
16932,558,3,mercado,57.83,2025-04-06
16933,674,2,electronica,113.62,2025-10-16
16934,275,2,mercado,63.32,2025-03-24
16935,311,2,libros,113.49,2025-04-27
16936,421,2,ropa,12.12,2025-08-02
16937,383,4,ropa,175.0,2025-02-11
16938,281,1,libros,28.99,2025-01-09
16939,270,1,mercado,149.84,2025-06-02
16940,411,2,mercado,175.54,2025-08-09
16941,51,5,libros,139.44,2025-08-01
16942,317,2,hogar,33.9,2025-04-11
16943,220,6,mercado,29.14,2025-12-07
16944,478,1,electronica,171.61,2025-06-25
16945,626,5,electronica,163.89,2025-05-23
16946,767,1,libros,19.41,2025-06-21
16947,556,2,libros,63.79,2025-01-23
16948,555,1,ropa,31.21,2025-07-14
16949,596,3,deportes,31.04,2025-08-25
16950,547,3,mercado,61.74,2025-06-17
16951,430,2,ropa,80.42,2025-09-09
16952,579,4,mercado,55.2,2025-08-04
16953,274,2,ropa,7.01,2025-04-02
16954,215,3,deportes,152.91,2025-11-27
16955,101,1,juguetes,50.63,2025-03-16
16956,376,2,ropa,68.03,2025-10-16
16957,622,2,mercado,17.59,2025-12-12
16958,793,1,ropa,19.04,2025-04-23
16959,198,1,ropa,21.04,2025-10-17
16960,798,1,ropa,65.96,2025-04-14
16961,395,5,mercado,17.3,2025-01-26
16962,399,4,ropa,32.74,2025-02-08
16963,188,4,hogar,115.2,2025-09-18
16964,557,1,ropa,115.86,2025-02-10
16965,594,3,electronica,63.97,2025-08-11
16966,546,1,hogar,19.33,2025-11-27
16967,504,1,mercado,16.76,2025-11-06
16968,227,1,deportes,56.44,2025-04-02
16969,287,3,ropa,42.46,2025-02-26
16970,680,2,electronica,150.54,2025-03-01
16971,793,1,hogar,507.78,2025-09-16
16972,236,2,ropa,161.07,2025-03-03
16973,738,1,electronica,1107.85,2025-08-06
16974,772,1,electronica,252.93,2025-05-04
16975,748,1,hogar,132.37,2025-12-16
16976,143,2,mercado,90.73,2025-08-18
16977,42,2,juguetes,7.04,2025-08-10
16978,370,2,ropa,77.82,2025-10-28
16979,626,3,electronica,188.94,2025-09-07
16980,290,4,mercado,6.35,2025-01-19
16981,562,1,electronica,1549.49,2025-10-25
16982,680,6,ropa,86.2,2025-06-22
16983,495,2,electronica,6.14,2025-08-09
16984,266,2,ropa,71.59,2025-12-11
16985,690,2,electronica,408.66,2025-08-09
16986,58,1,ropa,126.48,2025-09-05
16987,495,2,hogar,47.13,2025-03-20
16988,85,1,electronica,458.51,2025-05-12
16989,309,2,ropa,145.75,2025-11-02
16990,72,2,mercado,5.56,2025-04-17
16991,636,2,mercado,20.62,2025-03-14
16992,454,1,electronica,12.95,2025-01-16
16993,282,5,electronica,240.51,2025-05-22
16994,370,1,mercado,32.77,2025-11-11
16995,118,2,hogar,62.71,2025-02-24
16996,335,1,electronica,133.52,2025-12-19
16997,523,7,electronica,324.09,2025-07-26
16998,247,3,hogar,12.81,2025-05-07
16999,201,1,hogar,48.21,2025-06-16
17000,297,2,libros,37.96,2025-09-07
17001,52,1,deportes,34.4,2025-10-13
17002,516,3,mercado,62.74,2025-12-02
17003,191,7,ropa,262.63,2025-05-08
17004,365,5,ropa,25.9,2025-07-28
17005,358,1,electronica,71.38,2025-11-10
17006,68,1,ropa,8.76,2025-09-15
17007,308,7,electronica,66.2,2025-06-11
17008,442,1,hogar,33.26,2025-09-09
17009,445,1,electronica,421.71,2025-02-27
17010,526,2,ropa,40.23,2025-01-09
17011,748,1,juguetes,41.28,2025-02-13
17012,302,2,electronica,65.52,2025-01-09
17013,461,3,ropa,19.33,2025-11-15
17014,673,2,ropa,141.45,2025-06-25
17015,256,1,juguetes,90.64,2025-04-22
17016,263,2,ropa,51.62,2025-01-22
17017,591,2,electronica,511.33,2025-10-12
17018,189,2,electronica,417.11,2025-09-25
17019,30,2,ropa,136.66,2025-12-17
17020,710,3,deportes,58.02,2025-03-22
17021,475,1,deportes,118.35,2025-07-15
17022,229,2,mercado,10.49,2025-10-10
17023,601,1,mercado,85.14,2025-08-25
17024,639,4,electronica,52.14,2025-04-24
17025,475,6,ropa,15.7,2025-09-01
17026,636,1,hogar,162.63,2025-09-26
17027,567,2,electronica,291.71,2025-08-11
17028,72,2,electronica,777.89,2025-12-19
17029,199,1,hogar,39.59,2025-09-02
17030,245,5,electronica,100.04,2025-02-03
17031,584,4,ropa,232.55,2025-12-28
17032,12,1,hogar,462.97,2025-09-24
17033,758,2,deportes,48.03,2025-08-20
17034,15,2,electronica,148.39,2025-02-10
17035,364,1,deportes,98.08,2025-11-11
17036,221,1,hogar,153.92,2025-01-08
17037,42,1,ropa,30.87,2025-08-14
17038,422,7,mercado,11.31,2025-04-13
17039,173,2,mercado,45.37,2025-09-28
17040,515,2,ropa,5.38,2025-09-11
17041,784,2,hogar,61.7,2025-02-26
17042,315,4,ropa,278.6,2025-05-12
17043,114,1,mercado,49.67,2025-08-08
17044,551,7,libros,31.42,2025-10-26
17045,433,2,deportes,53.83,2025-02-24
17046,150,2,deportes,16.29,2025-06-04
17047,780,4,hogar,295.68,2025-06-06
17048,714,1,mercado,44.73,2025-12-19
17049,73,1,juguetes,66.7,2025-09-28
17050,309,2,ropa,150.92,2025-06-12
17051,422,2,mercado,68.51,2025-02-05
17052,613,2,juguetes,23.4,2025-09-21
17053,53,6,electronica,282.82,2025-05-04
17054,613,1,hogar,335.82,2025-07-16
17055,6,3,hogar,12.36,2025-11-10
17056,760,2,electronica,137.9,2025-04-19
17057,478,2,ropa,109.47,2025-05-19
17058,33,2,mercado,18.88,2025-02-24
17059,627,1,hogar,196.32,2025-06-16
17060,735,3,hogar,55.9,2025-03-28
17061,216,2,ropa,101.15,2025-11-05
17062,328,5,libros,39.76,2025-04-24
17063,663,4,electronica,46.43,2025-05-06
17064,465,2,electronica,19.82,2025-04-06
17065,313,2,electronica,223.54,2025-08-22
17066,44,2,hogar,41.62,2025-06-06
17067,139,5,deportes,57.23,2025-10-02
17068,691,1,electronica,325.72,2025-01-28
17069,401,3,mercado,118.87,2025-01-19
17070,415,2,mercado,68.66,2025-02-25
17071,568,2,hogar,8.16,2025-04-06
17072,543,1,mercado,16.73,2025-11-23
17073,143,1,ropa,75.84,2025-06-26
17074,680,2,juguetes,27.63,2025-07-03
17075,183,3,deportes,286.65,2025-08-22
17076,208,3,ropa,154.41,2025-09-28
17077,315,2,libros,14.07,2025-02-21
17078,285,3,deportes,76.29,2025-08-08
17079,388,2,electronica,402.74,2025-02-19
17080,498,1,juguetes,205.25,2025-04-07
17081,592,5,electronica,688.58,2025-04-05
17082,524,2,mercado,34.49,2025-08-21
17083,209,2,ropa,103.32,2025-06-04
17084,334,7,mercado,9.47,2025-02-15
17085,103,7,mercado,10.61,2025-11-07
17086,92,3,mercado,189.5,2025-06-03
17087,112,1,mercado,66.85,2025-06-28
17088,669,2,mercado,53.93,2025-11-07
17089,709,2,electronica,214.41,2025-02-13
17090,294,2,hogar,49.59,2025-06-02
17091,635,3,mercado,46.6,2025-10-08
17092,570,2,electronica,17.89,2025-11-21
17093,66,2,hogar,41.43,2025-04-10
17094,149,1,mercado,5.36,2025-03-06
17095,324,4,libros,8.77,2025-11-01
17096,482,2,electronica,397.57,2025-02-20
17097,289,1,hogar,222.31,2025-12-21
17098,473,1,deportes,204.47,2025-01-23
17099,55,3,ropa,31.11,2025-03-17
17100,466,2,deportes,215.86,2025-10-20
17101,206,1,hogar,198.98,2025-06-06
17102,76,5,libros,96.92,2025-08-12
17103,547,2,electronica,373.08,2025-07-17
17104,303,2,hogar,21.04,2025-03-10
17105,318,2,hogar,12.88,2025-02-22
17106,286,4,juguetes,33.41,2025-07-22
17107,59,2,deportes,135.12,2025-02-20
17108,29,2,hogar,438.8,2025-01-24
17109,325,5,ropa,78.5,2025-09-17
17110,359,3,electronica,188.3,2025-07-01
17111,513,3,ropa,12.9,2025-02-01
17112,117,1,ropa,87.65,2025-05-19
17113,746,7,mercado,27.48,2025-05-19
17114,38,6,electronica,835.21,2025-09-20
17115,589,2,libros,55.49,2025-10-24
17116,669,1,juguetes,9.55,2025-12-20
17117,7,3,deportes,199.57,2025-04-16
17118,792,6,electronica,527.14,2025-01-23
17119,584,2,deportes,59.38,2025-07-14
17120,752,5,deportes,57.8,2025-01-07
17121,648,2,libros,96.89,2025-11-07
17122,322,5,ropa,51.68,2025-06-15
17123,767,2,hogar,76.85,2025-12-28
17124,588,2,hogar,5.06,2025-09-02
17125,207,1,hogar,26.28,2025-12-25
17126,386,3,deportes,9.43,2025-09-13
17127,525,2,ropa,74.87,2025-06-26
17128,26,1,hogar,25.27,2025-05-26
17129,430,2,hogar,264.27,2025-10-19
17130,541,3,mercado,57.16,2025-07-15
17131,731,2,mercado,134.68,2025-03-26
17132,587,1,mercado,76.74,2025-09-04
17133,57,2,mercado,37.63,2025-08-09
17134,39,1,mercado,135.89,2025-01-13
17135,567,1,mercado,91.86,2025-08-26
17136,329,3,mercado,15.33,2025-02-28
17137,293,6,libros,11.2,2025-03-21
17138,15,2,ropa,47.49,2025-05-23
17139,359,2,juguetes,15.63,2025-11-22
17140,298,1,electronica,695.5,2025-03-22
17141,472,1,electronica,836.61,2025-11-19
17142,184,1,electronica,423.26,2025-09-13
17143,178,5,electronica,170.99,2025-04-24
17144,471,3,libros,51.3,2025-11-07
17145,584,3,electronica,828.77,2025-11-09
17146,589,3,deportes,140.51,2025-05-25
17147,99,1,hogar,204.91,2025-07-12
17148,361,6,juguetes,59.86,2025-09-05
17149,752,1,ropa,23.64,2025-10-21
17150,93,2,juguetes,27.8,2025-05-19
17151,650,2,ropa,133.12,2025-10-06
17152,265,2,mercado,15.27,2025-09-20
17153,712,1,electronica,61.65,2025-06-11
17154,314,5,electronica,503.8,2025-09-21
17155,673,1,libros,78.15,2025-08-15
17156,548,5,hogar,105.89,2025-11-20
17157,453,2,mercado,90.57,2025-12-20
17158,63,4,electronica,738.14,2025-10-24
17159,464,2,deportes,17.91,2025-02-02
17160,168,2,mercado,74.06,2025-11-19
17161,630,1,ropa,37.11,2025-04-08
17162,382,2,electronica,77.13,2025-04-26
17163,64,3,hogar,18.21,2025-03-27
17164,326,3,mercado,200.23,2025-05-05
17165,168,2,ropa,10.1,2025-05-26
17166,3,1,mercado,7.18,2025-06-05
17167,173,3,electronica,85.22,2025-07-08
17168,171,2,electronica,175.47,2025-06-01
17169,292,6,libros,60.57,2025-01-20
17170,441,2,electronica,831.15,2025-07-08
17171,208,4,electronica,239.54,2025-04-19
17172,276,2,hogar,21.72,2025-08-09
17173,67,6,ropa,30.8,2025-05-07
17174,366,2,juguetes,150.01,2025-01-26
17175,445,3,ropa,102.28,2025-03-07
17176,725,4,electronica,159.08,2025-05-24
17177,501,4,juguetes,22.93,2025-03-18
17178,213,2,electronica,966.33,2025-06-19
17179,201,3,mercado,6.29,2025-04-23
17180,100,2,ropa,140.75,2025-09-16
17181,628,3,ropa,97.07,2025-08-23
17182,419,1,ropa,68.5,2025-10-28
17183,406,3,ropa,149.56,2025-11-11
17184,557,2,hogar,34.64,2025-01-02
17185,39,2,libros,51.17,2025-10-06
17186,90,2,juguetes,17.68,2025-03-18
17187,374,1,mercado,99.35,2025-02-21
17188,211,3,mercado,152.26,2025-04-17
17189,71,1,hogar,5.29,2025-08-10
17190,614,3,libros,29.86,2025-07-04
17191,648,1,mercado,74.47,2025-02-21
17192,575,2,mercado,21.17,2025-01-23
17193,645,1,hogar,82.9,2025-08-12
17194,761,1,libros,111.29,2025-07-20
17195,77,1,mercado,24.88,2025-01-04
17196,147,3,ropa,60.55,2025-03-24
17197,325,3,juguetes,27.36,2025-10-14
17198,382,2,electronica,104.8,2025-11-12
17199,220,4,deportes,22.25,2025-02-24
17200,677,5,ropa,221.08,2025-01-13
17201,417,3,ropa,143.14,2025-08-06
17202,146,5,mercado,68.98,2025-03-10
17203,163,1,ropa,20.52,2025-06-23
17204,122,1,hogar,34.66,2025-11-17
17205,699,2,electronica,40.52,2025-12-15
17206,279,2,hogar,171.56,2025-01-24
17207,332,1,electronica,184.55,2025-03-19
17208,725,1,mercado,6.95,2025-07-13
17209,4,2,electronica,645.59,2025-11-20
17210,439,2,libros,32.01,2025-02-20
17211,37,6,electronica,1035.35,2025-03-20
17212,731,1,electronica,935.98,2025-01-17
17213,133,2,hogar,49.65,2025-10-17
17214,785,3,mercado,30.68,2025-07-10
17215,562,4,electronica,371.8,2025-10-16
17216,655,4,mercado,18.83,2025-07-16
17217,539,2,electronica,85.88,2025-06-23
17218,5,3,ropa,171.43,2025-06-10
17219,30,3,libros,85.92,2025-04-09
17220,664,1,hogar,69.75,2025-09-17
17221,10,2,juguetes,11.52,2025-11-23
17222,27,3,juguetes,33.18,2025-11-04
17223,20,1,deportes,182.34,2025-01-17
17224,85,1,electronica,168.68,2025-01-14
17225,434,1,electronica,58.97,2025-07-25
17226,306,1,ropa,219.3,2025-09-13
17227,232,2,hogar,83.77,2025-05-28
17228,568,6,hogar,106.85,2025-02-24
17229,313,3,ropa,40.78,2025-07-13
17230,338,7,mercado,39.98,2025-05-15
17231,71,2,hogar,342.96,2025-10-15
17232,321,2,mercado,87.7,2025-12-15
17233,363,1,deportes,134.89,2025-12-01
17234,565,3,mercado,148.29,2025-11-20
17235,313,2,ropa,29.25,2025-03-28
17236,361,3,deportes,131.1,2025-01-03
17237,5,3,ropa,49.29,2025-08-13
17238,535,2,electronica,183.55,2025-03-17
17239,369,2,ropa,35.08,2025-01-06
17240,519,2,libros,62.01,2025-05-04
17241,470,6,electronica,191.01,2025-11-01
17242,723,2,libros,26.83,2025-06-26
17243,592,1,mercado,31.94,2025-09-14
17244,676,7,electronica,26.96,2025-01-10
17245,578,3,electronica,308.16,2025-09-11
17246,356,7,electronica,353.01,2025-12-23
17247,154,2,hogar,123.16,2025-11-19
17248,491,1,deportes,112.06,2025-07-23
17249,647,4,deportes,20.42,2025-02-21
17250,452,2,mercado,18.49,2025-02-13
17251,20,2,electronica,864.11,2025-08-05
17252,680,4,ropa,120.91,2025-02-03
17253,100,3,hogar,5.6,2025-12-10
17254,324,1,ropa,53.84,2025-09-25
17255,26,3,electronica,452.3,2025-08-08
17256,256,1,mercado,10.47,2025-07-23
17257,500,2,ropa,5.84,2025-10-17
17258,764,4,ropa,19.58,2025-10-22
17259,260,2,juguetes,105.96,2025-08-04
17260,101,2,ropa,23.89,2025-01-20
17261,799,5,libros,16.42,2025-01-23
17262,184,4,electronica,187.66,2025-06-22
17263,282,2,libros,5.09,2025-04-03
17264,610,2,hogar,65.88,2025-11-20
17265,629,2,hogar,18.68,2025-12-16
17266,180,1,deportes,35.61,2025-03-27
17267,690,1,electronica,195.7,2025-06-09
17268,426,6,ropa,21.57,2025-05-26
17269,779,4,electronica,220.68,2025-10-22
17270,565,2,mercado,75.32,2025-09-10
17271,141,4,ropa,113.99,2025-07-25
17272,564,5,ropa,52.33,2025-09-19
17273,439,1,electronica,7.68,2025-04-01
17274,114,3,hogar,87.26,2025-08-10
17275,295,3,hogar,188.71,2025-03-11
17276,530,2,libros,61.73,2025-08-10
17277,178,2,electronica,174.59,2025-08-14
17278,357,2,libros,9.61,2025-01-03
17279,768,2,hogar,94.41,2025-05-18
17280,419,5,electronica,14.21,2025-02-24
17281,737,1,hogar,243.13,2025-12-15
17282,607,1,libros,11.94,2025-11-12
17283,622,3,hogar,183.65,2025-01-04
17284,346,2,ropa,104.23,2025-08-11
17285,419,2,hogar,151.93,2025-02-26
17286,377,2,ropa,56.25,2025-09-27
17287,232,2,hogar,53.71,2025-05-07
17288,606,7,mercado,16.15,2025-01-14
17289,25,4,electronica,112.11,2025-11-27
17290,597,1,ropa,139.12,2025-11-19
17291,640,2,hogar,44.05,2025-07-14
17292,203,2,electronica,384.1,2025-11-02
17293,634,2,ropa,63.26,2025-01-11
17294,645,2,electronica,44.81,2025-07-18
17295,420,5,mercado,81.65,2025-01-25
17296,570,2,mercado,40.89,2025-05-23
17297,353,3,ropa,70.37,2025-04-11
17298,476,2,hogar,259.55,2025-06-02
17299,337,1,hogar,35.95,2025-04-06
17300,726,2,ropa,21.11,2025-07-25
17301,66,2,ropa,9.67,2025-10-24
17302,274,1,hogar,261.66,2025-05-15
17303,539,1,mercado,8.51,2025-07-04
17304,731,2,juguetes,6.28,2025-10-12
17305,792,2,electronica,354.93,2025-11-19
17306,433,2,juguetes,27.08,2025-05-09
17307,210,2,electronica,117.75,2025-08-04
17308,318,2,ropa,84.25,2025-04-02
17309,252,3,mercado,23.39,2025-08-27
17310,785,2,mercado,15.94,2025-12-07
17311,459,6,deportes,299.17,2025-09-15
17312,582,2,ropa,18.77,2025-01-19
17313,32,3,deportes,102.7,2025-12-16
17314,682,2,deportes,330.61,2025-06-27
17315,52,2,mercado,44.71,2025-01-03
17316,349,1,electronica,226.98,2025-06-23
17317,417,4,mercado,156.62,2025-12-14
17318,401,6,electronica,28.48,2025-02-23
17319,124,1,hogar,8.29,2025-11-07
17320,677,1,deportes,10.4,2025-04-05
17321,217,2,ropa,113.0,2025-04-14
17322,548,1,mercado,48.29,2025-12-06
17323,482,1,mercado,93.42,2025-01-19
17324,505,1,mercado,65.79,2025-05-13
17325,705,1,electronica,114.65,2025-07-22
17326,609,2,ropa,155.1,2025-06-28
17327,355,1,electronica,151.52,2025-05-19
17328,455,1,mercado,86.28,2025-04-05
17329,47,1,ropa,105.86,2025-07-21
17330,540,2,mercado,59.55,2025-06-09
17331,176,7,deportes,290.0,2025-07-24
17332,777,7,ropa,32.95,2025-08-14
17333,381,1,deportes,60.02,2025-08-07
17334,566,2,mercado,12.0,2025-08-17
17335,511,1,mercado,32.3,2025-09-04
17336,508,1,ropa,15.32,2025-06-12
17337,591,6,deportes,232.02,2025-08-08
17338,714,1,libros,61.57,2025-06-10
17339,680,2,juguetes,105.58,2025-12-03
17340,642,2,libros,21.58,2025-12-19
17341,46,2,electronica,459.1,2025-02-28
17342,432,2,electronica,174.64,2025-08-03
17343,781,2,ropa,177.78,2025-01-23
17344,165,3,electronica,501.13,2025-11-04
17345,527,2,libros,26.95,2025-08-23
17346,668,2,hogar,126.97,2025-10-19
17347,604,1,ropa,156.47,2025-08-05
17348,105,1,hogar,34.37,2025-07-16
17349,198,7,deportes,178.65,2025-03-02
17350,630,1,libros,19.3,2025-10-17
17351,482,5,mercado,200.49,2025-09-14
17352,385,3,hogar,93.89,2025-04-22
17353,588,1,mercado,36.2,2025-05-04
17354,459,2,hogar,225.03,2025-05-24
17355,690,2,electronica,174.42,2025-07-05
17356,21,2,mercado,75.9,2025-04-25
17357,142,4,ropa,27.07,2025-07-21
17358,615,3,libros,7.65,2025-09-17
17359,178,6,deportes,357.33,2025-05-08
17360,216,1,electronica,78.4,2025-02-03
17361,716,2,electronica,377.34,2025-10-15
17362,472,6,ropa,119.77,2025-11-05
17363,579,2,mercado,53.11,2025-09-16
17364,250,3,ropa,32.99,2025-12-03
17365,309,2,electronica,195.03,2025-03-09
17366,752,5,ropa,208.61,2025-08-05
17367,761,4,libros,16.88,2025-09-18
17368,18,6,hogar,116.44,2025-02-02
17369,124,4,electronica,154.35,2025-01-24
17370,437,2,electronica,114.36,2025-06-24
17371,48,2,ropa,550.57,2025-09-20
17372,684,2,electronica,100.37,2025-12-06
17373,458,2,ropa,16.12,2025-12-06
17374,380,2,deportes,333.6,2025-04-01
17375,191,3,deportes,160.14,2025-09-21
17376,708,4,mercado,41.47,2025-10-04
17377,43,2,electronica,70.53,2025-06-11
17378,625,1,mercado,43.87,2025-11-07
17379,29,2,deportes,134.7,2025-03-25
17380,503,1,mercado,83.4,2025-06-23
17381,785,1,electronica,273.37,2025-08-24
17382,108,3,ropa,193.35,2025-07-18
17383,136,2,ropa,55.14,2025-10-07
17384,375,2,libros,91.51,2025-09-25
17385,152,2,libros,18.95,2025-08-06
17386,664,7,ropa,23.64,2025-06-08
17387,659,5,mercado,13.86,2025-11-03
17388,106,2,electronica,876.46,2025-11-16
17389,321,1,ropa,59.64,2025-06-05
17390,362,1,electronica,107.75,2025-08-15
17391,207,1,ropa,322.33,2025-01-11
17392,357,1,electronica,17.9,2025-09-08
17393,735,3,ropa,15.64,2025-04-01
17394,180,3,ropa,98.96,2025-02-09
17395,95,2,electronica,559.29,2025-12-06
17396,206,1,juguetes,29.29,2025-11-27
17397,722,3,mercado,50.84,2025-11-22
17398,426,2,juguetes,37.22,2025-05-19
17399,154,1,libros,57.49,2025-10-12
17400,639,4,ropa,167.61,2025-04-01
17401,686,3,electronica,216.99,2025-10-19
17402,703,2,electronica,47.03,2025-05-22
17403,259,4,ropa,161.67,2025-11-03
17404,448,7,electronica,445.16,2025-05-05
17405,202,1,libros,53.79,2025-06-02
17406,196,7,mercado,24.4,2025-09-18
17407,606,1,libros,56.02,2025-07-28
17408,732,4,hogar,140.69,2025-12-01
17409,795,5,electronica,12.09,2025-12-13
17410,510,1,mercado,16.62,2025-09-24
17411,699,7,hogar,64.59,2025-08-21
17412,45,2,electronica,32.68,2025-12-25
17413,194,2,ropa,110.97,2025-04-12
17414,74,6,mercado,37.66,2025-08-05
17415,117,5,hogar,150.79,2025-02-05
17416,13,2,electronica,243.49,2025-08-08
17417,197,2,deportes,192.85,2025-04-15
17418,201,2,electronica,70.41,2025-12-04
17419,52,1,ropa,37.93,2025-01-07
17420,295,5,ropa,7.53,2025-05-16
17421,721,1,mercado,87.62,2025-01-13
17422,10,2,hogar,172.68,2025-05-05
17423,334,6,hogar,55.81,2025-01-28
17424,104,2,hogar,76.68,2025-06-25
17425,452,1,hogar,236.04,2025-09-08
17426,140,2,mercado,8.62,2025-10-10
17427,497,3,hogar,112.12,2025-05-14
17428,783,3,hogar,31.24,2025-10-22
17429,55,1,deportes,139.28,2025-01-10
17430,736,2,electronica,428.94,2025-04-27
17431,415,4,mercado,14.08,2025-07-04
17432,53,2,electronica,147.85,2025-09-19
17433,146,2,ropa,35.72,2025-02-18
17434,608,1,ropa,112.16,2025-12-09
17435,89,3,ropa,211.56,2025-07-28
17436,553,2,juguetes,170.42,2025-04-17
17437,360,2,mercado,68.85,2025-05-25
17438,731,5,hogar,157.66,2025-05-26
17439,80,1,deportes,34.28,2025-12-08
17440,630,2,electronica,877.03,2025-06-09
17441,540,4,mercado,135.45,2025-01-07
17442,410,2,electronica,169.17,2025-11-24
17443,45,1,ropa,81.36,2025-09-03
17444,236,2,ropa,63.2,2025-08-22
17445,484,2,hogar,77.07,2025-10-21
17446,519,4,deportes,11.49,2025-03-03
17447,165,2,ropa,49.97,2025-08-15
17448,152,1,juguetes,16.91,2025-09-06
17449,661,3,electronica,190.48,2025-03-26
17450,596,1,electronica,235.91,2025-06-18
17451,656,6,ropa,32.98,2025-12-26
17452,658,1,ropa,68.76,2025-10-19
17453,650,1,mercado,10.55,2025-05-05
17454,762,7,mercado,228.92,2025-04-11
17455,657,6,deportes,19.75,2025-01-03
17456,337,5,mercado,97.47,2025-04-16
17457,39,1,electronica,152.27,2025-10-12
17458,75,1,mercado,112.11,2025-05-11
17459,91,1,mercado,68.33,2025-05-27
17460,660,1,deportes,143.02,2025-10-18
17461,597,2,hogar,89.56,2025-01-18
17462,550,2,mercado,38.52,2025-03-27
17463,48,2,hogar,89.8,2025-01-20
17464,594,2,deportes,12.26,2025-09-03
17465,689,2,ropa,5.85,2025-09-15
17466,749,2,electronica,1146.18,2025-01-16
17467,70,1,hogar,76.01,2025-10-03
17468,377,2,electronica,17.26,2025-09-12
17469,294,1,electronica,1108.29,2025-04-08
17470,639,6,mercado,58.85,2025-02-16
17471,377,2,libros,25.29,2025-02-08
17472,385,3,mercado,39.32,2025-04-20
17473,724,1,mercado,12.29,2025-07-18
17474,713,2,juguetes,11.08,2025-09-16
17475,396,2,ropa,40.04,2025-01-17
17476,416,1,hogar,34.29,2025-09-01
17477,269,2,juguetes,116.12,2025-03-06
17478,479,2,mercado,17.04,2025-06-11
17479,233,7,mercado,5.08,2025-12-11
17480,233,4,electronica,829.69,2025-03-09
17481,170,4,ropa,11.95,2025-07-12
17482,703,2,mercado,16.54,2025-09-02
17483,38,3,ropa,90.81,2025-10-01
17484,650,2,mercado,5.04,2025-06-21
17485,666,1,libros,54.57,2025-08-04
17486,418,1,electronica,12.6,2025-04-16
17487,552,1,deportes,104.25,2025-06-17
17488,618,4,electronica,168.72,2025-02-21
17489,725,7,ropa,12.46,2025-10-13
17490,540,2,ropa,59.79,2025-06-23
17491,365,3,ropa,139.3,2025-03-03
17492,127,3,mercado,40.16,2025-01-28
17493,707,5,ropa,120.99,2025-04-14
17494,66,1,ropa,52.85,2025-11-01
17495,682,6,hogar,83.03,2025-08-04
17496,773,3,mercado,60.74,2025-02-08
17497,572,1,deportes,44.87,2025-03-28
17498,326,7,ropa,57.26,2025-04-09
17499,431,1,ropa,442.36,2025-01-12
17500,247,1,mercado,80.07,2025-05-10
17501,620,1,ropa,31.17,2025-07-25
17502,121,4,electronica,372.25,2025-07-09
17503,58,2,libros,62.27,2025-12-02
17504,360,3,deportes,53.62,2025-07-27
17505,718,1,ropa,154.75,2025-08-03
17506,204,3,ropa,57.34,2025-01-23
17507,575,3,ropa,55.5,2025-01-03
17508,184,1,libros,43.83,2025-04-24
17509,124,1,electronica,634.99,2025-09-08
17510,585,1,mercado,10.83,2025-05-16
17511,60,1,electronica,60.24,2025-05-14
17512,429,1,mercado,85.86,2025-05-06
17513,620,1,electronica,346.83,2025-01-09
17514,67,2,ropa,5.98,2025-04-14
17515,81,2,ropa,30.64,2025-08-17
17516,616,2,libros,75.51,2025-10-03
17517,542,1,hogar,27.66,2025-03-06
17518,425,2,libros,18.02,2025-10-18
17519,648,2,ropa,9.94,2025-01-23
17520,143,3,hogar,84.63,2025-09-28
17521,430,2,libros,72.35,2025-09-11
17522,121,2,libros,53.64,2025-12-03
17523,370,7,electronica,356.74,2025-12-22
17524,370,1,hogar,45.94,2025-05-14
17525,407,2,electronica,39.68,2025-09-17
17526,194,1,hogar,37.21,2025-05-12
17527,548,1,electronica,541.18,2025-08-03
17528,581,2,hogar,165.26,2025-11-06
17529,547,2,ropa,24.53,2025-09-26
17530,517,7,electronica,205.31,2025-11-24
17531,317,1,mercado,157.36,2025-11-03
17532,153,2,electronica,108.28,2025-03-18
17533,582,3,ropa,165.91,2025-03-05
17534,417,1,electronica,408.18,2025-11-11
17535,406,2,mercado,198.9,2025-09-16
17536,109,6,ropa,17.82,2025-09-06
17537,607,2,electronica,800.34,2025-03-14
17538,437,7,mercado,167.35,2025-10-12
17539,717,4,juguetes,28.77,2025-11-16
17540,48,1,juguetes,68.38,2025-01-04
17541,491,7,hogar,282.89,2025-06-14
17542,484,1,electronica,470.13,2025-04-09
17543,729,3,electronica,26.79,2025-06-20
17544,56,2,ropa,70.53,2025-04-23
17545,528,4,ropa,128.4,2025-03-12
17546,474,1,ropa,84.22,2025-03-12
17547,685,1,hogar,104.14,2025-07-16
17548,308,1,mercado,38.23,2025-03-05
17549,680,3,ropa,8.23,2025-03-02
17550,45,1,mercado,102.72,2025-10-19
17551,675,1,electronica,536.64,2025-07-15
17552,196,1,electronica,80.61,2025-10-21
17553,13,1,electronica,369.92,2025-04-17
17554,396,1,electronica,240.2,2025-09-05
17555,63,2,mercado,25.0,2025-04-28
17556,215,1,ropa,88.08,2025-11-09
17557,714,1,deportes,126.44,2025-11-24
17558,700,3,hogar,213.77,2025-10-12
17559,528,1,electronica,573.22,2025-03-13
17560,266,2,hogar,228.79,2025-04-01
17561,11,1,hogar,650.29,2025-12-19
17562,580,4,mercado,33.0,2025-05-28
17563,507,1,ropa,87.08,2025-03-06
17564,203,3,juguetes,28.49,2025-01-12
17565,374,1,mercado,119.53,2025-09-14
17566,579,1,hogar,252.41,2025-06-07
17567,310,1,juguetes,60.57,2025-07-17
17568,209,3,ropa,239.2,2025-05-09
17569,20,2,mercado,21.97,2025-12-02
17570,122,3,mercado,10.08,2025-02-25
17571,715,2,electronica,71.94,2025-05-08
17572,440,1,mercado,110.87,2025-04-24
17573,48,2,hogar,291.37,2025-04-25
17574,462,3,juguetes,21.32,2025-08-22
17575,409,5,libros,67.82,2025-11-02
17576,112,3,electronica,365.65,2025-12-06
17577,661,1,libros,93.31,2025-11-23
17578,644,2,libros,24.01,2025-12-22
17579,547,2,electronica,480.62,2025-10-06
17580,46,3,ropa,87.86,2025-11-07
17581,427,1,electronica,19.4,2025-01-25
17582,724,1,ropa,58.96,2025-04-16
17583,384,2,deportes,65.43,2025-10-26
17584,381,2,electronica,173.46,2025-11-15
17585,496,2,juguetes,95.79,2025-03-11
17586,156,5,electronica,526.32,2025-09-15
17587,502,4,mercado,109.46,2025-07-25
17588,707,2,mercado,32.45,2025-08-28
17589,602,1,electronica,379.39,2025-04-03
17590,121,4,hogar,246.72,2025-01-28
17591,496,3,mercado,103.2,2025-01-22
17592,683,1,mercado,53.33,2025-02-09
17593,638,2,ropa,130.31,2025-04-26
17594,31,5,hogar,13.87,2025-06-20
17595,571,2,electronica,234.93,2025-11-28
17596,429,3,mercado,26.96,2025-02-23
17597,451,1,hogar,184.43,2025-02-02
17598,740,3,libros,98.64,2025-05-28
17599,597,5,juguetes,39.69,2025-02-09
17600,153,6,mercado,33.78,2025-01-15
17601,576,2,ropa,15.34,2025-01-26
17602,470,2,ropa,25.07,2025-01-22
17603,289,1,libros,17.28,2025-05-17
17604,650,4,libros,13.02,2025-07-28
17605,178,2,electronica,372.58,2025-08-12
17606,358,2,hogar,59.21,2025-02-14
17607,769,1,hogar,337.74,2025-12-27
17608,307,1,ropa,55.91,2025-11-19
17609,443,2,libros,71.86,2025-08-06
17610,661,2,libros,49.77,2025-11-13
17611,137,1,juguetes,66.45,2025-09-16
17612,720,6,electronica,268.71,2025-08-19
17613,761,5,electronica,121.49,2025-01-25
17614,429,2,ropa,28.77,2025-10-24
17615,303,1,ropa,27.28,2025-08-10
17616,742,6,mercado,27.09,2025-04-20
17617,265,3,mercado,53.1,2025-05-08
17618,305,6,ropa,59.72,2025-06-11
17619,547,2,ropa,72.41,2025-03-04
17620,670,1,juguetes,12.48,2025-06-21
17621,191,4,mercado,51.3,2025-03-02
17622,167,2,ropa,20.34,2025-03-12
17623,101,2,electronica,93.9,2025-01-10
17624,552,4,mercado,26.35,2025-11-16
17625,673,1,electronica,547.48,2025-08-17
17626,127,2,mercado,87.87,2025-08-23
17627,578,6,electronica,149.67,2025-07-18
17628,285,1,mercado,141.5,2025-09-23
17629,396,3,electronica,425.69,2025-06-05
17630,42,1,libros,37.2,2025-02-05
17631,503,3,electronica,504.36,2025-08-13
17632,555,2,ropa,23.39,2025-10-02
17633,118,1,juguetes,25.76,2025-07-18
17634,214,3,hogar,396.1,2025-02-18
17635,454,2,electronica,223.74,2025-02-06
17636,564,2,deportes,328.47,2025-04-24
17637,76,2,electronica,178.11,2025-10-06
17638,143,6,electronica,89.44,2025-02-20
17639,48,3,electronica,91.94,2025-05-26
17640,186,7,electronica,6.78,2025-04-08
17641,404,1,mercado,17.98,2025-02-09
17642,562,2,deportes,64.96,2025-12-08
17643,23,2,libros,6.96,2025-12-13
17644,116,3,hogar,63.33,2025-11-21
17645,72,3,deportes,179.68,2025-12-25
17646,706,1,ropa,16.31,2025-11-26
17647,442,4,ropa,261.13,2025-07-12
17648,537,4,hogar,96.19,2025-11-20
17649,399,2,electronica,222.69,2025-07-05
17650,502,4,electronica,359.58,2025-04-20
17651,169,3,deportes,356.83,2025-12-16
17652,611,3,libros,35.85,2025-01-02
17653,585,6,electronica,8.46,2025-08-04
17654,399,2,ropa,49.55,2025-01-16
17655,723,1,mercado,145.81,2025-04-12
17656,768,4,juguetes,33.6,2025-03-18
17657,770,4,ropa,165.55,2025-03-19
17658,302,2,mercado,16.91,2025-06-21
17659,652,2,ropa,9.08,2025-01-21
17660,686,4,juguetes,14.44,2025-02-10
17661,456,2,electronica,206.73,2025-10-17
17662,597,4,deportes,43.53,2025-06-13
17663,412,4,ropa,23.33,2025-11-17
17664,543,2,deportes,39.15,2025-02-07
17665,736,1,libros,267.98,2025-01-14
17666,368,2,hogar,41.1,2025-11-25
17667,90,1,electronica,54.16,2025-08-18
17668,10,4,deportes,111.28,2025-01-13
17669,10,2,hogar,94.32,2025-04-24
17670,87,2,deportes,188.41,2025-07-17
17671,453,1,electronica,527.6,2025-02-22
17672,112,2,mercado,60.87,2025-02-01
17673,396,1,electronica,1031.24,2025-09-11
17674,271,2,mercado,12.29,2025-02-02
17675,551,1,libros,46.89,2025-12-22
17676,483,3,electronica,40.69,2025-09-05
17677,194,2,mercado,60.17,2025-08-23
17678,22,1,ropa,118.44,2025-08-02
17679,525,1,electronica,74.3,2025-01-19
17680,140,3,ropa,7.88,2025-09-10
17681,109,1,mercado,147.61,2025-08-06
17682,572,2,mercado,21.63,2025-12-20
17683,343,1,mercado,20.84,2025-08-15
17684,717,2,libros,63.18,2025-11-26
17685,714,1,hogar,74.42,2025-05-27
17686,322,2,deportes,53.56,2025-01-27
17687,625,4,mercado,15.53,2025-06-02
17688,383,5,electronica,78.41,2025-04-01
17689,355,2,electronica,585.02,2025-06-21
17690,120,4,hogar,64.12,2025-12-02
17691,728,6,electronica,478.39,2025-12-24
17692,428,4,ropa,8.22,2025-04-12
17693,504,3,hogar,12.93,2025-06-17
17694,720,1,electronica,1004.62,2025-05-15
17695,613,3,deportes,8.39,2025-02-21
17696,487,1,deportes,69.16,2025-07-02
17697,698,4,electronica,58.43,2025-12-26
17698,543,3,electronica,64.74,2025-07-14
17699,89,2,electronica,1629.35,2025-04-12
17700,329,2,ropa,37.38,2025-07-06
17701,598,5,electronica,54.99,2025-07-24
17702,777,5,electronica,166.5,2025-06-26
17703,160,2,electronica,277.69,2025-08-19
17704,456,1,electronica,83.45,2025-04-19
17705,477,1,juguetes,17.61,2025-08-27
17706,227,1,ropa,112.58,2025-10-18
17707,340,3,libros,16.27,2025-03-27
17708,475,5,ropa,28.11,2025-08-07
17709,634,2,deportes,51.49,2025-08-13
17710,640,1,ropa,39.18,2025-06-05
17711,572,3,hogar,52.94,2025-01-12
17712,296,2,electronica,217.31,2025-07-28
17713,649,3,ropa,26.94,2025-05-16
17714,671,1,hogar,91.41,2025-10-26
17715,224,2,hogar,17.69,2025-04-09
17716,469,1,deportes,9.06,2025-09-24
17717,747,3,hogar,8.66,2025-07-16
17718,507,1,mercado,17.53,2025-08-15
17719,292,3,deportes,254.79,2025-04-10
17720,371,2,mercado,15.99,2025-12-10
17721,710,2,deportes,188.84,2025-10-15
17722,447,2,mercado,39.73,2025-12-17
17723,479,2,juguetes,121.18,2025-04-27
17724,658,1,hogar,34.84,2025-02-03
17725,404,6,hogar,177.75,2025-07-01
17726,68,2,electronica,1012.45,2025-07-27
17727,415,2,libros,21.73,2025-01-03
17728,271,2,juguetes,9.02,2025-01-23
17729,405,1,ropa,28.76,2025-05-21
17730,798,1,hogar,12.47,2025-04-23
17731,63,3,libros,33.83,2025-03-04
17732,508,2,mercado,120.97,2025-08-10
17733,475,3,electronica,144.31,2025-12-10
17734,705,1,electronica,74.23,2025-12-14
17735,517,5,mercado,16.35,2025-05-10
17736,262,1,hogar,21.13,2025-08-09
17737,403,2,electronica,219.8,2025-09-02
17738,734,1,electronica,90.84,2025-05-21
17739,389,2,mercado,182.06,2025-07-12
17740,552,7,electronica,875.85,2025-12-27
17741,147,2,mercado,5.49,2025-06-02
17742,633,1,juguetes,28.09,2025-12-13
17743,583,2,libros,29.05,2025-03-27
17744,501,2,mercado,68.06,2025-12-24
17745,612,2,hogar,47.82,2025-03-07
17746,184,7,electronica,236.72,2025-08-17
17747,616,4,mercado,116.88,2025-12-22
17748,478,3,mercado,77.99,2025-01-07
17749,46,2,ropa,31.71,2025-08-04
17750,500,1,ropa,16.96,2025-04-19
17751,506,1,mercado,71.37,2025-02-16
17752,47,2,electronica,250.42,2025-03-22
17753,580,4,mercado,59.43,2025-12-03
17754,204,1,ropa,9.95,2025-04-06
17755,264,2,electronica,39.29,2025-09-23
17756,43,4,mercado,15.7,2025-06-05
17757,314,1,ropa,108.45,2025-07-13
17758,373,5,electronica,118.01,2025-09-01
17759,603,1,ropa,277.73,2025-11-14
17760,216,1,electronica,532.12,2025-06-02
17761,588,7,juguetes,5.96,2025-07-09
17762,395,2,electronica,305.06,2025-05-05
17763,344,1,hogar,72.87,2025-11-12
17764,424,1,ropa,47.3,2025-11-14
17765,517,3,deportes,214.24,2025-08-19
17766,133,1,mercado,17.75,2025-06-09
17767,418,5,mercado,6.65,2025-06-18
17768,222,5,electronica,304.54,2025-08-25
17769,370,3,hogar,23.63,2025-10-10
17770,495,1,ropa,7.03,2025-05-06
17771,313,1,mercado,26.31,2025-05-12
17772,116,2,electronica,196.28,2025-11-19
17773,636,3,mercado,65.99,2025-10-12
17774,306,1,electronica,822.32,2025-03-26
17775,418,2,mercado,150.11,2025-08-12
17776,243,1,deportes,217.5,2025-02-21
17777,12,4,hogar,15.53,2025-01-11
17778,435,2,mercado,116.33,2025-07-21
17779,542,4,ropa,76.05,2025-11-07
17780,282,1,electronica,74.92,2025-08-28
17781,142,2,deportes,149.13,2025-03-25
17782,642,4,electronica,169.65,2025-05-28
17783,89,3,libros,19.46,2025-06-26
17784,451,2,hogar,133.65,2025-06-12
17785,321,2,hogar,306.64,2025-10-26
17786,342,2,hogar,267.5,2025-12-09
17787,381,1,ropa,12.63,2025-11-28
17788,487,2,deportes,8.81,2025-02-04
17789,285,7,juguetes,96.2,2025-04-01
17790,754,2,hogar,123.37,2025-08-17
17791,459,1,mercado,110.3,2025-09-03
17792,799,1,ropa,35.99,2025-01-10
17793,680,1,mercado,21.02,2025-08-12
17794,304,1,mercado,15.64,2025-08-22
17795,666,1,hogar,171.83,2025-06-04
17796,686,4,hogar,70.01,2025-08-12
17797,677,2,ropa,12.7,2025-09-11
17798,680,1,hogar,18.34,2025-10-26
17799,92,2,mercado,73.31,2025-09-11
17800,361,1,deportes,75.75,2025-04-01
17801,371,4,hogar,136.74,2025-02-16
17802,458,2,mercado,148.58,2025-06-19
17803,693,2,mercado,42.27,2025-08-13
17804,527,2,mercado,26.84,2025-08-15
17805,458,3,hogar,145.49,2025-08-22
17806,233,1,electronica,616.57,2025-07-10
17807,146,2,ropa,90.29,2025-06-25
17808,409,2,electronica,22.98,2025-11-16
17809,366,4,deportes,70.88,2025-12-27
17810,575,2,mercado,138.98,2025-04-13
17811,470,1,electronica,136.54,2025-07-07
17812,567,1,juguetes,44.99,2025-01-26
17813,780,2,ropa,30.46,2025-10-08
17814,605,2,electronica,192.31,2025-03-23
17815,599,1,deportes,84.18,2025-11-13
17816,132,7,juguetes,45.07,2025-08-05
17817,98,6,electronica,240.61,2025-05-12
17818,488,2,juguetes,23.63,2025-11-26
17819,441,2,deportes,61.85,2025-02-10
17820,743,3,juguetes,53.01,2025-09-01
17821,59,2,ropa,328.4,2025-12-14
17822,583,2,mercado,32.59,2025-05-06
17823,40,2,deportes,24.31,2025-04-22
17824,412,2,mercado,71.81,2025-02-24
17825,433,2,electronica,135.17,2025-10-24
17826,653,2,electronica,190.14,2025-05-08
17827,325,2,electronica,245.22,2025-03-25
17828,721,3,mercado,165.2,2025-02-22
17829,212,2,juguetes,434.42,2025-03-26
17830,268,2,deportes,64.16,2025-01-26
17831,341,2,mercado,21.57,2025-12-05
17832,525,2,mercado,16.1,2025-06-26
17833,25,6,ropa,47.13,2025-07-23
17834,777,1,hogar,162.21,2025-10-06
17835,62,2,juguetes,84.24,2025-12-22
17836,650,1,mercado,10.03,2025-04-17
17837,219,2,ropa,37.03,2025-03-14
17838,484,2,hogar,81.92,2025-06-06
17839,154,5,ropa,83.08,2025-03-14
17840,352,3,ropa,125.44,2025-04-06
17841,427,1,ropa,36.11,2025-07-24
17842,753,3,electronica,384.03,2025-05-07
17843,552,2,hogar,80.16,2025-04-05
17844,627,2,juguetes,20.49,2025-04-22
17845,502,1,electronica,208.69,2025-06-17
17846,497,3,juguetes,49.68,2025-07-06
17847,672,1,electronica,2077.37,2025-01-12
17848,162,2,electronica,35.19,2025-03-13
17849,599,2,deportes,86.78,2025-03-08
17850,402,3,electronica,119.03,2025-04-11
17851,283,1,hogar,56.5,2025-12-20
17852,143,2,ropa,10.5,2025-04-17
17853,86,3,deportes,77.16,2025-02-13
17854,748,4,electronica,442.61,2025-09-04
17855,87,5,ropa,19.44,2025-08-14
17856,681,2,hogar,168.55,2025-10-09
17857,6,3,hogar,188.96,2025-01-07
17858,198,1,juguetes,144.83,2025-08-21
17859,405,2,mercado,11.94,2025-01-09
17860,391,1,mercado,5.42,2025-01-06
17861,520,1,electronica,53.1,2025-08-26
17862,259,2,mercado,19.69,2025-08-18
17863,520,2,mercado,21.55,2025-12-12
17864,405,2,libros,67.99,2025-02-12
17865,344,1,deportes,199.8,2025-10-20
17866,494,1,electronica,454.94,2025-08-27
17867,135,2,deportes,7.61,2025-11-10
17868,529,1,libros,35.68,2025-07-16
17869,543,4,electronica,128.63,2025-08-25
17870,573,4,electronica,172.92,2025-03-19
17871,390,2,juguetes,150.2,2025-11-06
17872,253,1,libros,8.31,2025-03-26
17873,208,1,juguetes,35.59,2025-11-08
17874,345,2,hogar,121.47,2025-05-09
17875,259,1,electronica,32.13,2025-11-01
17876,611,2,hogar,6.96,2025-11-05
17877,43,3,libros,60.85,2025-12-03
17878,592,2,hogar,84.64,2025-02-17
17879,308,2,mercado,82.32,2025-03-15
17880,145,2,electronica,459.46,2025-07-22
17881,83,6,electronica,343.61,2025-11-08
17882,252,1,ropa,26.78,2025-10-08
17883,66,1,mercado,52.03,2025-07-04
17884,529,2,mercado,123.21,2025-09-20
17885,522,1,libros,81.13,2025-08-11
17886,100,3,ropa,103.03,2025-11-06
17887,531,1,libros,67.28,2025-03-09
17888,34,1,mercado,58.87,2025-07-14
17889,24,3,deportes,7.19,2025-06-11
17890,484,6,electronica,255.23,2025-01-14
17891,112,3,mercado,176.21,2025-11-20
17892,463,2,ropa,35.44,2025-08-04
17893,392,1,libros,28.19,2025-05-16
17894,5,2,electronica,161.91,2025-09-17
17895,33,3,libros,18.24,2025-08-13
17896,460,1,electronica,318.28,2025-11-28
17897,279,1,deportes,125.7,2025-05-09
17898,443,1,electronica,347.74,2025-09-27
17899,319,3,deportes,8.48,2025-06-21
17900,761,3,deportes,284.82,2025-12-02
17901,747,2,mercado,67.26,2025-12-12
17902,135,1,electronica,583.84,2025-05-20
17903,489,1,mercado,133.1,2025-09-15
17904,243,2,mercado,42.3,2025-08-17
17905,246,1,electronica,100.13,2025-04-09
17906,445,2,deportes,29.19,2025-03-12
17907,280,4,mercado,41.45,2025-08-21
17908,26,4,mercado,82.56,2025-08-02
17909,216,6,ropa,35.81,2025-03-12
17910,699,3,mercado,35.43,2025-09-05
17911,62,1,libros,36.44,2025-06-23
17912,283,2,hogar,56.43,2025-11-23
17913,751,1,hogar,162.47,2025-03-10
17914,393,4,electronica,110.42,2025-01-13
17915,288,3,mercado,40.21,2025-07-05
17916,235,3,electronica,84.41,2025-06-01
17917,691,1,libros,5.35,2025-03-15
17918,365,4,juguetes,23.67,2025-08-13
17919,572,2,mercado,143.85,2025-09-20
17920,675,5,mercado,68.26,2025-05-21
17921,212,2,ropa,44.81,2025-11-07
17922,494,2,ropa,43.99,2025-04-09
17923,785,1,deportes,47.53,2025-06-17
17924,610,2,hogar,166.04,2025-10-11
17925,712,5,libros,10.97,2025-10-05
17926,176,4,mercado,46.46,2025-12-01
17927,758,2,deportes,339.89,2025-04-01
17928,389,6,hogar,449.49,2025-06-19
17929,156,2,mercado,244.59,2025-06-03
17930,313,3,electronica,566.57,2025-09-26
17931,592,2,ropa,222.66,2025-04-02
17932,561,2,libros,42.98,2025-06-02
17933,574,1,mercado,21.32,2025-10-19
17934,538,2,hogar,194.99,2025-04-24
17935,669,1,hogar,69.55,2025-11-21
17936,555,3,electronica,305.96,2025-12-24
17937,520,2,deportes,64.63,2025-08-20
17938,545,4,ropa,160.23,2025-01-17
17939,547,1,mercado,97.76,2025-08-04
17940,675,2,electronica,131.58,2025-11-25
17941,401,2,ropa,68.31,2025-11-17
17942,752,2,libros,27.33,2025-11-01
17943,1,3,hogar,45.49,2025-10-17
17944,750,2,electronica,251.47,2025-11-13
17945,154,1,mercado,17.4,2025-02-19
17946,780,1,mercado,116.02,2025-07-10
17947,299,1,hogar,140.52,2025-03-14
17948,219,1,mercado,115.82,2025-12-13
17949,403,3,mercado,87.62,2025-07-10
17950,148,1,electronica,447.83,2025-01-28
17951,670,3,ropa,6.0,2025-05-16
17952,28,2,deportes,9.9,2025-12-16
17953,125,4,electronica,58.02,2025-08-22
17954,142,7,deportes,36.07,2025-11-24
17955,228,5,libros,45.25,2025-11-24
17956,784,2,electronica,83.75,2025-02-22
17957,498,1,juguetes,194.9,2025-02-27
17958,27,2,electronica,6.85,2025-07-14
17959,372,1,electronica,106.09,2025-10-25
17960,247,2,juguetes,40.85,2025-09-23
17961,548,1,libros,20.3,2025-01-14
17962,659,2,ropa,191.45,2025-04-08
17963,204,2,libros,24.68,2025-05-12
17964,135,4,mercado,63.22,2025-02-22
17965,440,1,hogar,74.08,2025-08-02
17966,465,2,ropa,5.9,2025-03-26
17967,675,3,ropa,43.87,2025-07-13
17968,211,2,mercado,81.49,2025-10-06
17969,128,2,electronica,313.81,2025-12-03
17970,383,1,libros,48.72,2025-04-02
17971,318,5,ropa,89.29,2025-04-25
17972,262,4,electronica,29.23,2025-06-09
17973,320,2,hogar,120.88,2025-12-05
17974,269,2,deportes,308.12,2025-04-26
17975,75,2,juguetes,27.08,2025-02-15
17976,729,1,electronica,239.72,2025-07-11
17977,224,2,electronica,107.51,2025-02-18
17978,483,2,deportes,359.31,2025-10-12
17979,669,5,mercado,131.23,2025-09-05
17980,402,1,mercado,58.93,2025-11-11
17981,412,4,juguetes,134.94,2025-08-22
17982,632,1,deportes,5.26,2025-09-27
17983,349,2,electronica,25.35,2025-05-19
17984,335,1,electronica,31.98,2025-10-22
17985,380,1,mercado,196.87,2025-08-25
17986,91,1,electronica,75.58,2025-06-19
17987,294,2,electronica,917.51,2025-04-19
17988,720,1,hogar,78.62,2025-12-20
17989,213,1,libros,58.48,2025-05-07
17990,758,1,mercado,105.5,2025-12-15
17991,631,4,ropa,14.8,2025-09-12
17992,441,1,hogar,10.88,2025-06-28
17993,441,4,electronica,978.41,2025-08-28
17994,93,1,electronica,74.15,2025-07-13
17995,727,1,mercado,42.55,2025-07-13
17996,712,2,deportes,233.53,2025-10-05
17997,238,1,deportes,256.33,2025-11-04
17998,757,2,hogar,126.42,2025-09-07
17999,358,1,hogar,69.69,2025-12-15
18000,314,4,ropa,115.22,2025-03-06
18001,363,3,libros,56.47,2025-02-19
18002,665,1,electronica,80.83,2025-03-28
18003,729,1,electronica,248.46,2025-09-28
18004,20,1,mercado,48.0,2025-08-13
18005,200,4,mercado,52.07,2025-07-14
18006,462,2,ropa,11.84,2025-01-13
18007,61,3,hogar,68.37,2025-12-03
18008,597,2,mercado,79.87,2025-04-06
18009,285,1,mercado,113.71,2025-01-23
18010,538,1,deportes,54.83,2025-12-24
18011,229,2,mercado,12.01,2025-05-18
18012,605,1,libros,72.22,2025-09-27
18013,19,2,electronica,56.47,2025-03-22
18014,281,2,libros,31.67,2025-01-01
18015,650,2,electronica,999.93,2025-02-13
18016,616,2,deportes,116.24,2025-08-25
18017,97,1,juguetes,63.6,2025-01-12
18018,30,1,ropa,30.68,2025-07-26
18019,750,3,electronica,173.14,2025-10-12
18020,502,3,electronica,915.31,2025-02-17
18021,766,5,ropa,85.37,2025-07-19
18022,515,2,ropa,239.57,2025-03-10
18023,221,3,ropa,30.17,2025-11-24
18024,765,2,hogar,131.93,2025-12-21
18025,180,2,ropa,110.14,2025-04-07
18026,413,2,hogar,172.42,2025-07-26
18027,481,5,ropa,6.31,2025-09-13
18028,315,2,ropa,26.12,2025-05-20
18029,648,7,juguetes,70.91,2025-11-16
18030,710,2,electronica,19.32,2025-04-12
18031,165,5,deportes,18.45,2025-05-03
18032,180,1,electronica,319.23,2025-09-06
18033,205,5,ropa,63.02,2025-07-26
18034,483,6,hogar,106.2,2025-05-28
18035,312,1,hogar,31.53,2025-12-27
18036,102,1,electronica,413.58,2025-03-26
18037,157,2,electronica,73.1,2025-05-24
18038,296,2,hogar,27.61,2025-04-05
18039,599,3,deportes,28.23,2025-04-24
18040,597,1,mercado,34.01,2025-06-24
18041,752,2,ropa,5.7,2025-06-19
18042,542,2,mercado,16.17,2025-02-18
18043,651,6,mercado,119.79,2025-10-13
18044,374,3,mercado,33.28,2025-06-07
18045,743,2,juguetes,45.82,2025-10-08
18046,396,2,ropa,15.57,2025-02-04
18047,619,1,mercado,134.08,2025-11-13
18048,141,1,electronica,310.69,2025-03-08
18049,775,4,hogar,89.6,2025-08-04
18050,18,1,mercado,9.71,2025-05-16
18051,681,2,juguetes,221.14,2025-01-28
18052,643,2,ropa,49.3,2025-06-11
18053,616,4,libros,86.36,2025-08-08
18054,256,1,juguetes,50.8,2025-12-13
18055,627,1,hogar,5.8,2025-02-02
18056,290,1,mercado,126.58,2025-09-14
18057,588,1,electronica,667.76,2025-07-16
18058,569,3,electronica,160.13,2025-02-02
18059,374,2,ropa,8.11,2025-06-13
18060,501,5,juguetes,59.73,2025-04-02
18061,98,1,mercado,13.92,2025-06-18
18062,505,1,ropa,79.92,2025-04-19
18063,308,1,mercado,48.46,2025-06-12
18064,472,2,mercado,88.5,2025-04-05
18065,432,7,mercado,6.25,2025-02-03
18066,22,1,ropa,17.94,2025-03-28
18067,400,2,mercado,46.72,2025-01-13
18068,748,1,electronica,925.42,2025-07-23
18069,29,1,deportes,161.61,2025-04-02
18070,77,2,ropa,14.55,2025-06-18
18071,595,2,juguetes,34.24,2025-06-19
18072,287,2,electronica,17.97,2025-01-27
18073,511,3,mercado,166.98,2025-10-27
18074,166,2,electronica,5.78,2025-03-09
18075,594,2,electronica,1058.91,2025-10-27
18076,248,1,electronica,65.74,2025-12-25
18077,627,1,ropa,73.44,2025-11-09
18078,126,2,hogar,146.02,2025-02-04
18079,654,6,electronica,293.52,2025-01-16
18080,418,2,electronica,370.83,2025-02-22
18081,349,3,deportes,39.01,2025-07-08
18082,326,1,mercado,255.63,2025-10-03
18083,206,1,ropa,132.58,2025-07-23
18084,718,2,mercado,55.31,2025-07-11
18085,799,1,libros,21.96,2025-05-28
18086,574,3,ropa,10.37,2025-12-10
18087,352,1,electronica,708.85,2025-03-02
18088,90,3,mercado,56.97,2025-01-13
18089,418,2,juguetes,6.89,2025-05-17
18090,28,2,hogar,146.02,2025-12-11
18091,477,2,electronica,82.14,2025-02-25
18092,132,1,mercado,37.73,2025-10-21
18093,682,2,electronica,154.13,2025-09-20
18094,484,2,electronica,438.14,2025-07-25
18095,520,1,deportes,296.43,2025-09-12
18096,295,1,ropa,79.41,2025-03-19
18097,565,2,juguetes,84.49,2025-08-04
18098,324,2,electronica,711.08,2025-03-07
18099,530,1,mercado,54.64,2025-06-12
18100,488,3,mercado,133.05,2025-04-12
18101,256,2,electronica,58.41,2025-11-21
18102,9,1,hogar,14.65,2025-11-15
18103,196,2,electronica,1357.13,2025-01-08
18104,400,1,ropa,26.06,2025-12-19
18105,26,6,electronica,1139.38,2025-03-27
18106,214,2,ropa,95.96,2025-12-11
18107,320,3,libros,33.5,2025-12-27
18108,36,2,electronica,231.45,2025-04-27
18109,754,6,mercado,31.6,2025-11-18
18110,683,3,electronica,184.52,2025-08-12
18111,653,2,electronica,366.81,2025-03-20
18112,376,2,libros,62.89,2025-01-04
18113,746,3,ropa,63.7,2025-07-20
18114,288,4,mercado,44.07,2025-01-13
18115,497,1,mercado,47.09,2025-01-06
18116,587,2,electronica,47.69,2025-05-08
18117,286,7,mercado,199.35,2025-08-16
18118,576,2,mercado,71.76,2025-10-02
18119,157,2,mercado,257.28,2025-05-13
18120,295,1,electronica,371.88,2025-09-11
18121,22,2,libros,122.4,2025-10-06
18122,570,3,hogar,38.4,2025-05-26
18123,430,2,mercado,109.96,2025-04-01
18124,563,1,hogar,126.27,2025-07-03
18125,411,1,mercado,72.39,2025-12-03
18126,640,2,mercado,70.81,2025-01-15
18127,393,2,mercado,45.57,2025-09-22
18128,200,1,electronica,204.87,2025-09-07
18129,381,5,electronica,290.61,2025-10-09
18130,493,2,mercado,111.22,2025-03-26
18131,114,4,juguetes,124.9,2025-04-21
18132,693,2,libros,24.57,2025-04-11
18133,569,1,juguetes,44.79,2025-10-09
18134,49,2,hogar,196.42,2025-04-12
18135,798,7,libros,36.94,2025-12-24
18136,15,2,juguetes,88.43,2025-07-18
18137,529,5,ropa,25.35,2025-04-13
18138,124,1,ropa,19.22,2025-11-06
18139,519,1,mercado,12.96,2025-07-19
18140,794,1,hogar,90.69,2025-07-27
18141,654,1,electronica,249.23,2025-08-05
18142,105,1,ropa,25.09,2025-05-15
18143,641,1,mercado,30.25,2025-05-25
18144,613,1,deportes,13.11,2025-03-03
18145,675,6,electronica,89.55,2025-03-03
18146,647,6,deportes,76.81,2025-12-23
18147,616,1,hogar,68.66,2025-08-05
18148,795,1,electronica,310.16,2025-06-18
18149,687,3,electronica,96.33,2025-05-07
18150,196,3,libros,19.98,2025-10-11
18151,216,5,ropa,33.1,2025-08-22
18152,66,2,hogar,191.27,2025-06-10
18153,241,3,libros,195.9,2025-09-12
18154,595,2,electronica,497.61,2025-01-24
18155,533,1,mercado,33.54,2025-06-05
18156,690,7,libros,102.92,2025-01-24
18157,772,2,mercado,107.31,2025-10-12
18158,403,1,juguetes,20.48,2025-03-02
18159,206,2,hogar,128.06,2025-06-14
18160,466,5,electronica,40.69,2025-09-13
18161,239,4,hogar,184.81,2025-02-05
18162,460,1,electronica,30.45,2025-08-10
18163,265,2,hogar,134.52,2025-10-06
18164,383,2,mercado,12.37,2025-03-22
18165,643,2,electronica,190.99,2025-08-13
18166,757,3,deportes,107.79,2025-02-20
18167,622,2,ropa,25.48,2025-07-09
18168,794,1,ropa,75.16,2025-11-13
18169,633,1,electronica,466.49,2025-05-01
18170,86,3,mercado,35.07,2025-09-27
18171,118,2,deportes,126.44,2025-06-10
18172,482,4,hogar,9.69,2025-11-22
18173,160,2,ropa,76.34,2025-10-16
18174,141,2,juguetes,20.63,2025-08-27
18175,222,1,deportes,18.79,2025-03-11
18176,474,1,ropa,59.28,2025-04-11
18177,561,4,electronica,201.96,2025-01-14
18178,35,1,hogar,185.65,2025-07-20
18179,344,1,mercado,18.14,2025-02-09
18180,759,2,electronica,244.3,2025-03-07
18181,503,3,hogar,160.24,2025-07-27
18182,571,2,electronica,47.09,2025-07-06
18183,784,1,juguetes,68.87,2025-06-19
18184,728,3,ropa,58.67,2025-12-02
18185,277,2,juguetes,82.82,2025-02-21
18186,430,1,deportes,87.24,2025-01-14
18187,653,2,hogar,29.11,2025-02-11
18188,517,1,hogar,59.78,2025-06-25
18189,762,2,electronica,268.82,2025-02-09
18190,88,1,libros,9.42,2025-05-22
18191,469,2,mercado,16.56,2025-08-27
18192,516,1,deportes,25.5,2025-12-07
18193,706,3,juguetes,63.78,2025-01-26
18194,791,1,mercado,12.27,2025-10-20
18195,516,2,juguetes,92.25,2025-06-01
18196,785,7,mercado,67.59,2025-09-23
18197,449,1,mercado,51.5,2025-12-05
18198,725,4,mercado,70.25,2025-05-27
18199,10,6,libros,8.93,2025-06-28
18200,425,2,juguetes,65.62,2025-12-13
18201,738,2,ropa,67.99,2025-05-01
18202,530,3,juguetes,20.29,2025-09-15
18203,732,1,electronica,144.99,2025-09-05
18204,730,5,deportes,26.24,2025-02-10
18205,505,2,mercado,26.92,2025-04-05
18206,336,1,mercado,61.05,2025-01-07
18207,522,7,electronica,61.78,2025-09-20
18208,556,1,deportes,17.06,2025-10-23
18209,761,3,electronica,47.61,2025-02-19
18210,215,2,electronica,631.19,2025-05-11
18211,419,2,mercado,37.75,2025-11-10
18212,565,2,ropa,13.76,2025-10-04
18213,640,2,deportes,145.31,2025-07-26
18214,629,2,mercado,83.35,2025-07-22
18215,242,2,ropa,59.76,2025-02-16
18216,549,4,hogar,58.77,2025-02-09
18217,543,4,hogar,31.02,2025-07-17
18218,253,2,ropa,10.88,2025-10-03
18219,13,2,hogar,152.61,2025-08-20
18220,447,1,ropa,16.49,2025-08-23
18221,367,4,ropa,29.95,2025-09-11
18222,240,7,mercado,28.86,2025-08-05
18223,670,3,electronica,169.77,2025-04-13
18224,485,2,ropa,14.05,2025-06-23
18225,683,2,electronica,91.0,2025-06-13
18226,574,1,mercado,9.91,2025-05-09
18227,571,4,electronica,253.48,2025-03-15
18228,91,4,electronica,354.82,2025-04-04
18229,292,3,mercado,37.33,2025-04-25
18230,128,1,electronica,66.91,2025-03-28
18231,558,1,juguetes,38.27,2025-02-15
18232,353,1,mercado,41.96,2025-04-20
18233,328,2,mercado,31.05,2025-06-14
18234,773,2,ropa,50.82,2025-10-13
18235,334,4,ropa,149.29,2025-01-24
18236,254,1,hogar,78.37,2025-12-04
18237,21,3,hogar,156.28,2025-12-17
18238,320,4,mercado,134.83,2025-08-01
18239,442,2,mercado,120.38,2025-07-15
18240,479,1,mercado,15.44,2025-01-14
18241,363,3,deportes,369.96,2025-05-03
18242,692,1,electronica,241.79,2025-07-07
18243,644,1,hogar,18.07,2025-05-01
18244,199,2,hogar,256.15,2025-10-22
18245,706,2,mercado,61.43,2025-08-13
18246,791,2,electronica,482.03,2025-01-12
18247,481,1,electronica,553.28,2025-09-02
18248,95,2,hogar,153.46,2025-05-19
18249,443,4,ropa,29.68,2025-08-14
18250,780,2,hogar,193.32,2025-06-11
18251,106,3,juguetes,7.64,2025-03-07
18252,225,3,mercado,81.82,2025-09-01
18253,13,1,hogar,107.22,2025-03-22
18254,22,1,electronica,1218.25,2025-10-23
18255,130,2,deportes,81.15,2025-12-11
18256,608,1,electronica,524.49,2025-07-09
18257,283,1,ropa,54.82,2025-11-25
18258,600,2,hogar,88.26,2025-07-19
18259,438,1,electronica,174.9,2025-02-13
18260,500,2,electronica,95.99,2025-01-16
18261,393,3,ropa,183.08,2025-01-27
18262,278,4,deportes,7.9,2025-09-07
18263,192,2,ropa,31.06,2025-05-08
18264,372,1,deportes,30.14,2025-03-10
18265,56,2,ropa,162.52,2025-06-22
18266,552,3,electronica,613.94,2025-12-04
18267,387,4,deportes,31.09,2025-07-07
18268,729,2,electronica,664.12,2025-06-28
18269,251,2,electronica,257.35,2025-09-05
18270,175,1,electronica,62.28,2025-08-17
18271,426,1,deportes,62.96,2025-10-07
18272,105,1,electronica,299.3,2025-10-13
18273,652,2,hogar,134.64,2025-08-14
18274,742,5,libros,101.31,2025-09-23
18275,284,4,mercado,14.73,2025-04-02
18276,449,1,mercado,9.13,2025-04-05
18277,396,1,hogar,136.2,2025-06-11
18278,723,3,mercado,6.78,2025-01-19
18279,350,3,electronica,28.01,2025-11-05
18280,341,3,hogar,282.42,2025-04-06
18281,89,2,electronica,735.6,2025-11-07
18282,414,2,juguetes,142.78,2025-06-17
18283,73,2,electronica,125.31,2025-01-14
18284,664,5,electronica,1264.99,2025-03-19
18285,648,2,hogar,46.37,2025-11-01
18286,332,2,deportes,37.92,2025-01-27
18287,665,2,mercado,54.12,2025-10-01
18288,222,2,hogar,65.79,2025-01-20
18289,554,1,libros,13.87,2025-12-19
18290,601,3,hogar,44.92,2025-01-12
18291,566,3,electronica,472.62,2025-01-18
18292,274,7,deportes,82.34,2025-05-01
18293,606,2,hogar,165.43,2025-10-21
18294,141,4,juguetes,64.65,2025-07-20
18295,317,2,hogar,41.14,2025-02-12
18296,389,3,libros,34.96,2025-07-03
18297,291,2,hogar,179.37,2025-10-03
18298,497,2,hogar,128.65,2025-12-06
18299,149,2,electronica,315.94,2025-10-25
18300,326,1,electronica,78.06,2025-03-24
18301,154,6,electronica,293.85,2025-06-13
18302,59,2,libros,25.68,2025-12-06
18303,196,1,ropa,202.14,2025-10-24
18304,629,1,electronica,44.02,2025-02-26
18305,169,7,deportes,86.39,2025-03-23
18306,167,1,deportes,7.29,2025-05-19
18307,328,1,electronica,369.92,2025-04-03
18308,658,2,ropa,23.88,2025-09-07
18309,337,2,hogar,12.16,2025-03-23
18310,490,2,hogar,45.58,2025-03-18
18311,82,2,hogar,92.41,2025-02-13
18312,730,2,libros,45.22,2025-02-25
18313,634,2,mercado,50.61,2025-11-01
18314,601,1,mercado,64.94,2025-07-24
18315,798,2,mercado,85.07,2025-11-25
18316,44,3,mercado,40.3,2025-06-03
18317,642,1,libros,5.6,2025-01-07
18318,312,1,electronica,43.46,2025-10-11
18319,68,6,libros,108.24,2025-07-23
18320,160,3,ropa,44.4,2025-09-22
18321,99,6,ropa,219.45,2025-12-17
18322,618,3,hogar,63.4,2025-03-26
18323,154,1,mercado,91.41,2025-06-27
18324,27,4,ropa,130.69,2025-06-04
18325,18,2,mercado,40.26,2025-11-22
18326,26,2,ropa,163.46,2025-07-27
18327,550,3,mercado,73.01,2025-09-07
18328,346,2,ropa,14.83,2025-12-27
18329,545,4,mercado,50.08,2025-01-10
18330,42,2,electronica,171.25,2025-07-16
18331,588,2,electronica,482.24,2025-10-02
18332,172,1,hogar,49.6,2025-05-19
18333,374,1,hogar,72.32,2025-04-04
18334,391,4,ropa,31.49,2025-11-17
18335,543,1,ropa,114.87,2025-09-05
18336,746,3,electronica,291.27,2025-04-11
18337,298,4,electronica,177.04,2025-09-21
18338,422,1,hogar,263.74,2025-03-03
18339,507,1,electronica,59.84,2025-11-24
18340,18,3,hogar,27.51,2025-03-18
18341,588,2,hogar,116.09,2025-10-01
18342,538,1,electronica,230.19,2025-03-18
18343,211,3,electronica,915.43,2025-10-11
18344,4,1,deportes,221.19,2025-01-03
18345,607,3,electronica,235.37,2025-10-16
18346,529,1,mercado,6.5,2025-10-05
18347,129,4,electronica,136.11,2025-08-11
18348,332,4,hogar,53.73,2025-05-11
18349,662,4,electronica,1146.09,2025-08-04
18350,137,1,electronica,23.36,2025-07-11
18351,697,1,deportes,11.08,2025-10-07
18352,485,1,electronica,8.04,2025-06-14
18353,488,2,hogar,12.6,2025-01-19
18354,306,5,electronica,34.54,2025-01-12
18355,570,2,hogar,39.48,2025-05-21
18356,701,2,libros,61.16,2025-12-08
18357,602,2,mercado,27.34,2025-10-28
18358,574,2,libros,12.48,2025-09-13
18359,378,1,deportes,119.7,2025-05-08
18360,675,2,electronica,222.01,2025-06-23
18361,627,2,hogar,116.01,2025-03-23
18362,550,1,libros,144.92,2025-05-13
18363,335,4,ropa,44.35,2025-03-18
18364,167,1,libros,55.65,2025-04-01
18365,170,2,hogar,227.06,2025-11-05
18366,318,5,hogar,75.35,2025-04-07
18367,104,2,ropa,33.01,2025-04-17
18368,36,1,ropa,119.72,2025-04-03
18369,751,1,ropa,26.61,2025-03-23
18370,744,2,ropa,124.98,2025-07-23
18371,781,3,electronica,74.63,2025-12-26
18372,131,2,hogar,30.11,2025-01-05
18373,707,1,electronica,150.39,2025-09-14
18374,93,6,electronica,858.74,2025-02-20
18375,156,2,mercado,93.99,2025-10-01
18376,27,4,deportes,43.61,2025-06-11
18377,718,2,juguetes,211.52,2025-10-03
18378,540,2,ropa,26.84,2025-02-21
18379,69,1,hogar,76.33,2025-05-04
18380,774,2,electronica,572.98,2025-07-16
18381,615,1,ropa,6.98,2025-10-08
18382,443,2,mercado,52.63,2025-07-24
18383,344,2,juguetes,32.39,2025-04-07
18384,504,5,ropa,69.79,2025-05-16
18385,345,2,mercado,16.25,2025-04-13
18386,309,3,ropa,63.33,2025-10-03
18387,327,1,hogar,131.95,2025-07-17
18388,323,1,mercado,50.02,2025-04-05
18389,231,1,electronica,743.93,2025-03-08
18390,113,1,electronica,230.71,2025-12-25
18391,289,4,mercado,40.75,2025-12-24
18392,161,2,mercado,59.19,2025-02-05
18393,156,4,ropa,48.9,2025-04-12
18394,476,2,mercado,57.18,2025-06-01
18395,232,2,electronica,89.65,2025-08-07
18396,712,2,juguetes,53.06,2025-06-26
18397,419,3,hogar,255.36,2025-11-23
18398,637,2,hogar,29.84,2025-07-14
18399,474,2,deportes,38.43,2025-11-13
18400,726,1,libros,28.94,2025-09-25
18401,198,6,electronica,117.09,2025-11-16
18402,100,2,ropa,24.61,2025-04-19
18403,350,3,deportes,52.34,2025-07-01
18404,784,4,mercado,52.79,2025-02-15
18405,400,1,mercado,6.1,2025-09-05
18406,84,2,electronica,329.47,2025-07-05
18407,82,2,electronica,250.64,2025-01-06
18408,625,2,deportes,133.23,2025-07-11
18409,441,3,electronica,188.92,2025-04-20
18410,736,1,electronica,796.43,2025-03-01
18411,316,1,deportes,26.21,2025-09-20
18412,145,3,deportes,23.62,2025-03-28
18413,351,1,libros,40.96,2025-08-22
18414,118,1,electronica,131.54,2025-05-26
18415,167,3,electronica,158.44,2025-02-12
18416,571,3,ropa,21.75,2025-10-18
18417,421,1,libros,37.96,2025-11-14
18418,512,1,ropa,308.76,2025-02-15
18419,589,3,electronica,67.82,2025-04-16
18420,168,2,deportes,134.32,2025-09-04
18421,586,7,electronica,75.78,2025-03-17
18422,78,4,deportes,118.95,2025-01-18
18423,342,2,hogar,242.44,2025-11-17
18424,600,4,electronica,69.55,2025-02-11
18425,177,3,mercado,49.69,2025-08-05
18426,256,4,electronica,1012.07,2025-09-10
18427,213,1,electronica,191.26,2025-12-09
18428,743,2,mercado,46.76,2025-12-11
18429,259,1,electronica,388.05,2025-07-07
18430,552,6,electronica,478.49,2025-10-16
18431,632,1,libros,36.18,2025-06-03
18432,655,1,mercado,13.61,2025-08-07
18433,538,2,electronica,132.84,2025-03-10
18434,320,4,mercado,59.88,2025-10-25
18435,337,7,ropa,106.96,2025-12-25
18436,602,7,ropa,365.25,2025-01-09
18437,500,2,mercado,24.58,2025-02-20
18438,91,1,ropa,10.18,2025-01-15
18439,351,2,deportes,294.55,2025-06-09
18440,618,3,electronica,227.72,2025-07-16
18441,69,2,ropa,21.22,2025-06-02
18442,190,1,mercado,41.34,2025-03-06
18443,724,2,electronica,1322.64,2025-04-04
18444,30,1,ropa,41.25,2025-11-21
18445,587,4,hogar,111.92,2025-07-28
18446,252,2,ropa,140.43,2025-09-10
18447,316,1,ropa,207.74,2025-05-20
18448,527,2,electronica,9.46,2025-12-11
18449,429,3,electronica,380.43,2025-11-09
18450,302,3,hogar,93.21,2025-03-02
18451,11,2,hogar,422.29,2025-02-08
18452,771,2,electronica,242.32,2025-10-11
18453,613,2,mercado,46.06,2025-05-23
18454,553,5,deportes,100.23,2025-04-03
18455,403,4,electronica,545.11,2025-06-06
18456,371,3,deportes,387.2,2025-02-05
18457,505,2,hogar,74.18,2025-02-26
18458,706,4,ropa,122.82,2025-09-14
18459,310,2,mercado,32.73,2025-06-17
18460,574,1,mercado,19.7,2025-03-23
18461,27,2,mercado,21.26,2025-08-13
18462,210,3,electronica,354.42,2025-01-12
18463,78,1,hogar,33.66,2025-07-07
18464,415,2,deportes,51.26,2025-05-15
18465,769,1,mercado,112.54,2025-02-02
18466,444,2,electronica,28.33,2025-10-08
18467,529,1,deportes,195.14,2025-03-24
18468,23,2,mercado,61.01,2025-11-07
18469,562,2,electronica,206.16,2025-02-06
18470,480,4,deportes,598.19,2025-02-15
18471,244,2,electronica,174.49,2025-12-19
18472,763,2,mercado,13.78,2025-04-15
18473,315,2,mercado,25.41,2025-09-12
18474,26,2,mercado,158.71,2025-02-10
18475,581,2,ropa,12.08,2025-05-04
18476,571,1,electronica,481.42,2025-11-05
18477,156,1,hogar,159.23,2025-10-23
18478,456,4,electronica,204.45,2025-08-17
18479,769,2,electronica,715.77,2025-10-09
18480,134,3,ropa,87.73,2025-03-24
18481,273,2,hogar,243.21,2025-03-20
18482,79,2,deportes,5.32,2025-07-07
18483,185,4,hogar,32.09,2025-07-19
18484,712,5,electronica,37.27,2025-11-12
18485,53,1,electronica,85.6,2025-08-26
18486,530,1,mercado,6.26,2025-11-18
18487,666,3,mercado,70.58,2025-06-08
18488,159,1,electronica,193.72,2025-03-04
18489,533,2,electronica,191.02,2025-09-24
18490,399,2,ropa,92.73,2025-07-24
18491,374,2,electronica,487.37,2025-10-18
18492,282,2,ropa,31.39,2025-06-25
18493,799,1,deportes,67.17,2025-05-17
18494,27,2,ropa,116.15,2025-04-08
18495,790,3,ropa,226.4,2025-04-15
18496,69,2,deportes,74.39,2025-09-01
18497,514,1,mercado,30.77,2025-09-21
18498,490,2,electronica,67.42,2025-05-06
18499,632,3,juguetes,112.68,2025-03-20
18500,586,1,mercado,9.73,2025-05-27
18501,304,1,ropa,46.14,2025-07-25
18502,29,4,electronica,397.0,2025-11-22
18503,72,1,mercado,186.32,2025-05-12
18504,731,5,ropa,197.32,2025-11-06
18505,210,1,hogar,170.71,2025-02-01
18506,686,2,ropa,139.44,2025-01-16
18507,617,1,electronica,107.34,2025-03-10
18508,554,4,ropa,579.12,2025-09-01
18509,650,1,mercado,12.69,2025-11-23
18510,259,2,electronica,109.57,2025-03-06
18511,137,2,libros,62.95,2025-10-25
18512,755,2,mercado,81.33,2025-06-23
18513,223,3,deportes,20.2,2025-11-16
18514,464,2,deportes,14.28,2025-02-12
18515,318,1,deportes,28.45,2025-02-11
18516,303,2,mercado,17.53,2025-06-22
18517,545,5,deportes,27.84,2025-07-16
18518,355,1,electronica,27.12,2025-05-24
18519,163,4,mercado,11.75,2025-10-16
18520,279,5,electronica,534.53,2025-06-07
18521,390,4,ropa,197.99,2025-03-21
18522,630,3,mercado,184.16,2025-02-11
18523,783,4,ropa,85.6,2025-10-08
18524,264,2,electronica,96.73,2025-09-23
18525,419,1,deportes,115.87,2025-05-13
18526,69,1,hogar,306.7,2025-07-04
18527,605,4,electronica,883.61,2025-02-24
18528,108,1,mercado,62.36,2025-05-25
18529,338,1,electronica,285.58,2025-10-03
18530,312,1,ropa,16.99,2025-06-13
18531,283,2,mercado,57.54,2025-10-19
18532,796,1,hogar,239.77,2025-04-27
18533,639,6,electronica,266.91,2025-11-08
18534,268,3,electronica,574.59,2025-08-08
18535,294,2,mercado,222.51,2025-08-10
18536,118,1,ropa,74.44,2025-07-18
18537,569,1,hogar,72.38,2025-04-28
18538,227,1,hogar,96.14,2025-09-06
18539,208,2,ropa,270.3,2025-07-09
18540,302,2,deportes,102.21,2025-11-15
18541,441,3,electronica,141.91,2025-12-01
18542,216,2,juguetes,25.9,2025-12-28
18543,306,2,ropa,78.0,2025-03-05
18544,555,2,mercado,52.53,2025-11-24
18545,197,2,hogar,5.57,2025-11-21
18546,220,2,electronica,772.42,2025-12-20
18547,278,2,hogar,250.2,2025-03-07
18548,567,6,deportes,28.38,2025-09-14
18549,688,3,mercado,33.79,2025-10-07
18550,21,6,ropa,29.63,2025-05-24
18551,722,2,electronica,392.0,2025-04-20
18552,266,4,mercado,86.52,2025-09-26
18553,265,2,ropa,140.37,2025-03-16
18554,798,2,electronica,252.76,2025-10-03
18555,174,2,hogar,37.03,2025-04-26
18556,124,6,hogar,197.34,2025-01-23
18557,209,3,mercado,14.8,2025-01-14
18558,265,4,mercado,299.75,2025-09-05
18559,292,3,ropa,9.27,2025-05-23
18560,681,3,juguetes,56.53,2025-12-12
18561,186,1,libros,27.61,2025-04-23
18562,56,2,deportes,64.21,2025-10-08
18563,164,2,ropa,80.89,2025-07-24
18564,792,3,ropa,53.09,2025-05-20
18565,377,2,electronica,300.35,2025-08-09
18566,568,2,hogar,51.83,2025-01-16
18567,704,4,hogar,232.12,2025-04-12
18568,408,2,mercado,6.11,2025-09-12
18569,170,1,ropa,90.73,2025-02-16
18570,667,1,hogar,28.42,2025-09-02
18571,761,1,mercado,41.11,2025-02-15
18572,688,1,electronica,192.55,2025-12-28
18573,427,1,juguetes,5.76,2025-09-04
18574,729,3,ropa,9.92,2025-08-21
18575,46,1,electronica,60.13,2025-10-26
18576,174,3,libros,106.1,2025-02-24
18577,420,1,hogar,129.13,2025-04-16
18578,747,2,electronica,74.1,2025-05-24
18579,47,3,libros,5.17,2025-06-22
18580,34,2,mercado,18.46,2025-07-20
18581,419,2,hogar,26.01,2025-05-15
18582,609,1,electronica,329.89,2025-09-17
18583,720,1,mercado,52.38,2025-08-08
18584,497,1,hogar,209.27,2025-09-07
18585,147,3,hogar,313.03,2025-04-24
18586,267,6,electronica,63.1,2025-11-04
18587,310,2,hogar,76.46,2025-06-15
18588,684,3,juguetes,220.37,2025-04-28
18589,186,2,hogar,145.18,2025-07-13
18590,567,2,hogar,5.49,2025-06-09
18591,730,1,hogar,31.63,2025-12-01
18592,545,3,mercado,8.84,2025-08-09
18593,52,3,hogar,20.57,2025-09-27
18594,758,1,mercado,16.55,2025-01-13
18595,707,4,electronica,344.06,2025-08-09
18596,388,3,electronica,203.5,2025-01-18
18597,671,3,electronica,574.57,2025-08-19
18598,47,1,electronica,483.42,2025-05-21
18599,122,2,deportes,12.95,2025-08-04
18600,165,3,hogar,85.05,2025-07-19
18601,551,3,mercado,19.57,2025-05-05
18602,262,2,electronica,244.04,2025-02-28
18603,69,3,electronica,633.21,2025-12-09
18604,785,3,electronica,432.84,2025-05-12
18605,90,2,mercado,21.86,2025-04-02
18606,680,3,ropa,17.4,2025-07-26
18607,366,6,hogar,145.67,2025-04-20
18608,744,6,hogar,82.01,2025-10-10
18609,237,4,ropa,80.14,2025-04-20
18610,764,3,juguetes,8.88,2025-08-27
18611,13,3,electronica,90.22,2025-09-09
18612,458,3,mercado,55.37,2025-01-19
18613,296,4,deportes,12.45,2025-09-24
18614,151,2,ropa,59.58,2025-07-06
18615,242,2,electronica,210.67,2025-05-26
18616,164,3,electronica,202.69,2025-05-25
18617,148,5,libros,101.6,2025-04-16
18618,598,2,hogar,145.27,2025-11-26
18619,623,1,ropa,205.3,2025-04-18
18620,295,1,hogar,350.5,2025-03-20
18621,89,2,electronica,181.36,2025-05-25
18622,708,2,libros,145.18,2025-07-06
18623,726,1,hogar,196.79,2025-07-24
18624,688,1,hogar,23.47,2025-03-19
18625,224,1,deportes,30.89,2025-01-18
18626,254,2,hogar,122.83,2025-07-11
18627,489,1,ropa,61.11,2025-04-21
18628,278,2,mercado,11.06,2025-06-05
18629,631,2,deportes,120.33,2025-10-19
18630,679,3,hogar,70.06,2025-07-21
18631,764,1,electronica,709.49,2025-09-10
18632,309,1,ropa,115.97,2025-03-09
18633,28,2,mercado,14.25,2025-07-24
18634,314,3,ropa,50.74,2025-07-08
18635,602,1,deportes,23.78,2025-08-04
18636,646,5,mercado,44.78,2025-01-18
18637,539,6,deportes,84.25,2025-06-07
18638,474,2,mercado,187.29,2025-08-18
18639,684,1,ropa,8.57,2025-11-27
18640,394,3,libros,97.42,2025-04-19
18641,26,1,hogar,296.18,2025-06-13
18642,417,3,hogar,226.27,2025-06-08
18643,624,1,electronica,461.18,2025-09-23
18644,285,1,electronica,674.37,2025-07-17
18645,793,1,hogar,184.01,2025-08-17
18646,326,2,deportes,37.98,2025-11-17
18647,634,4,electronica,248.15,2025-10-03
18648,777,6,ropa,47.97,2025-07-28
18649,202,1,electronica,54.6,2025-10-10
18650,525,1,mercado,14.46,2025-08-20
18651,615,2,electronica,264.06,2025-04-06
18652,46,2,electronica,11.49,2025-03-21
18653,525,2,hogar,179.69,2025-12-07
18654,698,3,electronica,184.12,2025-05-10
18655,187,1,electronica,352.16,2025-08-02
18656,48,3,mercado,19.73,2025-01-09
18657,416,2,deportes,21.19,2025-01-18
18658,737,4,ropa,63.48,2025-06-17
18659,570,2,juguetes,26.9,2025-02-14
18660,143,2,electronica,679.37,2025-10-20
18661,420,2,electronica,204.69,2025-12-18
18662,144,1,juguetes,38.82,2025-08-17
18663,731,3,electronica,73.32,2025-01-05
18664,568,2,mercado,89.03,2025-03-12
18665,602,1,mercado,53.93,2025-05-22
18666,755,1,hogar,176.76,2025-01-19
18667,401,2,electronica,576.01,2025-08-07
18668,27,3,ropa,67.28,2025-05-21
18669,748,4,deportes,189.46,2025-11-08
18670,426,1,hogar,23.35,2025-01-09
18671,568,1,hogar,113.13,2025-02-21
18672,684,1,ropa,25.3,2025-12-07
18673,147,3,libros,17.58,2025-10-17
18674,72,3,mercado,196.79,2025-05-01
18675,484,2,ropa,24.23,2025-07-27
18676,580,1,juguetes,12.41,2025-07-26
18677,626,3,ropa,119.42,2025-06-18
18678,424,1,electronica,828.88,2025-09-18
18679,617,3,ropa,11.38,2025-12-06
18680,540,1,mercado,89.57,2025-05-15
18681,478,7,electronica,292.24,2025-09-02
18682,777,1,ropa,30.35,2025-12-23
18683,442,4,hogar,60.18,2025-08-13
18684,689,1,ropa,123.43,2025-02-15
18685,288,2,electronica,526.97,2025-04-26
18686,351,2,ropa,53.26,2025-08-09
18687,59,2,hogar,41.87,2025-03-13
18688,425,2,ropa,8.29,2025-07-02
18689,776,3,ropa,29.4,2025-02-08
18690,727,2,electronica,565.18,2025-03-21
18691,541,3,mercado,21.0,2025-03-10
18692,255,4,mercado,27.47,2025-09-26
18693,6,5,mercado,143.86,2025-10-28
18694,263,5,ropa,12.18,2025-11-28
18695,50,1,ropa,8.14,2025-11-15
18696,288,2,mercado,58.16,2025-09-17
18697,492,1,electronica,31.79,2025-02-08
18698,388,6,hogar,116.29,2025-03-07
18699,550,1,mercado,71.44,2025-10-23
18700,194,3,ropa,28.21,2025-04-15
18701,222,6,libros,32.33,2025-09-25
18702,297,2,electronica,114.74,2025-01-12
18703,23,2,ropa,71.54,2025-05-12
18704,681,3,juguetes,16.11,2025-03-04
18705,548,2,ropa,43.69,2025-04-23
18706,413,1,ropa,63.62,2025-08-11
18707,154,2,deportes,40.75,2025-01-24
18708,790,2,libros,86.73,2025-06-10
18709,766,2,mercado,56.04,2025-09-28
18710,335,6,deportes,78.62,2025-03-17
18711,162,1,mercado,26.91,2025-05-07
18712,149,4,mercado,18.51,2025-12-09
18713,485,6,electronica,205.85,2025-09-10
18714,84,2,mercado,58.19,2025-09-09
18715,703,1,electronica,20.06,2025-05-26
18716,354,1,ropa,113.02,2025-07-09
18717,595,4,ropa,9.45,2025-09-10
18718,731,2,deportes,86.82,2025-11-10
18719,456,1,hogar,31.27,2025-01-11
18720,794,4,hogar,45.07,2025-06-10
18721,81,2,electronica,57.74,2025-11-16
18722,365,3,mercado,9.04,2025-01-26
18723,394,1,libros,97.76,2025-01-16
18724,153,3,ropa,29.89,2025-06-05
18725,26,2,ropa,516.07,2025-12-18
18726,328,4,libros,42.66,2025-05-26
18727,77,3,ropa,11.67,2025-12-25
18728,285,3,juguetes,24.88,2025-04-27
18729,98,6,libros,9.05,2025-02-20
18730,516,3,libros,58.59,2025-11-03
18731,26,2,hogar,75.07,2025-10-11
18732,189,2,electronica,306.4,2025-07-03
18733,495,1,ropa,43.74,2025-08-05
18734,38,2,libros,45.25,2025-01-13
18735,190,2,electronica,341.34,2025-08-04
18736,451,7,mercado,46.19,2025-03-09
18737,323,2,ropa,89.79,2025-07-26
18738,393,1,hogar,218.17,2025-03-08
18739,529,1,mercado,15.69,2025-10-03
18740,515,5,electronica,298.23,2025-07-13
18741,365,1,electronica,222.06,2025-10-18
18742,313,4,juguetes,46.61,2025-09-08
18743,154,1,hogar,123.12,2025-03-09
18744,56,2,mercado,6.75,2025-11-20
18745,158,6,mercado,77.56,2025-10-05
18746,725,2,libros,106.93,2025-11-19
18747,690,2,electronica,6.2,2025-04-21
18748,374,1,electronica,201.89,2025-01-22
18749,692,3,deportes,18.13,2025-01-26
18750,298,4,hogar,157.92,2025-11-18
18751,252,1,electronica,129.57,2025-04-02
18752,454,1,ropa,322.67,2025-03-25
18753,100,1,mercado,185.85,2025-11-25
18754,361,1,ropa,165.77,2025-04-09
18755,66,2,deportes,41.43,2025-04-27
18756,763,2,mercado,47.88,2025-04-22
18757,445,2,ropa,152.78,2025-01-23
18758,462,2,libros,86.84,2025-12-02
18759,633,6,electronica,1185.31,2025-01-28
18760,320,2,ropa,30.85,2025-07-21
18761,598,1,libros,116.75,2025-12-21
18762,100,1,mercado,37.74,2025-11-19
18763,686,3,libros,78.54,2025-08-23
18764,149,3,ropa,120.03,2025-07-28
18765,615,1,ropa,45.68,2025-08-05
18766,335,2,hogar,46.94,2025-07-15
18767,453,2,mercado,117.2,2025-07-27
18768,605,2,electronica,263.26,2025-06-02
18769,565,1,electronica,119.56,2025-12-08
18770,448,2,mercado,41.65,2025-01-04
18771,550,1,juguetes,28.37,2025-08-09
18772,459,2,hogar,29.48,2025-05-15
18773,325,2,hogar,84.5,2025-10-27
18774,485,2,ropa,77.92,2025-11-05
18775,384,2,deportes,118.51,2025-04-18
18776,28,5,libros,64.83,2025-11-25
18777,461,2,deportes,10.63,2025-06-28
18778,783,2,mercado,39.23,2025-06-17
18779,782,1,hogar,117.25,2025-03-04
18780,727,1,ropa,38.4,2025-03-18
18781,268,7,ropa,116.55,2025-03-04
18782,203,1,deportes,110.42,2025-02-11
18783,724,1,deportes,116.3,2025-08-23
18784,506,3,ropa,133.21,2025-05-04
18785,544,1,electronica,94.15,2025-01-16
18786,204,1,electronica,13.15,2025-05-22
18787,390,1,electronica,175.2,2025-06-19
18788,514,1,libros,47.07,2025-08-19
18789,37,2,ropa,20.3,2025-02-22
18790,593,4,hogar,30.37,2025-10-14
18791,226,1,electronica,32.25,2025-03-13
18792,498,2,mercado,103.95,2025-09-02
18793,684,1,electronica,297.46,2025-09-22
18794,62,1,electronica,129.24,2025-11-09
18795,172,2,electronica,8.16,2025-11-13
18796,55,1,mercado,72.63,2025-09-23
18797,214,2,juguetes,109.09,2025-02-02
18798,457,1,mercado,121.93,2025-03-24
18799,204,3,mercado,129.81,2025-07-03
18800,710,4,ropa,82.0,2025-02-23
18801,111,7,ropa,115.22,2025-04-22
18802,22,1,hogar,38.97,2025-04-22
18803,674,1,juguetes,34.61,2025-09-20
18804,708,1,ropa,141.29,2025-09-20
18805,749,5,hogar,148.73,2025-06-01
18806,193,2,libros,42.89,2025-10-22
18807,475,3,electronica,179.46,2025-12-08
18808,275,2,hogar,16.8,2025-10-02
18809,392,2,mercado,84.31,2025-10-20
18810,345,3,mercado,28.3,2025-08-12
18811,431,3,ropa,12.91,2025-06-20
18812,510,2,ropa,27.42,2025-08-28
18813,238,4,hogar,301.59,2025-01-24
18814,345,5,electronica,700.74,2025-01-03
18815,246,4,mercado,104.98,2025-11-06
18816,557,5,hogar,27.29,2025-02-10
18817,274,3,ropa,5.85,2025-10-16
18818,647,2,electronica,7.45,2025-11-27
18819,613,1,mercado,29.86,2025-09-24
18820,503,3,mercado,11.49,2025-12-25
18821,560,2,mercado,61.37,2025-07-07
18822,222,2,electronica,291.38,2025-02-25
18823,605,2,mercado,53.41,2025-09-16
18824,349,1,libros,78.12,2025-09-07
18825,39,2,ropa,281.7,2025-06-05
18826,341,3,mercado,21.16,2025-01-12
18827,514,4,deportes,85.92,2025-08-14
18828,572,2,ropa,43.34,2025-03-25
18829,275,3,hogar,280.08,2025-09-03
18830,284,2,ropa,135.33,2025-03-25
18831,302,2,ropa,41.31,2025-07-23
18832,554,6,hogar,90.02,2025-01-20
18833,76,2,libros,39.11,2025-09-06
18834,445,5,hogar,166.56,2025-03-21
18835,325,1,ropa,130.05,2025-02-07
18836,164,2,ropa,12.69,2025-02-05
18837,763,1,ropa,205.57,2025-06-26
18838,639,1,hogar,39.91,2025-03-12
18839,537,7,mercado,94.16,2025-09-06
18840,574,3,electronica,107.93,2025-02-19
18841,475,2,hogar,383.08,2025-11-25
18842,122,6,electronica,127.98,2025-11-28
18843,319,1,hogar,19.44,2025-08-09
18844,475,4,mercado,27.1,2025-02-26
18845,286,4,libros,10.11,2025-04-14
18846,596,2,hogar,108.47,2025-05-23
18847,122,2,hogar,24.58,2025-02-22
18848,26,1,electronica,835.81,2025-01-25
18849,303,3,deportes,102.18,2025-06-15
18850,696,2,electronica,249.79,2025-02-22
18851,61,4,deportes,26.44,2025-09-13
18852,348,1,electronica,126.35,2025-04-11
18853,432,2,deportes,46.54,2025-10-11
18854,98,2,deportes,51.29,2025-08-07
18855,26,1,deportes,6.6,2025-12-06
18856,481,2,ropa,263.29,2025-09-02
18857,540,2,ropa,74.9,2025-06-08
18858,261,3,hogar,12.17,2025-01-22
18859,186,4,electronica,439.82,2025-06-11
18860,229,3,electronica,164.49,2025-06-12
18861,407,2,hogar,36.78,2025-02-04
18862,664,3,hogar,12.12,2025-02-21
18863,24,1,ropa,168.47,2025-02-05
18864,580,4,deportes,102.66,2025-02-20
18865,419,6,ropa,12.97,2025-06-18
18866,402,1,ropa,12.74,2025-06-12
18867,631,2,hogar,52.05,2025-10-06
18868,136,1,ropa,74.82,2025-02-08
18869,792,1,ropa,7.6,2025-09-26
18870,551,3,electronica,19.1,2025-07-01
18871,660,2,ropa,87.29,2025-03-13
18872,240,1,hogar,559.26,2025-08-20
18873,427,2,mercado,110.49,2025-05-01
18874,569,6,electronica,603.15,2025-04-24
18875,514,1,mercado,202.82,2025-12-02
18876,620,4,electronica,489.31,2025-06-23
18877,155,1,electronica,126.66,2025-11-18
18878,597,1,ropa,144.4,2025-07-17
18879,134,1,electronica,155.65,2025-12-13
18880,161,1,mercado,11.51,2025-01-24
18881,552,2,mercado,53.54,2025-11-22
18882,664,2,deportes,206.63,2025-05-27
18883,720,1,hogar,197.55,2025-07-15
18884,552,2,mercado,34.35,2025-07-24
18885,665,3,electronica,34.06,2025-11-13
18886,213,1,electronica,179.02,2025-08-23
18887,729,2,electronica,110.04,2025-08-21
18888,66,5,electronica,1635.01,2025-02-04
18889,474,4,electronica,611.31,2025-04-19
18890,588,3,juguetes,18.04,2025-11-01
18891,102,1,mercado,77.86,2025-11-06
18892,497,3,ropa,119.86,2025-10-14
18893,531,3,electronica,321.56,2025-12-21
18894,388,2,deportes,288.01,2025-02-17
18895,485,1,libros,59.21,2025-01-27
18896,173,1,juguetes,205.06,2025-09-18
18897,480,1,hogar,86.33,2025-02-09
18898,744,1,hogar,211.37,2025-04-19
18899,290,3,juguetes,76.44,2025-01-22
18900,545,2,deportes,36.65,2025-06-20
18901,482,2,mercado,111.0,2025-10-02
18902,213,4,mercado,6.79,2025-08-06
18903,484,1,ropa,43.67,2025-11-06
18904,732,4,electronica,261.49,2025-01-17
18905,110,6,deportes,37.3,2025-08-06
18906,523,1,mercado,50.42,2025-04-11
18907,94,2,ropa,57.6,2025-07-06
18908,752,3,libros,68.06,2025-06-10
18909,151,3,electronica,372.37,2025-10-11
18910,778,2,deportes,16.77,2025-07-21
18911,471,1,electronica,136.58,2025-07-10
18912,600,1,mercado,9.9,2025-12-26
18913,543,3,ropa,57.3,2025-04-14
18914,495,4,mercado,15.13,2025-07-27
18915,375,2,electronica,148.45,2025-11-24
18916,586,3,juguetes,97.95,2025-05-02
18917,271,2,libros,31.21,2025-07-20
18918,77,1,ropa,109.47,2025-08-13
18919,456,2,deportes,5.84,2025-10-19
18920,631,5,mercado,12.44,2025-11-24
18921,371,1,juguetes,22.13,2025-10-07
18922,100,1,ropa,47.38,2025-01-17
18923,45,1,electronica,40.0,2025-07-14
18924,443,2,ropa,71.72,2025-07-06
18925,81,1,ropa,191.07,2025-03-19
18926,86,6,libros,43.85,2025-03-27
18927,448,1,juguetes,9.26,2025-03-22
18928,86,7,mercado,87.53,2025-09-08
18929,498,1,mercado,9.76,2025-04-20
18930,356,1,mercado,102.68,2025-06-03
18931,531,3,deportes,64.62,2025-12-25
18932,367,3,hogar,20.0,2025-12-07
18933,174,2,hogar,155.34,2025-08-05
18934,719,4,hogar,15.52,2025-12-16
18935,181,4,mercado,347.04,2025-04-12
18936,157,1,electronica,100.75,2025-05-01
18937,620,2,mercado,52.12,2025-12-07
18938,451,2,electronica,68.0,2025-07-22
18939,773,2,mercado,180.21,2025-04-07
18940,157,4,hogar,11.89,2025-03-05
18941,135,7,mercado,32.33,2025-10-11
18942,684,1,electronica,353.7,2025-09-25
18943,116,7,deportes,266.72,2025-08-21
18944,137,3,deportes,5.34,2025-03-10
18945,282,2,libros,30.89,2025-09-24
18946,450,5,electronica,7.99,2025-07-28
18947,788,6,mercado,30.25,2025-12-08
18948,717,1,deportes,126.96,2025-01-06
18949,83,4,ropa,49.93,2025-09-03
18950,154,2,electronica,37.47,2025-11-20
18951,792,1,electronica,140.15,2025-07-07
18952,614,1,hogar,21.29,2025-09-06
18953,626,3,hogar,13.73,2025-12-25
18954,484,2,mercado,52.84,2025-07-19
18955,99,4,mercado,20.51,2025-01-27
18956,426,6,electronica,6.14,2025-10-03
18957,723,3,juguetes,49.52,2025-08-23
18958,521,2,hogar,167.29,2025-04-13
18959,124,6,mercado,8.47,2025-05-09
18960,756,1,ropa,160.94,2025-09-23
18961,18,2,mercado,64.28,2025-03-18
18962,140,2,ropa,26.24,2025-11-01
18963,398,1,libros,22.8,2025-03-20
18964,221,1,mercado,68.59,2025-12-07
18965,589,3,mercado,15.57,2025-07-01
18966,624,2,ropa,144.02,2025-06-09
18967,739,5,electronica,344.87,2025-02-22
18968,173,4,mercado,54.06,2025-06-16
18969,550,5,electronica,262.12,2025-10-02
18970,83,1,mercado,8.67,2025-12-06
18971,740,1,mercado,60.22,2025-01-02
18972,578,7,electronica,101.21,2025-07-11
18973,97,2,mercado,11.48,2025-07-18
18974,489,3,mercado,72.3,2025-12-20
18975,350,2,mercado,17.68,2025-09-19
18976,613,2,ropa,120.03,2025-02-12
18977,256,5,ropa,73.42,2025-04-19
18978,418,6,ropa,12.41,2025-01-08
18979,307,2,hogar,55.94,2025-08-05
18980,244,4,deportes,15.66,2025-04-20
18981,120,4,electronica,241.32,2025-10-01
18982,619,2,electronica,239.58,2025-07-17
18983,340,3,mercado,101.13,2025-08-16
18984,7,4,libros,15.4,2025-02-01
18985,100,4,hogar,125.52,2025-04-23
18986,462,1,mercado,76.97,2025-01-07
18987,130,1,electronica,276.23,2025-12-21
18988,759,3,juguetes,67.0,2025-12-03
18989,770,1,electronica,216.32,2025-03-28
18990,3,1,electronica,240.0,2025-06-13
18991,448,2,ropa,49.78,2025-03-24
18992,505,7,hogar,69.45,2025-11-27
18993,531,3,deportes,166.54,2025-06-03
18994,402,1,electronica,60.84,2025-08-08
18995,542,2,juguetes,121.59,2025-11-24
18996,385,2,ropa,47.79,2025-03-19
18997,77,3,ropa,19.39,2025-12-21
18998,49,1,ropa,22.19,2025-06-21
18999,180,1,ropa,25.05,2025-01-27
19000,370,1,mercado,34.94,2025-06-16
19001,59,1,electronica,738.3,2025-04-06
19002,309,5,mercado,72.11,2025-02-21
19003,73,3,deportes,42.13,2025-04-11
19004,649,2,libros,79.39,2025-12-22
19005,622,1,electronica,62.71,2025-10-23
19006,152,1,hogar,164.14,2025-10-23
19007,471,1,ropa,47.45,2025-12-25
19008,269,3,deportes,178.74,2025-05-21
19009,579,5,hogar,111.24,2025-06-20
19010,584,3,deportes,14.26,2025-01-03
19011,762,2,electronica,129.86,2025-05-17
19012,383,3,mercado,29.32,2025-06-18
19013,309,4,mercado,162.38,2025-12-13
19014,507,6,electronica,699.26,2025-09-28
19015,330,2,hogar,225.83,2025-03-01
19016,330,1,electronica,349.48,2025-04-08
19017,87,3,electronica,320.87,2025-07-24
19018,233,2,libros,24.28,2025-09-15
19019,595,2,ropa,70.54,2025-06-14
19020,99,2,electronica,84.4,2025-03-17
19021,250,1,mercado,18.54,2025-11-19
19022,540,4,deportes,236.52,2025-09-24
19023,567,3,hogar,116.96,2025-12-27
19024,374,3,ropa,366.88,2025-05-03
19025,53,3,electronica,167.33,2025-10-09
19026,176,2,deportes,28.6,2025-12-03
19027,657,1,mercado,42.15,2025-05-18
19028,3,4,mercado,82.22,2025-12-21
19029,674,2,electronica,154.18,2025-11-02
19030,210,1,hogar,96.85,2025-05-17
19031,788,1,electronica,74.08,2025-07-14
19032,702,1,ropa,36.11,2025-03-22
19033,139,3,juguetes,33.83,2025-03-21
19034,117,1,mercado,6.66,2025-10-11
19035,578,1,mercado,146.25,2025-12-24
19036,779,1,electronica,270.11,2025-06-02
19037,337,2,hogar,26.51,2025-12-26
19038,197,5,electronica,220.06,2025-06-21
19039,177,3,mercado,112.54,2025-02-10
19040,750,1,deportes,42.22,2025-11-01
19041,194,2,mercado,116.34,2025-11-26
19042,40,2,ropa,103.42,2025-01-20
19043,564,1,ropa,233.66,2025-12-18
19044,340,1,electronica,456.76,2025-01-06
19045,77,7,electronica,303.93,2025-09-26
19046,215,2,mercado,159.29,2025-02-08
19047,644,1,mercado,12.21,2025-03-04
19048,778,2,electronica,105.52,2025-10-21
19049,432,2,electronica,70.18,2025-09-15
19050,113,2,mercado,37.79,2025-03-21
19051,231,1,electronica,869.26,2025-11-22
19052,580,2,electronica,340.38,2025-02-12
19053,441,3,electronica,963.51,2025-07-08
19054,100,1,ropa,114.98,2025-10-28
19055,472,2,electronica,134.54,2025-03-17
19056,60,1,deportes,116.25,2025-10-25
19057,118,2,mercado,7.95,2025-11-02
19058,691,4,mercado,96.94,2025-09-23
19059,92,4,mercado,13.88,2025-01-20
19060,696,1,ropa,52.69,2025-02-11
19061,249,1,mercado,10.24,2025-07-18
19062,1,3,libros,19.86,2025-01-02
19063,338,4,deportes,44.74,2025-04-09
19064,615,2,mercado,87.15,2025-04-01
19065,529,2,electronica,157.85,2025-07-24
19066,484,1,electronica,111.42,2025-04-04
19067,3,2,hogar,129.43,2025-02-04
19068,117,1,hogar,314.96,2025-07-22
19069,555,2,mercado,15.29,2025-10-24
19070,438,2,mercado,75.08,2025-12-04
19071,708,3,electronica,562.61,2025-11-23
19072,277,5,mercado,49.12,2025-10-06
19073,174,3,ropa,85.08,2025-04-14
19074,551,2,ropa,9.86,2025-02-05
19075,645,1,electronica,967.91,2025-07-22
19076,443,6,hogar,36.06,2025-01-24
19077,304,1,electronica,230.78,2025-01-23
19078,511,1,ropa,258.49,2025-09-20
19079,144,2,hogar,54.73,2025-08-04
19080,434,4,hogar,47.44,2025-03-08
19081,370,1,mercado,63.23,2025-06-14
19082,339,2,juguetes,13.25,2025-12-22
19083,628,3,electronica,180.92,2025-09-28
19084,42,6,mercado,75.88,2025-01-01
19085,697,3,ropa,72.2,2025-04-09
19086,169,2,mercado,92.63,2025-09-25
19087,29,2,mercado,33.24,2025-04-26
19088,665,5,ropa,125.21,2025-09-11
19089,647,3,deportes,52.78,2025-06-05
19090,29,2,juguetes,130.88,2025-04-19
19091,127,1,deportes,44.04,2025-04-16
19092,264,2,electronica,196.26,2025-11-07
19093,437,1,electronica,365.3,2025-02-16
19094,150,2,hogar,117.47,2025-02-15
19095,24,1,mercado,108.65,2025-02-10
19096,123,2,hogar,20.14,2025-10-04
19097,328,2,electronica,452.82,2025-01-04
19098,331,2,electronica,232.55,2025-05-22
19099,798,1,ropa,149.65,2025-05-25
19100,662,1,electronica,57.15,2025-02-06
19101,88,3,juguetes,26.24,2025-10-18
19102,172,1,mercado,247.07,2025-07-26
19103,354,2,libros,57.69,2025-04-22
19104,629,3,deportes,118.59,2025-12-11
19105,439,1,libros,19.42,2025-02-17
19106,139,1,electronica,255.8,2025-07-25
19107,433,4,libros,65.43,2025-10-24
19108,103,1,libros,17.61,2025-10-03
19109,544,2,electronica,119.67,2025-09-20
19110,258,2,mercado,53.9,2025-06-18
19111,426,1,juguetes,174.18,2025-09-01
19112,691,5,juguetes,38.43,2025-03-15
19113,172,5,mercado,21.34,2025-01-25
19114,16,1,ropa,51.84,2025-03-25
19115,526,3,mercado,7.74,2025-06-27
19116,261,2,mercado,115.08,2025-04-06
19117,381,1,mercado,23.92,2025-10-07
19118,32,5,ropa,103.66,2025-11-13
19119,153,2,ropa,78.6,2025-08-07
19120,621,2,electronica,812.42,2025-01-25
19121,246,3,libros,97.33,2025-06-05
19122,792,1,ropa,43.69,2025-06-28
19123,584,2,electronica,88.88,2025-04-02
19124,585,2,electronica,14.26,2025-08-16
19125,61,5,ropa,60.85,2025-03-14
19126,507,1,hogar,55.34,2025-05-06
19127,439,2,ropa,179.17,2025-05-14
19128,588,1,deportes,10.47,2025-03-22
19129,180,3,electronica,245.79,2025-06-07
19130,527,2,ropa,63.69,2025-02-17
19131,757,3,mercado,65.05,2025-02-03
19132,177,4,electronica,213.21,2025-09-28
19133,196,1,deportes,103.44,2025-06-10
19134,151,1,hogar,291.87,2025-03-20
19135,519,4,electronica,278.11,2025-12-11
19136,628,4,ropa,100.77,2025-09-09
19137,622,2,electronica,62.96,2025-12-23
19138,26,2,hogar,349.52,2025-10-07
19139,611,2,ropa,9.54,2025-05-24
19140,294,4,ropa,199.99,2025-04-01
19141,607,2,electronica,106.11,2025-12-06
19142,766,2,electronica,162.97,2025-10-25
19143,767,2,hogar,42.28,2025-04-05
19144,76,7,ropa,105.79,2025-08-22
19145,541,6,hogar,166.95,2025-01-21
19146,226,4,ropa,106.99,2025-05-20
19147,236,2,electronica,13.28,2025-07-27
19148,653,6,mercado,96.81,2025-09-22
19149,282,2,hogar,172.6,2025-07-07
19150,158,1,electronica,412.91,2025-01-15
19151,492,2,ropa,20.23,2025-12-06
19152,707,1,hogar,282.94,2025-07-07
19153,612,2,electronica,729.48,2025-11-23
19154,390,2,hogar,10.89,2025-06-04
19155,333,2,deportes,55.5,2025-01-01
19156,81,1,hogar,123.7,2025-01-13
19157,691,3,electronica,93.59,2025-03-02
19158,160,2,hogar,64.52,2025-05-20
19159,487,2,mercado,121.59,2025-10-09
19160,794,7,ropa,122.7,2025-05-02
19161,322,1,juguetes,36.86,2025-02-19
19162,652,3,electronica,279.23,2025-05-10
19163,128,2,electronica,384.22,2025-11-27
19164,288,6,ropa,278.41,2025-09-04
19165,330,7,deportes,379.91,2025-09-21
19166,157,2,ropa,119.75,2025-05-26
19167,645,1,juguetes,36.36,2025-10-26
19168,100,2,mercado,92.62,2025-02-03
19169,425,3,deportes,227.46,2025-03-20
19170,247,2,ropa,40.15,2025-06-19
19171,317,3,electronica,115.66,2025-09-01
19172,689,2,electronica,445.71,2025-08-23
19173,175,3,electronica,364.75,2025-11-10
19174,501,2,ropa,151.92,2025-05-23
19175,541,6,ropa,18.92,2025-01-02
19176,710,4,electronica,391.44,2025-06-02
19177,359,4,mercado,45.64,2025-02-12
19178,659,1,electronica,179.41,2025-08-07
19179,592,2,electronica,224.65,2025-09-25
19180,618,1,electronica,231.52,2025-05-09
19181,76,1,deportes,49.09,2025-04-10
19182,485,1,ropa,34.12,2025-11-03
19183,534,2,libros,84.7,2025-04-19
19184,97,3,electronica,505.73,2025-09-22
19185,674,1,hogar,22.66,2025-06-24
19186,793,1,ropa,7.46,2025-05-12
19187,607,3,ropa,110.5,2025-07-13
19188,162,1,electronica,15.06,2025-12-03
19189,335,1,libros,34.77,2025-06-23
19190,485,1,electronica,836.47,2025-01-08
19191,685,7,mercado,41.27,2025-07-23
19192,454,1,mercado,81.8,2025-09-06
19193,27,3,hogar,54.78,2025-03-06
19194,707,3,electronica,994.77,2025-05-27
19195,304,5,electronica,75.34,2025-05-12
19196,160,2,deportes,53.01,2025-02-15
19197,729,1,mercado,51.39,2025-01-28
19198,236,4,ropa,103.78,2025-01-09
19199,733,6,electronica,270.37,2025-07-22
19200,504,1,ropa,25.31,2025-08-04
19201,96,2,deportes,69.89,2025-11-08
19202,458,1,ropa,19.44,2025-01-26
19203,207,3,mercado,16.02,2025-08-09
19204,323,2,ropa,37.94,2025-03-27
19205,216,2,electronica,955.76,2025-03-13
19206,460,1,libros,120.11,2025-04-08
19207,372,2,electronica,152.01,2025-07-20
19208,263,6,electronica,199.78,2025-01-20
19209,359,1,electronica,192.1,2025-08-01
19210,47,2,mercado,11.55,2025-09-08
19211,99,4,ropa,8.42,2025-10-13
19212,263,3,ropa,36.9,2025-09-10
19213,253,1,electronica,131.28,2025-09-22
19214,535,2,electronica,18.6,2025-08-06
19215,551,1,hogar,71.54,2025-07-25
19216,6,1,electronica,445.19,2025-08-03
19217,655,4,electronica,276.7,2025-06-12
19218,374,1,electronica,88.67,2025-09-25
19219,276,3,mercado,17.22,2025-03-05
19220,643,2,ropa,33.87,2025-01-11
19221,377,3,ropa,25.76,2025-07-03
19222,403,2,ropa,21.03,2025-11-28
19223,532,1,libros,5.31,2025-01-28
19224,69,4,hogar,218.03,2025-05-17
19225,608,2,hogar,399.93,2025-09-01
19226,563,2,mercado,181.15,2025-08-22
19227,688,4,mercado,8.07,2025-05-22
19228,611,2,juguetes,91.64,2025-09-21
19229,474,2,mercado,61.65,2025-02-05
19230,517,1,mercado,24.34,2025-02-12
19231,287,2,mercado,9.58,2025-03-21
19232,320,4,mercado,7.01,2025-12-12
19233,521,2,electronica,114.95,2025-06-26
19234,618,1,electronica,192.24,2025-10-22
19235,690,2,ropa,273.55,2025-04-28
19236,187,1,ropa,176.92,2025-01-13
19237,357,1,hogar,199.48,2025-02-14
19238,392,3,juguetes,27.47,2025-05-01
19239,546,2,electronica,96.82,2025-11-26
19240,657,6,ropa,7.69,2025-08-08
19241,754,2,ropa,172.14,2025-09-21
19242,492,2,deportes,69.92,2025-09-20
19243,749,3,libros,260.17,2025-07-21
19244,459,4,ropa,50.25,2025-03-19
19245,55,4,mercado,8.62,2025-04-06
19246,211,1,mercado,41.68,2025-10-27
19247,452,2,ropa,151.39,2025-07-28
19248,522,1,deportes,24.53,2025-12-22
19249,460,1,ropa,75.89,2025-04-26
19250,334,2,mercado,71.66,2025-06-01
19251,472,7,deportes,51.04,2025-04-22
19252,138,1,ropa,42.53,2025-11-06
19253,695,2,juguetes,78.91,2025-02-24
19254,655,1,electronica,187.4,2025-07-14
19255,77,1,electronica,71.65,2025-11-12
19256,428,3,ropa,16.03,2025-03-13
19257,146,3,ropa,7.17,2025-10-10
19258,797,1,electronica,6.45,2025-05-16
19259,368,3,ropa,199.97,2025-02-07
19260,49,3,ropa,247.97,2025-08-14
19261,793,5,hogar,84.99,2025-07-03
19262,229,2,electronica,147.48,2025-10-19
19263,462,1,ropa,7.58,2025-02-07
19264,415,3,mercado,130.75,2025-04-25
19265,616,1,ropa,240.82,2025-07-08
19266,634,3,electronica,89.26,2025-07-01
19267,217,3,mercado,116.96,2025-11-10
19268,501,2,ropa,126.68,2025-07-15
19269,70,2,juguetes,26.09,2025-09-05
19270,788,2,mercado,8.81,2025-09-10
19271,182,1,libros,74.42,2025-11-16
19272,310,5,hogar,162.84,2025-01-02
19273,177,2,mercado,118.49,2025-03-04
19274,711,4,deportes,9.13,2025-09-27
19275,35,1,hogar,27.9,2025-04-01
19276,770,2,ropa,121.68,2025-01-07
19277,10,2,mercado,15.05,2025-02-11
19278,378,2,hogar,81.73,2025-10-09
19279,411,2,ropa,236.5,2025-01-10
19280,597,1,ropa,48.5,2025-05-17
19281,75,1,mercado,23.65,2025-06-23
19282,170,1,hogar,31.15,2025-06-02
19283,698,3,mercado,67.98,2025-01-07
19284,205,1,mercado,9.93,2025-09-14
19285,252,4,electronica,27.08,2025-04-08
19286,184,2,deportes,10.81,2025-01-27
19287,695,1,mercado,7.6,2025-11-17
19288,472,4,ropa,23.86,2025-09-09
19289,356,2,juguetes,79.84,2025-07-07
19290,149,2,mercado,15.92,2025-09-09
19291,535,1,mercado,53.25,2025-12-06
19292,433,2,electronica,211.52,2025-11-28
19293,86,2,deportes,277.96,2025-09-19
19294,787,3,deportes,176.5,2025-01-04
19295,551,2,ropa,23.56,2025-09-19
19296,796,3,hogar,66.45,2025-01-04
19297,218,1,mercado,14.52,2025-04-21
19298,299,1,ropa,7.2,2025-03-08
19299,146,4,ropa,44.13,2025-01-25
19300,552,2,hogar,43.76,2025-02-05
19301,254,3,ropa,33.33,2025-09-22
19302,780,2,juguetes,45.34,2025-03-04
19303,64,3,mercado,132.37,2025-02-02
19304,142,1,hogar,134.51,2025-05-17
19305,77,3,electronica,370.87,2025-04-16
19306,461,1,electronica,151.91,2025-10-27
19307,759,1,deportes,103.21,2025-08-13
19308,627,6,mercado,10.77,2025-12-28
19309,402,2,deportes,14.37,2025-05-05
19310,301,3,electronica,211.0,2025-07-15
19311,79,1,ropa,98.4,2025-02-18
19312,382,2,ropa,62.55,2025-04-13
19313,632,1,hogar,42.22,2025-05-09
19314,732,1,hogar,24.66,2025-12-14
19315,552,4,electronica,19.47,2025-04-22
19316,363,1,hogar,12.74,2025-10-13
19317,713,1,hogar,10.71,2025-07-22
19318,544,2,electronica,237.39,2025-09-04
19319,301,1,deportes,35.23,2025-02-08
19320,201,3,hogar,107.69,2025-12-25
19321,143,3,ropa,67.73,2025-10-21
19322,313,4,electronica,407.42,2025-10-22
19323,509,1,electronica,368.81,2025-09-12
19324,676,7,hogar,109.78,2025-08-22
19325,210,6,ropa,93.08,2025-05-28
19326,217,1,ropa,62.81,2025-07-03
19327,235,5,electronica,192.11,2025-02-27
19328,684,3,mercado,108.52,2025-07-01
19329,123,5,mercado,32.16,2025-02-26
19330,34,2,libros,6.62,2025-01-12
19331,532,6,electronica,125.39,2025-06-10
19332,189,1,hogar,17.91,2025-12-28
19333,352,1,deportes,24.77,2025-03-20
19334,286,1,mercado,43.79,2025-12-04
19335,401,1,mercado,59.88,2025-02-14
19336,278,2,juguetes,48.25,2025-09-10
19337,736,4,electronica,230.57,2025-09-02
19338,152,2,ropa,196.76,2025-08-17
19339,512,1,electronica,383.02,2025-05-08
19340,189,3,mercado,8.83,2025-09-24
19341,485,1,electronica,359.78,2025-12-26
19342,452,5,deportes,25.36,2025-03-10
19343,146,3,mercado,11.79,2025-02-23
19344,5,1,libros,28.83,2025-12-13
19345,752,2,mercado,147.49,2025-02-22
19346,490,1,electronica,7.56,2025-09-07
19347,678,2,ropa,118.05,2025-08-26
19348,577,1,hogar,152.58,2025-04-07
19349,478,1,mercado,6.18,2025-04-08
19350,103,3,electronica,1437.86,2025-10-20
19351,113,2,mercado,62.47,2025-06-21
19352,584,1,hogar,62.54,2025-09-08
19353,353,4,mercado,105.88,2025-06-25
19354,274,2,juguetes,71.17,2025-04-20
19355,353,1,electronica,1364.47,2025-08-09
19356,711,3,mercado,90.25,2025-02-27
19357,570,2,juguetes,27.12,2025-01-04
19358,450,6,electronica,1547.46,2025-03-12
19359,753,3,mercado,112.17,2025-02-17
19360,193,2,electronica,1062.64,2025-03-23
19361,341,2,mercado,101.74,2025-05-10
19362,84,1,deportes,39.42,2025-04-10
19363,705,2,electronica,100.31,2025-12-17
19364,340,1,deportes,275.72,2025-09-16
19365,745,3,electronica,704.46,2025-01-16
19366,778,4,hogar,172.27,2025-07-12
19367,37,2,juguetes,43.65,2025-12-19
19368,88,1,deportes,96.45,2025-08-04
19369,537,4,ropa,11.49,2025-02-11
19370,504,7,libros,36.75,2025-12-24
19371,358,3,hogar,79.91,2025-07-17
19372,72,2,mercado,6.59,2025-02-19
19373,181,2,electronica,157.12,2025-07-28
19374,500,3,hogar,241.57,2025-04-18
19375,525,1,deportes,114.23,2025-07-15
19376,402,1,electronica,178.46,2025-07-08
19377,163,1,electronica,206.07,2025-07-12
19378,253,2,libros,39.4,2025-04-22
19379,224,1,ropa,288.89,2025-04-09
19380,303,2,electronica,85.99,2025-03-10
19381,551,3,ropa,50.05,2025-10-04
19382,31,3,hogar,254.34,2025-11-17
19383,290,1,mercado,48.74,2025-09-21
19384,587,3,mercado,9.66,2025-08-05
19385,776,2,ropa,14.31,2025-01-27
19386,513,3,ropa,19.54,2025-08-14
19387,511,2,electronica,220.86,2025-12-13
19388,540,2,juguetes,53.86,2025-03-11
19389,486,5,electronica,91.9,2025-05-04
19390,137,3,electronica,97.29,2025-07-12
19391,293,2,electronica,446.07,2025-08-15
19392,516,2,electronica,178.52,2025-09-02
19393,634,4,ropa,22.27,2025-09-10
19394,601,2,electronica,151.14,2025-05-01
19395,43,1,hogar,139.83,2025-10-02
19396,310,2,libros,14.0,2025-07-12
19397,40,1,ropa,70.49,2025-11-19
19398,256,3,ropa,86.84,2025-11-08
19399,259,2,mercado,60.8,2025-07-28
19400,319,2,electronica,205.31,2025-10-28
19401,33,2,electronica,425.25,2025-05-01
19402,257,2,mercado,61.61,2025-01-25
19403,75,4,electronica,831.91,2025-09-20
19404,240,2,ropa,14.39,2025-12-21
19405,516,2,ropa,28.13,2025-02-07
19406,487,3,mercado,19.28,2025-06-15
19407,781,3,mercado,28.1,2025-12-06
19408,362,2,mercado,30.63,2025-11-08
19409,780,5,hogar,132.66,2025-10-08
19410,605,1,electronica,191.28,2025-10-27
19411,605,3,ropa,68.63,2025-06-22
19412,339,1,mercado,40.69,2025-09-03
19413,728,1,hogar,266.48,2025-07-28
19414,63,3,hogar,252.59,2025-06-18
19415,290,1,mercado,89.15,2025-12-11
19416,209,1,electronica,45.7,2025-10-11
19417,669,7,ropa,44.41,2025-08-22
19418,347,1,electronica,426.73,2025-06-19
19419,158,3,electronica,41.79,2025-04-01
19420,543,3,ropa,53.69,2025-02-15
19421,391,1,electronica,465.83,2025-10-11
19422,694,2,ropa,105.03,2025-02-12
19423,380,2,mercado,58.76,2025-11-23
19424,326,1,electronica,240.1,2025-11-22
19425,640,1,ropa,42.94,2025-10-23
19426,307,1,electronica,547.47,2025-03-04
19427,548,4,electronica,169.94,2025-01-11
19428,51,3,deportes,93.23,2025-04-17
19429,92,7,deportes,288.81,2025-07-14
19430,110,1,electronica,106.46,2025-03-05
19431,245,3,hogar,178.06,2025-04-04
19432,222,6,hogar,39.45,2025-11-13
19433,208,1,electronica,75.33,2025-11-01
19434,14,2,juguetes,43.57,2025-03-04
19435,788,2,hogar,195.94,2025-02-09
19436,646,2,hogar,44.47,2025-01-03
19437,221,1,hogar,190.0,2025-07-17
19438,401,3,ropa,65.12,2025-01-03
19439,171,1,hogar,99.74,2025-07-08
19440,415,1,hogar,92.0,2025-02-09
19441,554,4,libros,27.85,2025-09-17
19442,535,1,hogar,140.16,2025-07-16
19443,468,2,hogar,1263.69,2025-03-09
19444,249,6,hogar,94.9,2025-06-28
19445,726,1,hogar,196.91,2025-05-13
19446,775,4,electronica,40.29,2025-10-11
19447,393,2,ropa,12.06,2025-08-07
19448,404,2,electronica,117.7,2025-11-21
19449,346,2,electronica,580.72,2025-02-02
19450,757,2,mercado,71.28,2025-08-11
19451,365,4,electronica,276.97,2025-03-28
19452,379,2,electronica,388.59,2025-01-08
19453,719,2,mercado,51.2,2025-07-22
19454,596,1,electronica,264.85,2025-11-18
19455,261,3,electronica,278.3,2025-02-22
19456,439,1,hogar,262.65,2025-03-14
19457,405,1,ropa,30.71,2025-02-09
19458,367,4,ropa,58.82,2025-11-26
19459,173,7,electronica,81.34,2025-03-20
19460,99,6,hogar,98.3,2025-02-08
19461,195,2,electronica,78.01,2025-07-26
19462,628,3,mercado,16.09,2025-02-14
19463,638,2,ropa,7.65,2025-12-02
19464,701,1,deportes,37.77,2025-03-04
19465,367,2,juguetes,97.79,2025-03-25
19466,722,2,electronica,772.59,2025-06-02
19467,386,2,ropa,185.38,2025-10-04
19468,28,4,electronica,139.13,2025-12-05
19469,787,4,ropa,55.91,2025-02-02
19470,334,1,ropa,23.96,2025-08-15
19471,235,2,electronica,35.47,2025-07-17
19472,420,2,electronica,612.83,2025-06-15
19473,790,1,ropa,11.39,2025-10-21
19474,678,1,ropa,34.82,2025-06-05
19475,799,1,ropa,42.47,2025-02-19
19476,104,6,hogar,224.3,2025-10-28
19477,422,2,electronica,553.59,2025-02-17
19478,296,2,electronica,211.34,2025-12-21
19479,533,5,mercado,14.17,2025-12-13
19480,677,1,hogar,15.9,2025-12-06
19481,131,2,electronica,152.89,2025-12-24
19482,177,3,mercado,55.61,2025-05-28
19483,419,2,hogar,165.83,2025-04-11
19484,71,2,mercado,32.53,2025-02-15
19485,678,1,electronica,1386.77,2025-02-23
19486,176,2,hogar,20.72,2025-08-23
19487,492,1,ropa,11.67,2025-06-12
19488,637,1,hogar,66.2,2025-06-24
19489,348,1,hogar,64.89,2025-08-07
19490,460,1,electronica,102.76,2025-05-28
19491,66,2,mercado,14.06,2025-04-16
19492,343,3,electronica,77.48,2025-12-26
19493,354,2,electronica,236.35,2025-04-06
19494,286,1,mercado,96.67,2025-06-24
19495,127,2,deportes,248.08,2025-06-24
19496,143,1,electronica,525.09,2025-12-11
19497,552,6,hogar,156.72,2025-04-09
19498,102,2,juguetes,27.58,2025-11-24
19499,627,2,mercado,64.18,2025-03-15
19500,297,1,mercado,61.32,2025-10-15
19501,17,5,ropa,383.67,2025-11-13
19502,718,3,libros,49.12,2025-07-28
19503,668,2,libros,35.4,2025-10-11
19504,781,2,hogar,134.52,2025-10-17
19505,206,2,electronica,205.49,2025-07-15
19506,125,2,electronica,149.3,2025-03-24
19507,261,2,mercado,80.46,2025-11-08
19508,483,1,electronica,331.14,2025-09-21
19509,326,3,electronica,508.98,2025-03-03
19510,4,2,ropa,47.84,2025-05-21
19511,442,5,hogar,123.98,2025-09-17
19512,159,1,hogar,11.75,2025-01-08
19513,120,1,ropa,191.39,2025-02-11
19514,800,2,deportes,52.02,2025-07-25
19515,594,1,deportes,29.06,2025-12-14
19516,456,2,electronica,30.74,2025-06-05
19517,714,2,hogar,82.45,2025-12-03
19518,406,1,mercado,57.48,2025-04-20
19519,657,1,electronica,12.8,2025-12-27
19520,43,3,ropa,10.17,2025-01-17
19521,322,4,deportes,91.65,2025-12-24
19522,2,4,ropa,5.1,2025-08-26
19523,51,2,electronica,68.12,2025-07-16
19524,735,4,ropa,225.69,2025-06-17
19525,625,7,electronica,84.22,2025-11-21
19526,740,1,ropa,240.71,2025-03-28
19527,66,3,ropa,102.06,2025-12-06
19528,483,4,mercado,42.9,2025-12-27
19529,200,4,electronica,393.17,2025-11-27
19530,252,1,electronica,80.23,2025-07-28
19531,554,2,mercado,357.24,2025-02-20
19532,531,1,electronica,623.27,2025-12-07
19533,542,3,electronica,1071.61,2025-08-10
19534,619,3,mercado,108.02,2025-10-18
19535,209,2,mercado,41.28,2025-01-12
19536,775,4,ropa,59.29,2025-10-19
19537,265,4,electronica,309.51,2025-05-08
19538,774,2,hogar,55.22,2025-03-11
19539,124,3,mercado,70.86,2025-08-19
19540,554,2,ropa,43.75,2025-12-24
19541,666,1,electronica,50.92,2025-11-05
19542,83,2,ropa,18.2,2025-03-02
19543,659,4,juguetes,27.24,2025-04-09
19544,82,1,hogar,81.74,2025-03-27
19545,626,1,mercado,49.07,2025-01-07
19546,422,2,hogar,129.89,2025-10-09
19547,716,5,ropa,28.55,2025-06-18
19548,443,2,hogar,244.15,2025-04-04
19549,770,2,hogar,55.97,2025-08-13
19550,567,3,electronica,132.24,2025-11-05
19551,800,7,electronica,224.3,2025-06-22
19552,81,2,mercado,52.53,2025-04-02
19553,790,1,mercado,9.92,2025-12-04
19554,371,3,electronica,72.98,2025-08-21
19555,722,1,electronica,144.02,2025-02-28
19556,104,3,mercado,87.36,2025-05-28
19557,744,5,mercado,24.69,2025-12-04
19558,4,1,electronica,324.99,2025-12-05
19559,570,2,electronica,1484.11,2025-03-12
19560,762,6,ropa,5.87,2025-05-07
19561,729,6,ropa,77.46,2025-07-16
19562,341,2,ropa,9.05,2025-12-28
19563,181,2,libros,63.72,2025-12-20
19564,563,2,hogar,123.14,2025-12-08
19565,367,1,ropa,12.33,2025-06-23
19566,518,3,libros,40.06,2025-08-10
19567,512,1,hogar,78.34,2025-01-02
19568,481,2,electronica,51.63,2025-07-22
19569,28,1,mercado,7.34,2025-02-11
19570,146,1,mercado,10.64,2025-09-27
19571,627,2,electronica,343.85,2025-11-23
19572,401,7,hogar,33.02,2025-06-09
19573,299,1,deportes,17.43,2025-03-21
19574,317,5,juguetes,118.77,2025-10-27
19575,234,1,ropa,38.91,2025-05-25
19576,531,2,electronica,82.8,2025-05-25
19577,425,2,hogar,75.93,2025-12-21
19578,486,1,electronica,451.19,2025-05-20
19579,419,5,ropa,30.88,2025-07-25
19580,794,1,electronica,499.24,2025-08-13
19581,377,7,electronica,21.28,2025-08-10
19582,164,2,libros,41.11,2025-11-14
19583,124,1,mercado,13.86,2025-05-07
19584,197,1,libros,68.21,2025-02-28
19585,102,2,ropa,94.46,2025-02-16
19586,616,4,ropa,147.4,2025-03-24
19587,392,2,ropa,29.8,2025-10-22
19588,679,2,electronica,103.51,2025-09-17
19589,366,1,electronica,125.51,2025-08-22
19590,229,2,deportes,52.42,2025-06-02
19591,689,4,ropa,162.25,2025-06-27
19592,410,2,hogar,199.45,2025-02-02
19593,749,1,electronica,125.06,2025-07-15
19594,136,1,mercado,33.86,2025-05-28
19595,212,1,mercado,8.39,2025-12-08
19596,378,3,ropa,45.35,2025-04-19
19597,742,5,electronica,313.69,2025-02-13
19598,3,3,mercado,5.58,2025-12-14
19599,609,2,juguetes,11.97,2025-08-05
19600,462,1,ropa,45.49,2025-10-03
19601,641,2,electronica,17.87,2025-03-05
19602,752,2,electronica,70.69,2025-05-09
19603,331,5,ropa,118.07,2025-05-14
19604,192,2,libros,181.11,2025-03-17
19605,260,7,electronica,1057.65,2025-04-22
19606,3,3,mercado,39.33,2025-06-23
19607,373,4,electronica,321.08,2025-07-23
19608,476,2,electronica,40.51,2025-08-19
19609,278,3,electronica,76.73,2025-08-10
19610,434,2,deportes,143.68,2025-11-20
19611,741,2,electronica,40.13,2025-07-21
19612,55,3,ropa,79.96,2025-04-02
19613,153,4,electronica,77.44,2025-08-06
19614,485,1,hogar,55.07,2025-02-28
19615,361,3,ropa,29.62,2025-11-19
19616,474,1,hogar,126.53,2025-06-23
19617,501,4,electronica,353.69,2025-05-17
19618,299,1,libros,20.41,2025-08-20
19619,116,1,mercado,176.49,2025-03-23
19620,117,2,mercado,91.35,2025-03-24
19621,136,1,hogar,70.15,2025-07-05
19622,53,2,mercado,6.05,2025-03-20
19623,795,6,electronica,79.92,2025-12-27
19624,141,3,ropa,9.32,2025-01-19
19625,585,1,libros,12.14,2025-01-13
19626,676,1,mercado,186.13,2025-07-25
19627,670,3,electronica,62.44,2025-06-05
19628,87,1,hogar,23.11,2025-09-01
19629,652,2,mercado,70.2,2025-10-20
19630,643,5,electronica,99.12,2025-03-28
19631,288,2,juguetes,53.99,2025-08-01
19632,585,3,libros,66.43,2025-03-09
19633,150,2,mercado,41.51,2025-10-20
19634,695,2,ropa,29.27,2025-11-15
19635,40,2,juguetes,39.47,2025-03-20
19636,75,2,electronica,1095.99,2025-09-10
19637,260,4,hogar,95.69,2025-07-05
19638,576,1,hogar,50.51,2025-11-26
19639,620,1,electronica,311.03,2025-02-19
19640,328,3,mercado,29.43,2025-03-10
19641,515,3,hogar,189.58,2025-12-09
19642,55,2,ropa,23.2,2025-05-23
19643,144,1,hogar,238.55,2025-03-24
19644,575,2,electronica,141.88,2025-02-25
19645,684,5,electronica,22.62,2025-03-27
19646,30,2,hogar,89.71,2025-12-08
19647,596,2,electronica,213.65,2025-02-02
19648,368,3,electronica,157.38,2025-02-01
19649,125,2,hogar,21.87,2025-02-09
19650,204,5,ropa,11.66,2025-06-04
19651,138,2,juguetes,80.57,2025-02-04
19652,366,1,ropa,23.78,2025-10-11
19653,733,1,libros,34.43,2025-02-20
19654,52,2,electronica,164.24,2025-07-16
19655,100,2,electronica,73.84,2025-10-02
19656,617,1,mercado,57.98,2025-07-08
19657,144,2,mercado,5.97,2025-04-14
19658,68,6,mercado,140.91,2025-08-24
19659,591,1,electronica,52.67,2025-03-28
19660,765,1,ropa,32.72,2025-06-04
19661,631,2,mercado,50.55,2025-04-21
19662,154,3,libros,55.33,2025-02-26
19663,9,2,hogar,298.71,2025-02-25
19664,480,2,ropa,83.84,2025-12-10
19665,188,2,libros,86.72,2025-04-08
19666,644,1,electronica,133.16,2025-09-10
19667,435,1,libros,30.17,2025-06-28
19668,322,6,libros,105.77,2025-12-06
19669,774,3,hogar,143.99,2025-09-26
19670,772,3,mercado,30.95,2025-02-18
19671,280,4,electronica,647.82,2025-08-23
19672,672,3,electronica,201.27,2025-06-08
19673,45,1,ropa,159.17,2025-01-20
19674,220,2,juguetes,111.77,2025-07-13
19675,26,4,ropa,161.36,2025-04-28
19676,728,1,electronica,372.81,2025-04-04
19677,475,7,electronica,399.79,2025-01-08
19678,782,2,mercado,51.76,2025-05-24
19679,744,2,hogar,16.47,2025-09-22
19680,794,3,electronica,91.09,2025-02-22
19681,552,6,ropa,228.72,2025-05-18
19682,197,1,mercado,101.36,2025-06-20
19683,642,6,ropa,69.71,2025-12-13
19684,299,1,mercado,59.28,2025-04-11
19685,569,3,hogar,255.01,2025-07-25
19686,637,3,ropa,146.32,2025-03-22
19687,179,1,ropa,51.83,2025-09-16
19688,782,3,deportes,26.31,2025-01-16
19689,122,3,hogar,387.01,2025-07-17
19690,75,3,ropa,285.63,2025-12-25
19691,68,2,mercado,131.02,2025-07-14
19692,646,3,ropa,14.64,2025-01-20
19693,357,7,libros,11.71,2025-07-05
19694,223,1,electronica,317.37,2025-04-17
19695,487,1,ropa,133.57,2025-10-26
19696,100,1,ropa,26.48,2025-10-11
19697,28,1,hogar,19.29,2025-03-01
19698,604,1,ropa,79.79,2025-06-24
19699,296,3,deportes,9.85,2025-03-27
19700,666,2,mercado,110.05,2025-03-11
19701,612,2,hogar,18.38,2025-03-10
19702,325,1,electronica,325.85,2025-09-09
19703,102,3,ropa,25.0,2025-06-14
19704,626,4,hogar,148.8,2025-11-11
19705,704,1,ropa,30.81,2025-01-07
19706,227,2,electronica,1025.27,2025-06-27
19707,531,4,mercado,157.27,2025-08-28
19708,594,2,deportes,7.86,2025-12-05
19709,132,1,mercado,20.48,2025-08-05
19710,44,1,hogar,164.03,2025-07-03
19711,538,2,mercado,44.39,2025-06-17
19712,373,1,ropa,50.72,2025-02-20
19713,362,4,mercado,52.86,2025-12-15
19714,605,2,mercado,122.68,2025-02-23
19715,458,4,hogar,140.9,2025-08-14
19716,203,2,mercado,11.1,2025-03-19
19717,38,2,libros,10.39,2025-09-25
19718,423,7,electronica,5.35,2025-06-26
19719,638,1,ropa,53.95,2025-08-11
19720,715,1,electronica,484.23,2025-11-14
19721,8,3,hogar,265.23,2025-11-04
19722,554,1,deportes,12.08,2025-01-16
19723,35,3,libros,55.27,2025-12-07
19724,483,1,electronica,12.66,2025-03-27
19725,732,1,mercado,111.43,2025-02-03
19726,571,4,hogar,112.49,2025-01-13
19727,177,1,mercado,104.96,2025-12-18
19728,335,2,deportes,53.61,2025-10-19
19729,426,4,hogar,53.19,2025-08-19
19730,100,2,electronica,745.52,2025-02-06
19731,486,1,hogar,27.59,2025-01-25
19732,388,1,mercado,19.64,2025-10-27
19733,413,2,mercado,28.14,2025-03-11
19734,20,1,electronica,534.18,2025-07-03
19735,252,2,hogar,190.13,2025-10-20
19736,644,1,libros,26.76,2025-09-22
19737,220,1,electronica,366.84,2025-11-17
19738,71,5,ropa,83.78,2025-11-27
19739,752,2,libros,147.43,2025-03-15
19740,268,5,libros,40.61,2025-06-28
19741,142,4,electronica,370.86,2025-10-18
19742,521,2,deportes,13.63,2025-04-08
19743,280,2,ropa,250.07,2025-03-13
19744,224,2,electronica,412.68,2025-11-26
19745,531,2,electronica,389.36,2025-03-20
19746,288,5,ropa,11.69,2025-11-16
19747,478,2,electronica,807.58,2025-10-24
19748,495,1,mercado,97.54,2025-05-21
19749,650,1,hogar,166.83,2025-03-27
19750,229,6,ropa,8.35,2025-09-06
19751,775,2,mercado,140.04,2025-06-12
19752,245,2,ropa,8.04,2025-11-28
19753,415,2,mercado,41.27,2025-07-01
19754,434,7,mercado,100.16,2025-07-02
19755,798,7,juguetes,20.27,2025-03-16
19756,114,1,ropa,20.84,2025-05-05
19757,224,1,electronica,242.31,2025-08-12
19758,471,7,deportes,24.89,2025-02-07
19759,553,1,deportes,29.89,2025-09-22
19760,536,4,hogar,18.66,2025-04-16
19761,97,4,hogar,10.48,2025-11-24
19762,737,1,mercado,60.03,2025-06-24
19763,586,2,ropa,163.06,2025-05-28
19764,551,2,hogar,228.58,2025-07-15
19765,574,3,mercado,5.74,2025-02-03
19766,40,2,electronica,903.56,2025-06-25
19767,242,2,electronica,92.4,2025-01-02
19768,104,3,electronica,18.99,2025-08-02
19769,688,2,electronica,166.51,2025-03-22
19770,504,1,mercado,30.39,2025-12-08
19771,706,7,ropa,206.11,2025-12-09
19772,166,1,mercado,33.41,2025-03-18
19773,15,1,ropa,11.45,2025-06-12
19774,622,1,hogar,263.85,2025-06-24
19775,83,1,electronica,982.78,2025-07-03
19776,154,2,mercado,75.53,2025-09-26
19777,504,4,mercado,29.42,2025-05-03
19778,230,3,ropa,10.08,2025-01-06
19779,461,2,ropa,67.21,2025-05-17
19780,226,2,hogar,139.46,2025-05-07
19781,447,2,ropa,183.4,2025-08-14
19782,496,1,deportes,251.47,2025-05-06
19783,230,2,hogar,150.29,2025-02-02
19784,72,2,ropa,45.83,2025-03-13
19785,313,2,mercado,49.26,2025-07-12
19786,676,5,hogar,60.73,2025-03-26
19787,347,1,ropa,24.34,2025-09-15
19788,585,3,hogar,131.51,2025-01-27
19789,391,2,ropa,139.03,2025-06-17
19790,690,4,libros,10.43,2025-09-02
19791,330,6,deportes,103.02,2025-06-19
19792,71,1,electronica,275.54,2025-02-05
19793,723,4,ropa,8.07,2025-04-10
19794,291,1,ropa,27.84,2025-10-10
19795,64,2,ropa,74.93,2025-07-11
19796,204,6,hogar,190.08,2025-02-21
19797,399,2,deportes,52.46,2025-09-04
19798,63,1,mercado,25.27,2025-11-19
19799,111,2,mercado,36.84,2025-04-03
19800,254,3,ropa,30.73,2025-01-21
19801,746,2,ropa,149.13,2025-10-04
19802,413,5,deportes,146.57,2025-12-24
19803,525,2,electronica,118.62,2025-02-11
19804,43,1,ropa,35.95,2025-03-05
19805,376,1,ropa,21.66,2025-03-19
19806,210,6,mercado,233.42,2025-11-24
19807,214,7,hogar,97.63,2025-11-12
19808,80,5,deportes,124.95,2025-03-28
19809,83,1,libros,42.09,2025-03-16
19810,250,3,ropa,87.7,2025-05-22
19811,191,2,mercado,33.5,2025-01-09
19812,325,3,libros,57.64,2025-09-15
19813,366,1,hogar,125.22,2025-05-07
19814,301,2,hogar,50.64,2025-05-08
19815,728,3,ropa,60.06,2025-12-17
19816,592,3,mercado,8.29,2025-08-18
19817,352,1,electronica,213.64,2025-04-04
19818,62,1,electronica,859.74,2025-01-06
19819,679,2,libros,48.55,2025-02-24
19820,249,1,deportes,31.67,2025-10-03
19821,182,2,deportes,17.33,2025-08-24
19822,302,4,mercado,44.76,2025-11-26
19823,459,6,hogar,103.39,2025-04-05
19824,412,2,electronica,719.34,2025-10-07
19825,399,1,hogar,119.74,2025-01-05
19826,262,7,ropa,21.38,2025-03-04
19827,502,2,mercado,17.92,2025-04-17
19828,296,1,hogar,8.16,2025-06-01
19829,483,2,mercado,61.48,2025-12-05
19830,364,5,electronica,53.11,2025-03-25
19831,732,2,ropa,48.57,2025-05-21
19832,371,4,electronica,111.98,2025-01-26
19833,486,5,electronica,717.51,2025-02-20
19834,692,3,hogar,41.15,2025-08-22
19835,700,1,ropa,109.79,2025-04-21
19836,288,7,electronica,360.53,2025-03-07
19837,365,1,hogar,116.79,2025-12-21
19838,364,1,libros,15.71,2025-08-21
19839,100,2,ropa,95.61,2025-06-27
19840,19,2,ropa,211.65,2025-02-17
19841,487,5,ropa,184.74,2025-01-27
19842,253,2,ropa,62.41,2025-06-09
19843,714,1,hogar,17.14,2025-01-08
19844,165,2,juguetes,128.71,2025-02-08
19845,370,3,mercado,74.58,2025-10-11
19846,560,2,electronica,411.85,2025-09-12
19847,521,4,mercado,51.27,2025-07-06
19848,62,2,mercado,30.42,2025-05-19
19849,113,5,hogar,95.56,2025-05-18
19850,440,3,juguetes,52.55,2025-06-28
19851,687,6,ropa,20.69,2025-05-21
19852,319,1,electronica,10.98,2025-06-12
19853,394,5,electronica,12.18,2025-07-05
19854,400,1,juguetes,11.79,2025-06-18
19855,89,1,deportes,72.51,2025-02-03
19856,139,6,electronica,837.85,2025-07-11
19857,128,5,mercado,161.91,2025-09-10
19858,45,3,electronica,12.74,2025-10-13
19859,575,1,hogar,62.83,2025-12-23
19860,344,7,deportes,43.82,2025-02-23
19861,228,3,ropa,130.37,2025-04-14
19862,643,2,libros,18.54,2025-05-28
19863,772,3,deportes,15.36,2025-11-18
19864,184,1,libros,53.44,2025-11-25
19865,480,6,hogar,49.61,2025-08-07
19866,459,3,hogar,111.57,2025-10-23
19867,651,1,ropa,150.78,2025-02-12
19868,544,7,mercado,33.62,2025-02-23
19869,450,2,juguetes,49.01,2025-01-18
19870,467,2,ropa,207.43,2025-10-21
19871,469,3,mercado,31.58,2025-08-05
19872,446,2,mercado,18.06,2025-08-19
19873,305,4,mercado,223.61,2025-12-11
19874,355,6,electronica,42.12,2025-05-22
19875,70,1,electronica,95.74,2025-01-06
19876,743,2,mercado,72.25,2025-01-18
19877,419,3,hogar,27.58,2025-02-23
19878,489,2,mercado,153.63,2025-08-02
19879,352,4,libros,37.73,2025-06-14
19880,773,4,hogar,18.71,2025-11-07
19881,292,1,ropa,9.71,2025-05-26
19882,279,3,ropa,8.39,2025-08-26
19883,627,1,libros,154.06,2025-10-21
19884,65,1,ropa,72.98,2025-10-24
19885,600,1,ropa,39.73,2025-02-28
19886,310,5,mercado,49.14,2025-06-08
19887,784,3,ropa,29.31,2025-05-15
19888,680,2,ropa,35.59,2025-05-08
19889,703,3,electronica,557.88,2025-09-02
19890,556,4,hogar,163.53,2025-01-04
19891,355,5,ropa,87.54,2025-07-17
19892,132,2,libros,71.53,2025-11-13
19893,610,1,ropa,33.08,2025-03-14
19894,260,4,ropa,259.55,2025-12-01
19895,368,2,hogar,161.62,2025-04-10
19896,597,1,mercado,48.97,2025-07-18
19897,669,1,mercado,51.52,2025-05-23
19898,423,3,deportes,11.62,2025-10-02
19899,16,2,juguetes,98.48,2025-08-06
19900,610,6,hogar,172.74,2025-02-09
19901,565,1,mercado,9.81,2025-08-18
19902,787,1,electronica,85.95,2025-06-02
19903,607,6,ropa,107.18,2025-01-04
19904,676,1,deportes,65.05,2025-07-04
19905,222,2,mercado,42.92,2025-07-09
19906,94,4,electronica,184.55,2025-09-09
19907,625,1,electronica,25.27,2025-01-17
19908,711,1,electronica,202.01,2025-02-09
19909,128,3,electronica,244.12,2025-01-24
19910,166,1,libros,23.28,2025-07-03
19911,769,2,hogar,136.45,2025-02-17
19912,653,1,deportes,110.26,2025-08-23
19913,7,4,mercado,14.83,2025-01-22
19914,787,2,mercado,23.63,2025-12-27
19915,491,2,ropa,37.63,2025-12-25
19916,482,2,mercado,41.16,2025-05-17
19917,253,6,libros,10.25,2025-04-09
19918,477,2,ropa,47.61,2025-07-19
19919,254,1,ropa,96.68,2025-10-15
19920,91,2,mercado,111.06,2025-06-17
19921,70,2,electronica,386.46,2025-08-07
19922,354,1,deportes,73.42,2025-05-08
19923,727,3,mercado,48.04,2025-09-01
19924,402,1,ropa,41.17,2025-09-10
19925,749,1,ropa,38.27,2025-04-03
19926,729,2,mercado,35.1,2025-03-21
19927,752,3,mercado,16.34,2025-04-13
19928,395,7,libros,21.06,2025-10-15
19929,47,3,mercado,82.19,2025-06-13
19930,89,2,mercado,106.68,2025-10-14
19931,499,3,electronica,788.65,2025-05-14
19932,605,3,electronica,144.76,2025-08-01
19933,642,2,deportes,255.54,2025-03-18
19934,414,1,electronica,32.04,2025-04-17
19935,164,2,deportes,49.92,2025-07-03
19936,593,2,mercado,13.75,2025-01-20
19937,283,3,mercado,89.51,2025-12-14
19938,479,1,mercado,17.37,2025-07-17
19939,620,3,ropa,96.53,2025-03-26
19940,596,2,electronica,82.0,2025-07-11
19941,573,2,electronica,693.6,2025-12-04
19942,754,2,electronica,72.29,2025-10-15
19943,262,1,hogar,136.08,2025-02-02
19944,30,1,electronica,1097.5,2025-01-18
19945,778,2,mercado,13.29,2025-05-06
19946,278,5,hogar,154.53,2025-09-25
19947,576,2,electronica,225.14,2025-01-01
19948,619,1,ropa,53.74,2025-08-12
19949,482,2,juguetes,20.68,2025-11-22
19950,711,2,hogar,38.3,2025-10-08
19951,223,1,hogar,63.94,2025-04-05
19952,556,1,mercado,93.2,2025-05-25
19953,614,1,hogar,109.54,2025-03-02
19954,28,4,mercado,121.73,2025-08-25
19955,248,2,deportes,63.04,2025-01-19
19956,530,3,mercado,48.46,2025-11-18
19957,604,2,electronica,160.57,2025-12-06
19958,373,2,electronica,170.58,2025-11-18
19959,39,3,electronica,7.53,2025-11-16
19960,46,4,electronica,5.71,2025-07-12
19961,175,5,electronica,126.31,2025-11-15
19962,4,1,deportes,108.04,2025-01-01
19963,631,4,ropa,70.27,2025-07-12
19964,689,3,electronica,407.34,2025-03-22
19965,780,4,hogar,117.43,2025-09-23
19966,569,3,deportes,33.89,2025-05-20
19967,338,1,hogar,66.59,2025-12-06
19968,97,2,mercado,13.29,2025-01-10
19969,334,1,ropa,60.12,2025-04-28
19970,383,2,hogar,18.73,2025-12-06
19971,664,3,mercado,34.65,2025-04-22
19972,644,4,ropa,35.92,2025-04-16
19973,222,2,electronica,749.68,2025-01-01
19974,345,3,mercado,12.91,2025-08-19
19975,320,2,deportes,16.75,2025-06-10
19976,499,4,electronica,363.43,2025-12-06
19977,670,3,hogar,53.74,2025-08-02
19978,458,2,deportes,48.94,2025-09-14
19979,791,7,juguetes,47.09,2025-03-08
19980,684,2,hogar,28.24,2025-07-14
19981,97,3,mercado,122.42,2025-10-22
19982,179,7,ropa,378.93,2025-09-25
19983,502,2,electronica,368.24,2025-11-18
19984,367,2,mercado,56.31,2025-10-03
19985,477,5,mercado,48.75,2025-05-23
19986,312,2,hogar,112.18,2025-07-02
19987,27,2,electronica,285.36,2025-07-08
19988,540,1,deportes,153.4,2025-03-27
19989,645,4,hogar,178.81,2025-01-22
19990,358,2,electronica,142.24,2025-12-15
19991,214,5,mercado,41.24,2025-01-07
19992,33,1,electronica,133.36,2025-03-26
19993,662,1,electronica,469.76,2025-01-06
19994,251,6,ropa,13.16,2025-10-15
19995,356,2,mercado,38.99,2025-03-02
19996,372,6,electronica,186.17,2025-12-09
19997,518,2,electronica,346.91,2025-05-10
19998,470,2,libros,35.47,2025-09-06
19999,149,2,ropa,158.85,2025-02-21
20000,615,2,electronica,795.62,2025-02-11
